repeat,seed,index,identifier,label,test_fold,PCA64-SRC (initial reference),AntiDMPpred-RF (reimplemented),RBF-SVM,Gradient Boosting,Logistic Regression
0,6,0,20|1|training,1,3,0.6835536046998025,0.7051792828685259,0.7308568646380662,0.7938646069317633,0.6410593652225652
0,6,1,21|1|training,1,2,0.5587716788698899,0.649402390438247,0.9748580120842096,0.6235253062369024,0.9989170647100813
0,6,2,22|1|training,1,3,0.48621814684080605,0.8047808764940239,0.9037096612356152,0.7941307456734678,0.9951785574617582
0,6,3,35|1|training,1,2,0.46907609957722846,0.6095617529880478,0.8745345242799779,0.6982701168996942,0.9960370610287328
0,6,4,38|1|training,1,1,0.5866412622738169,0.6334661354581673,0.5996577558932362,0.8064202705473175,0.8014805244489007
0,6,5,39|1|training,1,4,0.4287623773565937,0.5737051792828686,0.7406636629852371,0.6107969404875541,0.7788141479734391
0,6,6,40|1|training,1,0,0.566473014770669,0.5896414342629482,0.628343564864145,0.818911539401229,0.8453970880632369
0,6,7,54|1|training,1,4,0.6203049036957532,0.5657370517928287,0.7233364158014002,0.7591371650666049,0.8454171153950794
0,6,8,55|1|training,1,1,0.5238695265601017,0.5776892430278885,0.523431027964534,0.4458817414128896,0.378802648541386
0,6,9,56|1|training,1,3,0.5989088688293546,0.6733067729083665,0.924085808601941,0.7448632887336706,0.9981051601935386
0,6,10,57|1|training,1,1,0.6077740296693737,0.8047808764940239,0.9575907113541664,0.9549969267158046,0.9998587089853314
0,6,11,58|1|training,1,1,0.5498283543959105,0.6175298804780877,0.6172946806719635,0.3078674276644361,0.26738753660072406
0,6,12,59|1|training,1,3,0.719528829268773,0.8007968127490039,0.966153448343451,0.8928379405099562,0.9979561541833344
0,6,13,60|1|training,1,0,0.6758900110777324,0.796812749003984,0.9536363144529455,0.9042431689947499,0.9994227121802525
0,6,14,62|1|training,1,3,0.5562480710299649,0.649402390438247,0.7587109254936236,0.6278644419421923,0.8652346809647612
0,6,15,64|1|training,1,3,0.44838811183837607,0.6892430278884463,0.7331842952352854,0.697287541377711,0.9853516520378606
0,6,16,77|1|training,1,3,0.6143757427679464,0.5179282868525896,0.3517091784100334,0.390188693049647,0.00746906463131939
0,6,17,117|1|training,1,1,0.4144387951511931,0.27091633466135456,0.20685210449868546,0.12854213810683376,0.002850104061000666
0,6,18,118|1|training,1,1,0.5365209060909836,0.4103585657370518,0.17841823228964443,0.22500738712247723,0.016537722339078506
0,6,19,119|1|training,1,1,0.659012275033617,0.8685258964143426,0.9065833485611474,0.9489245744962276,0.9986233614823299
0,6,20,120|1|training,1,2,0.5164656229798673,0.6533864541832669,0.837342684112731,0.4770943715440998,0.7783313272485708
0,6,21,121|1|training,1,4,0.573799164828206,0.6294820717131474,0.9213883103365917,0.7093424081391099,0.9987136134079562
0,6,22,123|1|training,1,0,0.7212938761708693,0.8406374501992032,0.9908187660155194,0.9390579781124258,0.9982855802395316
0,6,23,124|1|training,1,3,0.5320356289428123,0.6334661354581673,0.6682305758969621,0.6091904502086097,0.9949490100653937
0,6,24,125|1|training,1,0,0.5236990437875008,0.7091633466135459,0.773503704433029,0.8065946655514771,0.9708303222430477
0,6,25,126|1|training,1,3,0.6272621547424001,0.701195219123506,0.8991401681722769,0.8020318700630122,0.9981313925042918
0,6,26,128|1|training,1,2,0.5930846046575821,0.5976095617529881,0.6441201480367906,0.6999012378389986,0.8485032131754815
0,6,27,129|1|training,1,2,0.5250223639855958,0.7569721115537849,0.48737369057064955,0.9067824995633721,0.07623920044621951
0,6,28,130|1|training,1,0,0.5456741097080124,0.7450199203187251,0.8924312545306669,0.9521292760921671,0.9977994307183538
0,6,29,131|1|training,1,4,0.5370147728119491,0.5219123505976095,0.5,0.2693094866517405,0.7471781169892928
0,6,30,133|1|training,1,1,0.5940397963345061,0.7211155378486056,0.9479490731184285,0.9034032397643996,0.9927096174435391
0,6,31,134|1|training,1,0,0.6036965040337611,0.7211155378486056,0.7464878718282516,0.9296814145619515,0.5716944099185055
0,6,32,135|1|training,1,2,0.5247520237086545,0.5577689243027888,0.7454595315860887,0.6233805500165731,0.7340895783174163
0,6,33,136|1|training,1,3,0.5540393313029705,0.6852589641434262,0.9166195813213834,0.7799248996507514,0.9951518454770789
0,6,34,143|1|training,1,4,0.6806756267633463,0.6693227091633466,0.8654887096998798,0.7376436027788839,0.9996786089888655
0,6,35,145|1|training,1,0,0.6357793679711853,0.4900398406374502,0.5318301789215782,0.31180594974174924,0.8491166680600476
0,6,36,155|1|training,1,2,0.5381326677406598,0.5976095617529881,0.21110702236664114,0.37117585511507756,0.02819503296100538
0,6,37,169|1|training,1,0,0.47256520000066754,0.5139442231075697,0.2996989220175313,0.5057123225875853,0.05859626766481269
0,6,38,172|1|training,1,3,0.5385872910953644,0.5378486055776892,0.4498294378675614,0.39749545796869856,0.8588696676279728
0,6,39,173|1|training,1,2,0.42831862118844305,0.4900398406374502,0.12117826263383588,0.36703474943947023,0.08466291032856818
0,6,40,174|1|training,1,2,0.5933128314055919,0.6733067729083665,0.8808089340596283,0.8474651250689229,0.9998904058406676
0,6,41,177|1|training,1,0,0.6242476488111957,0.6414342629482072,0.3427583362045643,0.8475241857062549,0.03732477230734423
0,6,42,179|1|training,1,1,0.7327799681288278,0.3784860557768924,0.7645500351538437,0.4393689267951742,0.9680838100551115
0,6,43,200|1|training,1,3,0.380684405818086,0.4860557768924303,0.5122340979225933,0.588340867304081,0.8497193286269512
0,6,44,201|1|training,1,2,0.6338763976709382,0.6215139442231076,0.6550194010481236,0.40368212171111983,0.7610502238451632
0,6,45,202|1|training,1,2,0.5442548787003092,0.46613545816733065,0.37841004183441507,0.6545142452115316,0.7211928926073695
0,6,46,299|1|training,1,1,0.40167756140836186,0.4063745019920319,0.15355293566904088,0.2700352581836407,0.00016375586986832884
0,6,47,300|1|training,1,4,0.4391429162273108,0.49800796812749004,0.28546659858105244,0.7540688138972078,0.00020532419187933198
0,6,48,301|1|training,1,3,0.540051338029989,0.5298804780876494,0.47732633503804983,0.6167188142758795,0.6666411456655686
0,6,49,302|1|training,1,1,0.6754027168674132,0.5657370517928287,0.552104827043598,0.6771790084820095,0.20582490401366849
0,6,50,309|1|training,1,3,0.5213323856072812,0.5936254980079682,0.8426048750389687,0.7369988042585213,0.999780078677516
0,6,51,310|1|training,1,1,0.6723933229267638,0.7928286852589641,0.9549190098549757,0.9368975993777413,0.9887520940897333
0,6,52,311|1|training,1,1,0.4906918702842745,0.4860557768924303,0.5134812219783886,0.38593979047250054,0.7156978778544448
0,6,53,312|1|training,1,2,0.6753229455205413,0.50199203187251,0.8355433846068517,0.57628255203285,0.9954392871729671
0,6,54,313|1|training,1,4,0.5702232932307064,0.5139442231075697,0.7120516654755293,0.4127810613146725,0.9944118595102547
0,6,55,315|1|training,1,1,0.6904322050699158,0.7051792828685259,0.8751212178104667,0.733892412801295,0.9481323727224344
0,6,56,318|1|training,1,3,0.7423481929691567,0.8446215139442231,0.8984523698113974,0.9286919531576038,0.9879783498826614
0,6,57,320|1|training,1,1,0.5068162260675002,0.5657370517928287,0.6581718622449167,0.6031512279952854,0.9997256501735324
0,6,58,321|1|training,1,4,0.6171298280678498,0.5338645418326693,0.6576694632266273,0.7936596109600285,0.9963509183278587
0,6,59,322|1|training,1,4,0.5251121521990921,0.27091633466135456,0.45756989937805825,0.14566434424388355,0.7339575197047871
0,6,60,323|1|training,1,2,0.6801911264406968,0.7609561752988048,0.9620502386172897,0.8964954843945511,0.9901935856136633
0,6,61,324|1|training,1,2,0.5587585558666472,0.49800796812749004,0.7893104105072308,0.5780864469758653,0.9780349564396787
0,6,62,325|1|training,1,2,0.6495068955738406,0.41434262948207173,0.616870531519694,0.39085757468092325,0.019559542128267302
0,6,63,326|1|training,1,1,0.6115021159672017,0.5139442231075697,0.9470652653817616,0.4368749583595866,0.9999607904767726
0,6,64,327|1|training,1,2,0.7494512184875948,0.5737051792828686,0.9694368531593813,0.75846624648091,0.999634654679797
0,6,65,328|1|training,1,3,0.5614105911080122,0.5099601593625498,0.5622921949015806,0.4102702738937609,0.8355884231914508
0,6,66,352|1|training,1,0,0.5353893720682467,0.545816733067729,0.3644682732960276,0.7988129440493876,0.8137095824426306
0,6,67,353|1|training,1,4,0.6699744765516998,0.5577689243027888,0.8985781830320748,0.18591070163530035,0.6642919221992318
0,6,68,359|1|training,1,0,0.5945559906817569,0.749003984063745,0.9319476386920418,0.8550226742466931,0.9464651311292835
0,6,69,386|1|training,1,2,0.5777369325148985,0.6852589641434262,0.7356894190151297,0.7837918151570284,0.18776301962371916
0,6,70,398|1|training,1,0,0.5812267224001565,0.649402390438247,0.8101225329587518,0.6585683416347798,0.9988260522371408
0,6,71,421|1|training,1,0,0.5340507230357584,0.5776892430278885,0.7951215686797571,0.4466613806495981,0.9261502157092244
0,6,72,451|1|training,1,0,0.5281193712430318,0.649402390438247,0.8739121632608804,0.4653083106765914,0.9661825753312692
0,6,73,454|1|training,1,0,0.659307992883036,0.6533864541832669,0.895546387060044,0.7819049671202917,0.9905730960143332
0,6,74,490|1|training,1,0,0.7015042572734033,0.4581673306772908,0.7359997763486232,0.5347625074970866,0.7447035322056546
0,6,75,531|1|training,1,1,0.6364273843073043,0.6573705179282868,0.8961970385100343,0.8300925225590499,0.9994755153173551
0,6,76,549|1|training,1,0,0.7976469590815622,0.6055776892430279,0.9380516693614851,0.7046736383615552,0.9796922476077113
0,6,77,569|1|training,1,4,0.48516482928552385,0.6175298804780877,0.809586958697712,0.8351607693380915,0.9708890711822924
0,6,78,571|1|training,1,4,0.7743826584807566,0.7091633466135459,0.9467396437355902,0.5850526127480753,0.9930344461544742
0,6,79,574|1|training,1,3,0.4104189433176958,0.3705179282868526,0.5,0.2831768159314585,0.7018321654746389
0,6,80,575|1|training,1,2,0.565053075873553,0.7211155378486056,0.7298581037271212,0.8927321767342131,0.8518858951663565
0,6,81,588|1|training,1,1,0.4676221204717225,0.36254980079681276,0.23781365763660334,0.21154725072689112,0.9028998522704722
0,6,82,615|1|training,1,3,0.6929630304956227,0.6374501992031872,0.76979550452526,0.5667111692912851,0.9998712567452301
0,6,83,618|1|training,1,2,0.7209601495340073,0.7370517928286853,0.9421101975714808,0.7511438126959843,0.9997537080708739
0,6,84,624|1|training,1,3,0.6126391662277978,0.5617529880478087,0.2644516965627074,0.47478001759409766,0.014137355756069971
0,6,85,638|1|training,1,1,0.6311415693301093,0.6374501992031872,0.8429842236693806,0.5772821958506226,0.9979872408159336
0,6,86,644|1|training,1,3,0.6029203667367852,0.6533864541832669,0.8365111548683515,0.7614399188402317,0.9989107841365484
0,6,87,659|1|training,1,0,0.7991418084180782,0.8326693227091634,0.9701750368542488,0.8643124799497456,0.9954676734031678
0,6,88,681|1|training,1,1,0.5740671094694131,0.6294820717131474,0.6283219834226011,0.8746199456257833,0.8574206399061021
0,6,89,706|1|training,1,1,0.49326250679421785,0.5179282868525896,0.5055315719255971,0.5693058095234205,0.41329622312444064
0,6,90,707|1|training,1,1,0.3894049034715665,0.5816733067729084,0.9371596722749036,0.6731987746897532,0.9987533646533813
0,6,91,708|1|training,1,3,0.5585564495628508,0.5976095617529881,0.9317756199248293,0.6166077603884623,0.9999028863345795
0,6,92,709|1|training,1,1,0.6143239555446892,0.7529880478087649,0.9801418457713253,0.9141325489134818,0.9999985774580077
0,6,93,710|1|training,1,0,0.6062999007262195,0.6772908366533864,0.8006156518845418,0.9021511468269825,0.9492212898597767
0,6,94,711|1|training,1,4,0.4686336488209076,0.5816733067729084,0.7555787010060664,0.4864195845141659,0.8883529259986535
0,6,95,712|1|training,1,2,0.6443938637067216,0.6454183266932271,0.7831252661749412,0.7267765115665173,0.9949498279685968
0,6,96,713|1|training,1,3,0.6947871876671344,0.6254980079681275,0.872539014405111,0.6901632814837142,0.9842722355942976
0,6,97,714|1|training,1,0,0.5282151493197186,0.4900398406374502,0.628053377794546,0.382059858108288,0.9921788287469493
0,6,98,715|1|training,1,3,0.6037275968085866,0.5617529880478087,0.7996521306781381,0.301095348672696,0.999510675636048
0,6,99,716|1|training,1,3,0.5349054918068263,0.6454183266932271,0.845953573163086,0.8135796792137616,0.9971250555475223
0,6,100,717|1|training,1,1,0.5551926982660651,0.50199203187251,0.7141618705720546,0.5168342918176243,0.9954998740181921
0,6,101,718|1|training,1,3,0.4593554080243773,0.4103585657370518,0.3582128503311392,0.24265955857457105,0.3749089317950102
0,6,102,719|1|training,1,0,0.4927737694707979,0.41434262948207173,0.418873156605847,0.5362128210752115,0.6493749970472028
0,6,103,720|1|training,1,2,0.657329406450811,0.7569721115537849,0.9186806974895689,0.7584174011183155,0.7957579667944028
0,6,104,721|1|training,1,3,0.501811661174124,0.7689243027888446,0.8284108770884008,0.9157263993902989,0.9742118400330251
0,6,105,722|1|training,1,0,0.7121550661511309,0.5936254980079682,0.924388494002611,0.5285355942054812,0.9983594254277183
0,6,106,724|1|training,1,3,0.6159986228338908,0.6454183266932271,0.7135934063337427,0.5620825430403799,0.6974059115750194
0,6,107,725|1|training,1,3,0.5729239849550649,0.6254980079681275,0.6646449767796143,0.5128462295688563,0.9998850204227474
0,6,108,726|1|training,1,4,0.5251642685683495,0.3665338645418327,0.6206951361431686,0.39585365550631546,0.8923030734252777
0,6,109,727|1|training,1,4,0.39626781673609485,0.5936254980079682,0.16380518380025993,0.3706903234794401,0.009656709274848652
0,6,110,728|1|training,1,0,0.6522987075995517,0.8286852589641435,0.9247892217913835,0.9362534856925775,0.9335350856638968
0,6,111,729|1|training,1,1,0.6802269506563567,0.7171314741035857,0.8249946202533828,0.7532020708403432,0.9977633521134509
0,6,112,733|1|training,1,4,0.6436324330652171,0.6215139442231076,0.7531173909961476,0.8383249265280347,0.9990139250602399
0,6,113,734|1|training,1,4,0.6279161548359694,0.5936254980079682,0.8182975200496044,0.5704807361949488,0.687139828796373
0,6,114,824|1|training,1,0,0.7434768703407312,0.6095617529880478,0.8034406122466952,0.9227660884684581,0.921665069595238
0,6,115,838|1|training,1,3,0.6432913541576756,0.6693227091633466,0.8676769940931315,0.6334768139486828,0.9164127190361278
0,6,116,893|1|training,1,3,0.5842097753969029,0.6812749003984063,0.7544694778752882,0.6937256730230458,0.38717667972331354
0,6,117,981|1|training,1,2,0.9138991709287836,0.7410358565737052,0.9693330851790043,0.9286659879109848,0.994336225316336
0,6,118,982|1|training,1,1,0.6223959972904357,0.4581673306772908,0.33874919575840773,0.48070538222455594,0.02334982461413761
0,6,119,995|1|training,1,2,0.6603160737113621,0.796812749003984,0.9999841920365311,0.8386139165251487,0.9998341834616349
0,6,120,1054|1|training,1,2,0.576611895678993,0.6294820717131474,0.7485810753770211,0.7035693485657272,0.9986820559131024
0,6,121,1095|1|training,1,4,0.5649570206137947,0.6812749003984063,0.6463591715954774,0.9266575861146379,0.9770468026837502
0,6,122,1100|1|training,1,0,0.3753911220768233,0.26693227091633465,0.0961273374132982,0.11854745293836273,0.09364700367887352
0,6,123,1115|1|training,1,1,0.6933701082893328,0.545816733067729,0.6375743334927734,0.46871309423305935,0.8574112595879327
0,6,124,1116|1|training,1,0,0.689282538624753,0.50199203187251,0.467309704708588,0.3699018600214349,0.2515876592815017
0,6,125,1126|1|training,1,2,0.6491234115056971,0.4541832669322709,0.3506299476301406,0.22619651766490087,0.9144976213817326
0,6,126,1127|1|training,1,4,0.5198772967336427,0.6215139442231076,0.7479470019570413,0.8632470391136847,0.9769476222241282
0,6,127,1139|1|training,1,0,0.6489318799817129,0.35856573705179284,0.3529422651882178,0.18265713771107672,0.1816640696866923
0,6,128,1151|1|training,1,2,0.5564182834874094,0.5258964143426295,0.49020532783758136,0.5640413899244748,0.11409282676569715
0,6,129,1152|1|training,1,4,0.821544432923175,0.5298804780876494,0.8277953446082601,0.17988038051111235,0.948030876167061
0,6,130,1153|1|training,1,1,0.38817163261519105,0.7370517928286853,0.8276044671899756,0.898922390120595,0.8827107006802072
0,6,131,1180|1|training,1,0,0.682449790547515,0.852589641434263,0.9374729984435197,0.8720784112727804,0.9836663100218294
0,6,132,1233|1|training,1,1,0.42988722817338376,0.601593625498008,0.5227800797306714,0.7180329471568205,0.8106215364061651
0,6,133,1234|1|training,1,4,0.7557856847003862,0.8007968127490039,0.6624393581233943,0.8053993318928392,0.9989060282645205
0,6,134,1235|1|training,1,0,0.5739047089698147,0.47808764940239046,0.6473542197936056,0.235652256385537,0.9889664566929116
0,6,135,1236|1|training,1,4,0.5236734713225466,0.4900398406374502,0.7556156606601678,0.621688375560482,0.9906940466901416
0,6,136,1238|1|training,1,3,0.749663135755788,0.6414342629482072,0.7387977540566523,0.6079326819633216,0.9977236849304522
0,6,137,1245|1|training,1,2,0.7528201485138653,0.6294820717131474,0.8993633956078738,0.8548037701336639,0.9999852749266274
0,6,138,1247|1|training,1,2,0.5659378228888009,0.4541832669322709,0.7005141043951637,0.5885965374529675,0.9967913334527922
0,6,139,1256|1|training,1,2,0.5924787236835909,0.7250996015936255,0.8249714638467904,0.9031192868709655,0.8404678403477801
0,6,140,1258|1|training,1,1,0.6125990368323236,0.8725099601593626,0.9529318457425257,0.8753680185979863,0.9996567486943974
0,6,141,1260|1|training,1,3,0.49312079994234187,0.6613545816733067,0.6458289976500684,0.38684458842480074,0.129810017492952
0,6,142,1276|1|training,1,0,0.3956339074131318,0.450199203187251,0.46191116370129826,0.24281133242709066,0.06047321195886863
0,6,143,1277|1|training,1,0,0.5332311774185015,0.6374501992031872,0.7616287931189518,0.7002439033654092,0.9584427175626502
0,6,144,1279|1|training,1,3,0.670413027773201,0.7051792828685259,0.8699462567721704,0.8450096498679855,0.9980824840692052
0,6,145,1280|1|training,1,4,0.4760351019787524,0.398406374501992,0.4906685922538078,0.2606441756803869,0.9832663944748193
0,6,146,1281|1|training,1,4,0.5902235787537542,0.796812749003984,0.6795618684785164,0.8206100845650594,0.6190458586931836
0,6,147,1289|1|training,1,3,0.6456864731480035,0.6613545816733067,0.92940068502026,0.5579728184534444,0.9988627690280402
0,6,148,1303|1|training,1,1,0.4454332400012746,0.6374501992031872,0.6515508968742202,0.8757195137385436,0.9170354653454784
0,6,149,1305|1|training,1,4,0.7254554306135476,0.5697211155378487,0.7278790237114378,0.3311867344633559,0.5696387179545407
0,6,150,1307|1|training,1,3,0.670458528118323,0.44223107569721115,0.8201212357243816,0.42702975077898175,0.999780026211327
0,6,151,1309|1|training,1,3,0.4342211941024163,0.5338645418326693,0.33188881056263053,0.40600625894207626,0.0023638102744682667
0,6,152,1320|1|training,1,2,0.5676414459889464,0.796812749003984,0.9838531512744946,0.8545157442155669,0.999871379810303
0,6,153,1322|1|training,1,4,0.6536008167365548,0.6892430278884463,0.946622780969732,0.841986945374191,0.9999056735948211
0,6,154,1324|1|training,1,0,0.778198545577697,0.6693227091633466,0.9292187011064472,0.7780631331155972,0.9998352281127298
0,6,155,1326|1|training,1,3,0.7160690350306315,0.6693227091633466,0.888093645036645,0.6606905033361761,0.942222291201885
0,6,156,1328|1|training,1,3,0.3792156558786002,0.5577689243027888,0.6265483656660442,0.8059101813523271,0.9854423082533893
0,6,157,1330|1|training,1,3,0.6321743932041536,0.701195219123506,0.8327334511723004,0.8062777669394846,0.9956773839487755
0,6,158,1332|1|training,1,4,0.7101695814897728,0.8406374501992032,0.9761531197490356,0.94149452497365,0.9999702214583328
0,6,159,1334|1|training,1,0,0.578963362210205,0.5059760956175299,0.5491732091294199,0.5607884266890307,0.5099091974222915
0,6,160,1336|1|training,1,4,0.5491811850053281,0.398406374501992,0.17554388586437453,0.33940453589017816,0.0007647907794611843
0,6,161,1338|1|training,1,4,0.42894545258779215,0.6613545816733067,0.35280262824967845,0.669229657660999,0.021461845749620678
0,6,162,1340|1|training,1,4,0.6514338512476361,0.7171314741035857,0.7734656598341176,0.8856471224167615,0.9809657534714796
0,6,163,1342|1|training,1,0,0.6358837031783602,0.6095617529880478,0.8255191279952839,0.483379242830794,0.9687449822663572
0,6,164,1344|1|training,1,4,0.7427418428621685,0.5896414342629482,0.8233552856584158,0.5658284484944036,0.963871663486353
0,6,165,1346|1|training,1,0,0.6208156395590233,0.7091633466135459,0.8228709070603016,0.8902061204141546,0.9276959372222635
0,6,166,1348|1|training,1,2,0.6804760669005444,0.7529880478087649,0.9481786573112286,0.7403725075650784,0.9869623613666907
0,6,167,1350|1|training,1,0,0.6134578254592639,0.6772908366533864,0.8718835631193801,0.830041882211382,0.9650465002154421
0,6,168,1352|1|training,1,0,0.7489425029881509,0.8167330677290837,0.9845654326241087,0.87874386422726,0.9973290180102529
0,6,169,1354|1|training,1,2,0.5692526670969511,0.7569721115537849,0.776060327950862,0.8742441257078183,0.80534440410698
0,6,170,1356|1|training,1,2,0.5536270455866847,0.5896414342629482,0.8722610587707441,0.6641035056258866,0.9499369386052939
0,6,171,1357|1|training,1,0,0.5459771678282322,0.5338645418326693,0.8359692485209101,0.6348233362946799,0.7080815641020864
0,6,172,1359|1|training,1,3,0.585426594255149,0.7330677290836654,0.9103615804388724,0.7858705386973731,0.9531579968387323
0,6,173,1361|1|training,1,3,0.390497277806501,0.5258964143426295,0.7677027282182277,0.4136270461344656,0.8796248747861265
0,6,174,1363|1|training,1,1,0.5237920327546396,0.8406374501992032,0.9199576327558314,0.8547136143043518,0.9956037455086155
0,6,175,1378|1|training,1,2,0.5465696690137622,0.49800796812749004,0.8807335383963953,0.33367792151215225,0.9754155310835854
0,6,176,1413|1|training,1,2,0.6099660674326649,0.49800796812749004,0.21354852555684103,0.5218789962227409,0.0012912935871441675
0,6,177,1550|1|training,1,4,0.5034243029485348,0.6055776892430279,0.6078591282014785,0.929081496676619,0.9958443068373926
0,6,178,1552|1|training,1,1,0.6446070132970112,0.6175298804780877,0.784131854642569,0.7754048714733677,0.9375196276698421
0,6,179,1553|1|training,1,0,0.4899071582141522,0.5537848605577689,0.4118585232129795,0.7604424531441738,0.008735032294449186
0,6,180,1556|1|training,1,4,0.7541015277383532,0.7131474103585658,0.6779298626376342,0.6988160428734261,0.9919563204744996
0,6,181,1560|1|training,1,1,0.4641073085714929,0.41434262948207173,0.30478853366540065,0.7326808315594043,0.019032898915014692
0,6,182,1563|1|training,1,0,0.7786923644468989,0.6294820717131474,0.8691047395334816,0.7528820247512756,0.9871423877376924
0,6,183,1564|1|training,1,2,0.5797890288398848,0.4063745019920319,0.5407489252292207,0.23329244792812664,0.949268365665469
0,6,184,1571|1|training,1,1,0.6952623439244542,0.6613545816733067,0.887158917533499,0.8650712993743221,0.9997151795685603
0,6,185,1580|1|training,1,4,0.3570831349378762,0.10358565737051793,0.07152949607228026,0.0517523016014685,4.628458769468488e-05
0,6,186,1582|1|training,1,1,0.6331144341412328,0.5896414342629482,0.7601885410207727,0.7394257862152217,0.9991290892890975
0,6,187,1583|1|training,1,4,0.6444361872858263,0.7649402390438247,0.9312213421082673,0.6462140230149697,0.9998539722347927
0,6,188,1594|1|training,1,1,0.5456382845225186,0.5976095617529881,0.4422714169953761,0.4481395304840513,0.15240199759259657
0,6,189,1629|1|training,1,0,0.8111756991203447,0.5378486055776892,0.8763622098228295,0.4626869865019541,0.9944433533870385
0,6,190,1639|1|training,1,0,0.4997235356689746,0.7649402390438247,0.761040816135461,0.8475891319256502,0.9885496350970553
0,6,191,1641|1|training,1,2,0.5745608898145637,0.6374501992031872,0.649673666767899,0.7578717228690338,0.5476567355031388
0,6,192,1646|1|training,1,1,0.46589173688272545,0.38645418326693226,0.13901561627817008,0.19030719010336392,0.0003117147393901515
0,6,193,1647|1|training,1,3,0.5713424764965515,0.5059760956175299,0.6628195486783374,0.3641866880150582,0.9985255758325138
0,6,194,1655|1|training,1,1,0.6176897923573932,0.6374501992031872,0.8710743362413677,0.7211087230528184,0.9999059784808638
0,6,195,1656|1|training,1,1,0.6192724411550595,0.4820717131474104,0.4235661430655759,0.577910658800599,0.062206671113257235
0,6,196,1660|1|training,1,2,0.5254490719646342,0.4701195219123506,0.8625842662685613,0.47580289750959387,0.9952685628485753
0,6,197,1662|1|training,1,4,0.5715578180896551,0.8007968127490039,0.5137302990597905,0.7461268688674956,0.13206229128253544
0,6,198,1663|1|training,1,4,0.7042610330453739,0.5896414342629482,0.8801397395079221,0.8544157606897234,0.999878580881677
0,6,199,1671|1|training,1,4,0.7282972866818673,0.47410358565737054,0.6928840073549667,0.7478240050927054,0.9931114518512854
0,6,200,1674|1|training,1,2,0.6062059518354413,0.5816733067729084,0.5917012544982473,0.782492469913405,0.7391072608262761
0,6,201,1675|1|training,1,3,0.6806151269322146,0.6334661354581673,0.7195101606823108,0.5857089223478769,0.9658106393465868
0,6,202,1680|1|training,1,4,0.6474778944759674,0.8207171314741036,0.9613880422370013,0.9541192955683496,0.9998493758137305
0,6,203,1728|1|training,1,3,0.5541208994822187,0.6374501992031872,0.5482930232304604,0.8938513127021402,0.004280329445255264
0,6,204,1729|1|training,1,2,0.6367138395534956,0.6215139442231076,0.9609064046842909,0.7786681851069002,0.9999901794513516
0,6,205,1741|1|training,1,1,0.5779607321103857,0.6613545816733067,0.6344548405437218,0.6946146425690386,0.9999956744129699
0,6,206,1753|1|training,1,0,0.469012087857038,0.6294820717131474,0.5763602162006303,0.846416615547307,0.974677866517089
0,6,207,1756|1|training,1,3,0.5090462180245303,0.5139442231075697,0.47548377070800674,0.1846418285288604,0.8966109529503378
0,6,208,1759|1|training,1,2,0.4130153422088635,0.41434262948207173,0.1905628457563705,0.2242597252589081,0.0548302790413274
0,6,209,1770|1|training,1,2,0.5872000581815705,0.6215139442231076,0.5530805164602863,0.7543315477444009,0.7437229501398859
0,6,210,1771|1|training,1,4,0.6548453986918865,0.50199203187251,0.5392815215562354,0.7502873260178173,0.2352057320797909
0,6,211,1772|1|training,1,0,0.4193298353240943,0.44621513944223107,0.5359889691040651,0.5078109076254561,0.9987725544064199
0,6,212,1793|1|training,1,4,0.38495216507015545,0.6533864541832669,0.35627206785768367,0.6633416845479936,0.11815336937392244
0,6,213,1794|1|training,1,4,0.4048103402583648,0.5179282868525896,0.28557964114963263,0.40524144862695444,0.08965865699423901
0,6,214,1795|1|training,1,2,0.3807604899902825,0.4063745019920319,0.21269116570144087,0.362312415286101,0.024096414642302617
0,6,215,1802|1|training,1,0,0.4960993541121004,0.649402390438247,0.559455724519545,0.3322560562800624,0.5433576628450137
0,6,216,1833|1|training,1,4,0.520069418207367,0.6095617529880478,0.40933241912254237,0.3530767358182798,0.837237188209998
0,6,217,1855|1|training,1,1,0.6431247457386388,0.4302788844621514,0.3903805233809598,0.40316427261478405,0.9998460000420252
0,6,218,1860|1|training,1,2,0.6018242520216442,0.47808764940239046,0.2782536038810801,0.5130248742082991,0.17915574003703846
0,6,219,1875|1|training,1,3,0.665085942736153,0.5657370517928287,0.6701228945099899,0.6652360419103122,0.9921631469786321
0,6,220,1876|1|training,1,0,0.4329760259238685,0.4940239043824701,0.6498294746339741,0.5065127248109466,0.9785172798553157
0,6,221,1877|1|training,1,3,0.6391053666510876,0.4820717131474104,0.16887869844149064,0.2624916700000341,1.054005340286061e-05
0,6,222,1878|1|training,1,1,0.7376002119078667,0.7928286852589641,0.9069167716017443,0.9522526963183938,0.9999999803407892
0,6,223,1879|1|training,1,1,0.6270228309195058,0.6613545816733067,0.9256543572510617,0.8422138168295811,0.9999688288855116
0,6,224,1880|1|training,1,0,0.6440083620481616,0.5617529880478087,0.8306717298102768,0.6044717144372294,0.9912364758040253
0,6,225,1881|1|training,1,0,0.48448199238854084,0.2788844621513944,0.28060029629401495,0.3052401777890246,0.3877046176764295
0,6,226,1882|1|training,1,1,0.5685765613985065,0.450199203187251,0.4086717381072393,0.4440271322593201,0.4674133872514374
0,6,227,2003|1|training,1,1,0.5281236494920813,0.5776892430278885,0.7102693814258632,0.5157430632305604,0.9832458313981254
0,6,228,2022|1|training,1,4,0.4742661524392732,0.43824701195219123,0.4177902359723867,0.32512676862035134,0.08330793911951817
0,6,229,2032|1|training,1,1,0.633930058304311,0.6454183266932271,0.604683183350885,0.8089849566296948,0.9996036068704129
0,6,230,2038|1|training,1,2,0.6042848006044519,0.4701195219123506,0.18886726886416363,0.16707883983032693,0.04900828683327998
0,6,231,2039|1|training,1,2,0.5807713109964459,0.398406374501992,0.2273604154666854,0.5037896339289052,0.02511017780502188
0,6,232,2050|1|training,1,4,0.5368329845989969,0.41434262948207173,0.5993570965578479,0.32818570551718446,0.9866186832093313
0,6,233,2057|1|training,1,4,0.3689286536219639,0.40239043824701193,0.2139023522827016,0.1890249476989178,0.004089798539100954
0,6,234,2060|1|training,1,4,0.5707311624643697,0.549800796812749,0.3733014202644772,0.8128331053532184,0.14194354499391745
0,6,235,2071|1|training,1,2,0.5003450927283832,0.3545816733067729,0.16197435581766115,0.23456484027415303,0.001915920782496933
0,6,236,1|0|training,0,0,0.3392527736948832,0.08764940239043825,0.1663752916238637,0.0439507714327701,1.2526226604716523e-05
0,6,237,2|0|training,0,0,0.4968104064975131,0.350597609561753,0.37111547417483887,0.20786280149585146,0.698338260764523
0,6,238,3|0|training,0,0,0.49372497143814864,0.4342629482071713,0.31905870656781843,0.1869507895151328,0.4148421035483587
0,6,239,4|0|training,0,2,0.4445033394753133,0.10756972111553785,0.17093175167181154,0.1333984152280909,0.019227601182057224
0,6,240,5|0|training,0,3,0.5051762582517682,0.29880478087649404,0.3472558400245826,0.16520690599013219,0.10930925917650064
0,6,241,6|0|training,0,1,0.26566175338474124,0.41832669322709165,0.21772373541635198,0.32672561784316895,0.0004726654463253617
0,6,242,7|0|training,0,3,0.3961973731830696,0.4342629482071713,0.29919258783228747,0.26232344980858335,0.14855738563890175
0,6,243,8|0|training,0,1,0.340925942844443,0.12749003984063745,0.027788316934894162,0.06500692713464155,8.922144700726202e-07
0,6,244,9|0|training,0,2,0.4031722948873042,0.46613545816733065,0.15502379124078214,0.37438418554215824,0.021203411633263926
0,6,245,10|0|training,0,4,0.25015679633004534,0.22709163346613545,0.3059767079731459,0.07532364931311093,0.9893513677854291
0,6,246,11|0|training,0,4,0.4874688189565867,0.41832669322709165,0.2924592611395661,0.35993392778796973,0.13856307242046012
0,6,247,12|0|training,0,1,0.7268613759900584,0.6613545816733067,0.46382785012037797,0.5117134860109377,0.9999198195485595
0,6,248,13|0|training,0,2,0.49468130290401685,0.36254980079681276,0.23044478372180513,0.27688570672737217,0.9754031030215785
0,6,249,14|0|training,0,3,0.5837394164501585,0.47808764940239046,0.6078501764260665,0.7577289779772844,0.9783593570807907
0,6,250,15|0|training,0,0,0.4690617529920092,0.42231075697211157,0.3849741224669059,0.15534316551057986,0.838579019418289
0,6,251,16|0|training,0,1,0.18875713930969745,0.1553784860557769,0.06408918481117254,0.16048199357329035,0.01015505310675335
0,6,252,17|0|training,0,0,0.47661582180749396,0.18725099601593626,0.2796959485690585,0.17387021650535175,0.418576591148564
0,6,253,18|0|training,0,4,0.3022158623731896,0.21115537848605578,0.2864374519692426,0.05976854280255726,0.07929457184210986
0,6,254,19|0|training,0,1,0.5559431788987258,0.43824701195219123,0.38627214939176346,0.27832818608464893,0.034326850603435544
0,6,255,20|0|training,0,3,0.37672089488803645,0.41434262948207173,0.17534845293645593,0.7634883435353215,0.01126349973032221
0,6,256,21|0|training,0,3,0.2569603602376763,0.1553784860557769,0.16269978255764983,0.05169791351882865,0.012047691882807951
0,6,257,22|0|training,0,4,0.5441134388933484,0.5378486055776892,0.2843638562253864,0.4408185786547305,0.9667709438466601
0,6,258,23|0|training,0,0,0.28631285428871156,0.10358565737051793,0.053044787504480426,0.030329192169459247,2.9670925997372743e-05
0,6,259,24|0|training,0,2,0.4134071457766124,0.16334661354581673,0.13767631125596685,0.047118686731284894,1.45244877667806e-11
0,6,260,25|0|training,0,2,0.26877213558027535,0.18326693227091634,0.037562876636167225,0.29855775374134663,0.0002581438235311134
0,6,261,26|0|training,0,0,0.14714194092528995,0.035856573705179286,0.06539410774172436,0.10841021077996454,0.055907711130507264
0,6,262,27|0|training,0,4,0.5475173207722369,0.6733067729083665,0.6354585279996106,0.6216192278671115,0.97604737175395
0,6,263,28|0|training,0,1,0.46583789638776957,0.3745019920318725,0.3502285149704069,0.3558519673965232,0.11671333375787725
0,6,264,29|0|training,0,4,0.21065147098725753,0.099601593625498,0.06712815521589387,0.13616693701099736,4.9400670811173984e-05
0,6,265,30|0|training,0,0,0.2241782544536661,0.3545816733067729,0.1776181616881323,0.259840663349236,0.20060968737217075
0,6,266,31|0|training,0,2,0.17915764059179026,0.1593625498007968,0.02857518212379737,0.1845549282355216,0.00011194451748411266
0,6,267,32|0|training,0,3,0.22150245812834604,0.3187250996015936,0.07391363761068258,0.40890674311804504,0.0026722262706953526
0,6,268,33|0|training,0,1,0.23710077335225255,0.30278884462151395,0.10489112460958268,0.19768832721072224,0.00020829417850611455
0,6,269,34|0|training,0,4,0.5457502579453509,0.601593625498008,0.6418353078490195,0.7841076336859129,0.9798225596104192
0,6,270,35|0|training,0,1,0.49496273763468207,0.3426294820717131,0.34696911620016513,0.21083586946561064,0.012123381793497643
0,6,271,36|0|training,0,2,0.35551476383707137,0.5179282868525896,0.1611120601120221,0.49595343592986785,0.011034447036770605
0,6,272,37|0|training,0,0,0.3275815295143074,0.4063745019920319,0.3894135038969045,0.4216997814197257,0.2911194174601223
0,6,273,38|0|training,0,2,0.45183965500737155,0.41434262948207173,0.3399506451011841,0.6210792079825921,0.9383052777391933
0,6,274,39|0|training,0,1,0.6011418539639696,0.6135458167330677,0.5470350254156994,0.6224213238866485,0.9993790083039427
0,6,275,40|0|training,0,3,0.475375412829963,0.4860557768924303,0.47420020342780855,0.4526982783394157,0.885796587827029
0,6,276,41|0|training,0,1,0.33278528433870663,0.2908366533864542,0.1643815007992817,0.1270739817325713,0.04966053431370858
0,6,277,42|0|training,0,3,0.3206897121662929,0.4302788844621514,0.42495698435594814,0.20773791075228112,0.16732487086855452
0,6,278,43|0|training,0,3,0.4435750405688817,0.38247011952191234,0.24768782821328786,0.1977900625694443,0.006770219229131147
0,6,279,44|0|training,0,3,0.32082707708962355,0.4063745019920319,0.45896106984997026,0.279313643602085,0.9811547683851358
0,6,280,45|0|training,0,1,0.40357797151437463,0.5139442231075697,0.3757522421322516,0.6101144267634332,0.4353941869854606
0,6,281,46|0|training,0,4,0.3647608961567456,0.450199203187251,0.5,0.4408920497056196,0.9847541154886978
0,6,282,47|0|training,0,2,0.4702775042020901,0.3745019920318725,0.3174718927247274,0.12100860564326607,0.7686592969885864
0,6,283,48|0|training,0,1,0.6918102293585379,0.6733067729083665,0.683297617754974,0.8093331754842534,0.9509366113920078
0,6,284,49|0|training,0,3,0.5926149466163272,0.350597609561753,0.4090669730193922,0.3189002654023288,0.6860132697204006
0,6,285,50|0|training,0,2,0.5396261049076133,0.6055776892430279,0.2692472957006906,0.6576235610515639,0.9551567602413775
0,6,286,51|0|training,0,0,0.2270473192649524,0.44223107569721115,0.0819619571410647,0.506130129001852,0.00025401838044963215
0,6,287,52|0|training,0,3,0.5635394769701714,0.43824701195219123,0.4875826065966375,0.7784248367193989,0.9999274866446839
0,6,288,53|0|training,0,0,0.6204411915296095,0.6852589641434262,0.5225978010546036,0.8841972305564484,0.9927263258330609
0,6,289,54|0|training,0,2,0.3206934012559507,0.5139442231075697,0.37782034057490266,0.3928102484693176,0.9786626164644452
0,6,290,55|0|training,0,3,0.5534593031470565,0.6175298804780877,0.5105720220419466,0.7181667035553749,0.3335666741600879
0,6,291,56|0|training,0,1,0.6111118776915465,0.7450199203187251,0.7731562288134456,0.8691506260516326,0.9965970986972249
0,6,292,57|0|training,0,2,0.4402996821374895,0.4063745019920319,0.14445928749016762,0.26892129812066023,0.039711594519262004
0,6,293,58|0|training,0,4,0.5562979127173415,0.6175298804780877,0.8086661335354458,0.3327816798004348,0.9816375403552363
0,6,294,59|0|training,0,4,0.10003049450902035,0.06772908366533864,0.06446505262362061,0.07255594340967038,0.00010714853536453185
0,6,295,60|0|training,0,3,0.4741379744466391,0.3187250996015936,0.4568782191172728,0.145322259708239,0.11016280077784749
0,6,296,61|0|training,0,0,0.07938165305388029,0.10756972111553785,0.029460128693800016,0.07887449779618133,0.0002701632263380362
0,6,297,62|0|training,0,2,0.4855640670541546,0.46613545816733065,0.6573352163462957,0.554257325704327,0.9808704912246365
0,6,298,63|0|training,0,1,0.17706656716257282,0.21115537848605578,0.09462362303468115,0.1693374816428791,0.02020914096170409
0,6,299,64|0|training,0,0,0.5842835078961169,0.5179282868525896,0.39649777211954745,0.6555105182907421,0.8662268870449439
0,6,300,65|0|training,0,4,0.4842409743061098,0.46215139442231074,0.22232314191135077,0.44692522301556536,0.0035472060100818982
0,6,301,66|0|training,0,3,0.3694226134674304,0.4581673306772908,0.25846810458093583,0.49522156099993203,0.11765605985858732
0,6,302,67|0|training,0,4,0.3286326965159407,0.12350597609561753,0.046224685056183844,0.06604796625479908,3.086438894942599e-06
0,6,303,68|0|training,0,1,0.25742714961987984,0.3386454183266932,0.13905073636089263,0.15111482870990064,0.015789459653727887
0,6,304,69|0|training,0,3,0.1856628907675316,0.2589641434262948,0.11609317290431032,0.37320553574220033,6.794810376021852e-06
0,6,305,70|0|training,0,4,0.18227032647326133,0.250996015936255,0.09030419265348363,0.13226128698412062,0.0003753805480396231
0,6,306,71|0|training,0,0,0.13401198557830687,0.250996015936255,0.11826700776907603,0.3618303501526841,0.3438629161711804
0,6,307,72|0|training,0,4,0.4457939042712098,0.41832669322709165,0.5571672618043292,0.5146659447227911,0.9814003460279744
0,6,308,73|0|training,0,0,0.36711387628350917,0.6135458167330677,0.5457032785607768,0.66714051149777,0.9822942152537902
0,6,309,74|0|training,0,3,0.4594947928161415,0.5298804780876494,0.5977352211534541,0.4434085121266858,0.9144477353004089
0,6,310,75|0|training,0,4,0.34093874363035165,0.5896414342629482,0.6834614522020859,0.7551459828756162,0.9991344913114752
0,6,311,76|0|training,0,1,0.4549195094259686,0.5537848605577689,0.3146755776375786,0.2915746655688809,0.22166176739667637
0,6,312,77|0|training,0,4,0.4508076609080306,0.5737051792828686,0.5650517868523945,0.7560043903158605,0.9960565072134995
0,6,313,78|0|training,0,2,0.26760118450312304,0.12749003984063745,0.03330004060748251,0.05758483168330781,5.523539207042199e-07
0,6,314,79|0|training,0,1,0.18411520878413223,0.22310756972111553,0.03374010425158882,0.25427993344111066,1.3800938330209143e-05
0,6,315,80|0|training,0,4,0.3738016285266511,0.38247011952191234,0.20132345861252163,0.11849071022749728,0.001310970171065
0,6,316,81|0|training,0,3,0.5388971069721548,0.5099601593625498,0.4277626010875125,0.6776829395681635,0.9664702768670637
0,6,317,82|0|training,0,4,0.515808678644422,0.41434262948207173,0.3048712897361878,0.30795516351082,0.1307217904207797
0,6,318,83|0|training,0,4,0.3554972130092177,0.5139442231075697,0.17616372939227298,0.5106012302431292,0.0012969443716615513
0,6,319,84|0|training,0,1,0.29344794787951195,0.199203187250996,0.1712417804789873,0.08063575628395711,0.004050658918932023
0,6,320,85|0|training,0,1,0.29050149327425395,0.3187250996015936,0.10925224316754009,0.1588274409870225,0.0012862023751216514
0,6,321,86|0|training,0,1,0.2522559566245261,0.16733067729083664,0.06859503426754794,0.05718590916586086,0.00016406104290815724
0,6,322,87|0|training,0,1,0.5629284490275526,0.5617529880478087,0.6287223819340199,0.2813924618527503,0.9988265551109847
0,6,323,88|0|training,0,0,0.6421918528622705,0.6653386454183267,0.6980644818520987,0.6888823621344838,0.9873764323945678
0,6,324,89|0|training,0,0,0.40754151313411524,0.17131474103585656,0.28047247755530996,0.08259633475118427,0.9992914765485665
0,6,325,90|0|training,0,3,0.4914148723607974,0.5418326693227091,0.6933721049789021,0.6051106814485797,0.9469628607593213
0,6,326,91|0|training,0,4,0.38970401056618137,0.6055776892430279,0.33530179908634594,0.66776859131738,0.04592273767116557
0,6,327,92|0|training,0,0,0.259111819034598,0.398406374501992,0.4475197064563487,0.33921389853816597,0.8424203551234944
0,6,328,93|0|training,0,2,0.4237011074925376,0.3784860557768924,0.1381734629705011,0.15702048448255154,7.994758829937505e-05
0,6,329,94|0|training,0,1,0.4030900924920393,0.2549800796812749,0.17463486280121995,0.07118234012674413,3.8411384262998986e-05
0,6,330,95|0|training,0,1,0.5616074653482043,0.6932270916334662,0.8393016393963221,0.906921993699668,0.9962606205423604
0,6,331,96|0|training,0,0,0.4121143729745353,0.40239043824701193,0.42809601513008827,0.4465217231788258,0.6386445963789233
0,6,332,97|0|training,0,3,0.5780559272724481,0.5776892430278885,0.4182739622120535,0.15900455579521763,0.07482897088951355
0,6,333,98|0|training,0,1,0.4736742260399739,0.38247011952191234,0.45188658291469813,0.11178574634404191,0.301865836671725
0,6,334,99|0|training,0,0,0.31826463715868514,0.21912350597609562,0.10255359391663836,0.07392672290548281,0.002171829551226771
0,6,335,100|0|training,0,1,0.40576192161952956,0.6414342629482072,0.6600761201585578,0.703330443484554,0.4349831872343365
0,6,336,101|0|training,0,3,0.33155975279865896,0.5537848605577689,0.2039507362905642,0.7641269843368695,0.02937070197237661
0,6,337,102|0|training,0,1,0.3322667051554185,0.5139442231075697,0.19332915952798366,0.6380341382253111,0.012110747570647583
0,6,338,103|0|training,0,3,0.22204300065507926,0.23904382470119523,0.29916707600479314,0.30766417114480366,0.5353032581376477
0,6,339,104|0|training,0,4,0.2930065310903965,0.15139442231075698,0.049674415207319085,0.035202166658969386,0.0011241969910619552
0,6,340,105|0|training,0,1,0.3399363712393505,0.3904382470119522,0.17201625382466365,0.33137111093103794,0.003248141493957064
0,6,341,106|0|training,0,4,0.415193937728032,0.4860557768924303,0.4733853055634811,0.19439414253479698,0.11014205217753462
0,6,342,107|0|training,0,2,0.3703987704768508,0.26693227091633465,0.021180043034202158,0.15388530643344955,0.0010984482668018316
0,6,343,108|0|training,0,1,0.31582933915086864,0.2350597609561753,0.02222425248850608,0.054011348646180374,4.2679991985198685e-06
0,6,344,109|0|training,0,4,0.29092696762654535,0.3187250996015936,0.37112624853313125,0.20048765242353878,0.24647197932258733
0,6,345,110|0|training,0,2,0.5032117015336661,0.2350597609561753,0.13160028515485978,0.1546240939701678,9.927051434933929e-05
0,6,346,111|0|training,0,4,0.25877775262386155,0.15139442231075698,0.021537617782722358,0.05774956386766556,5.170526651269908e-07
0,6,347,112|0|training,0,2,0.31605406845811684,0.35856573705179284,0.2806311522575309,0.3811426514132221,0.43555695557140334
0,6,348,113|0|training,0,0,0.4276976906253992,0.7649402390438247,0.5,0.9040626817437344,0.9107551008618222
0,6,349,114|0|training,0,3,0.44784153175029,0.6414342629482072,0.702084698687996,0.8864746222354037,0.8457323054192136
0,6,350,115|0|training,0,1,0.5337342892975582,0.3187250996015936,0.1464151400689105,0.2871577162451982,0.3751217501716048
0,6,351,116|0|training,0,4,0.44104829045639204,0.2549800796812749,0.16199020431101713,0.08640250191788404,0.03998233944515316
0,6,352,117|0|training,0,0,0.45863062533655413,0.4063745019920319,0.2388232353874364,0.4606250345726696,0.16707591076581904
0,6,353,118|0|training,0,4,0.49191564653293746,0.47410358565737054,0.33183983017593116,0.3470145810088595,0.046729494901550976
0,6,354,119|0|training,0,1,0.1498783948617113,0.17928286852589642,0.053522541689370255,0.09247154025246081,0.00026993088655560864
0,6,355,120|0|training,0,4,0.30672444961884027,0.2868525896414343,0.13231619822286467,0.17595794038008944,0.01662336792292375
0,6,356,121|0|training,0,4,0.3050807068742802,0.47808764940239046,0.2672788802414279,0.27987062049404904,0.10670823792256284
0,6,357,122|0|training,0,4,0.26251169590232293,0.24701195219123506,0.09593347102697516,0.2533113671072862,0.0004684546667964779
0,6,358,123|0|training,0,4,0.43929706585872286,0.250996015936255,0.46174373201308927,0.07693019670122317,0.23659547747383794
0,6,359,124|0|training,0,2,0.6062366635837085,0.5936254980079682,0.7508641496404537,0.6869285105668893,0.9658413013345782
0,6,360,125|0|training,0,2,0.37440530455275106,0.33067729083665337,0.1803121193454613,0.15134549894319124,0.13791505515237656
0,6,361,126|0|training,0,0,0.5877418535508201,0.50199203187251,0.43353623127813345,0.2589223191921826,0.8459422561862756
0,6,362,127|0|training,0,1,0.559096507064754,0.6653386454183267,0.5081859477342068,0.8193401753947143,0.06353713299747647
0,6,363,128|0|training,0,4,0.33047302196008477,0.22310756972111553,0.0694720697793425,0.15182194031443597,0.0001570073875708142
0,6,364,129|0|training,0,2,0.3887107357911958,0.5298804780876494,0.3402510210944108,0.3661698785373826,0.06517036364453163
0,6,365,130|0|training,0,1,0.24922256981855598,0.1952191235059761,0.19377220288146907,0.12732143403146914,0.21961208556449816
0,6,366,131|0|training,0,1,0.41274765872420577,0.49800796812749004,0.25166701860625695,0.5519610513518615,0.11953507067933872
0,6,367,132|0|training,0,4,0.6152230305315514,0.5378486055776892,0.6708439409530105,0.5308821043762743,0.9902123662094938
0,6,368,133|0|training,0,0,0.21094487312424023,0.3545816733067729,0.028091639612434438,0.21372548290963103,3.159249456594398e-05
0,6,369,134|0|training,0,0,0.4978398870682742,0.32270916334661354,0.41254234663580835,0.2276590710708113,0.756368620986379
0,6,370,135|0|training,0,0,0.48886721894156004,0.44223107569721115,0.4471693114163996,0.5637153124527285,0.7488232591775511
0,6,371,136|0|training,0,2,0.24052227103050894,0.21912350597609562,0.04089404644473445,0.09328027494482741,0.0007080983746954685
0,6,372,137|0|training,0,2,0.2636877110342411,0.29880478087649404,0.08372757141706345,0.19382183241448633,0.04488521252967561
0,6,373,138|0|training,0,2,0.5476633969925061,0.5577689243027888,0.9766800629685768,0.7109484460195827,0.9999662650410996
0,6,374,139|0|training,0,3,0.40437633754390767,0.6892430278884463,0.6818943452175477,0.7340784932340364,0.4382326750752506
0,6,375,140|0|training,0,1,0.36586014897389685,0.3705179282868526,0.12687084172330265,0.6807448321939128,0.011369954084065553
0,6,376,141|0|training,0,1,0.3727335105387518,0.2350597609561753,0.0757005111159955,0.17539056209431966,0.00043652192258276907
0,6,377,142|0|training,0,2,0.4143740327772831,0.2749003984063745,0.10581242349533466,0.29055791419015486,0.0014069965214590593
0,6,378,143|0|training,0,2,0.301501443722188,0.5577689243027888,0.3155798451507635,0.5365781553817178,0.6983455166800842
0,6,379,144|0|training,0,2,0.36899888093980654,0.33067729083665337,0.22166735861171682,0.24200686021208354,0.26182257361171374
0,6,380,145|0|training,0,2,0.5031893950378169,0.6294820717131474,0.45055530547995126,0.822039513708617,0.6995664175720836
0,6,381,146|0|training,0,0,0.3254898610761643,0.30677290836653387,0.05678293564344019,0.16234992558613745,1.4434556881495074e-05
0,6,382,147|0|training,0,3,0.38113129094586273,0.4900398406374502,0.23719387445078247,0.19949729154264192,0.00023204011984481024
0,6,383,148|0|training,0,4,0.5680528151857879,0.6095617529880478,0.6007073852523445,0.6080499495200784,0.8649079501836964
0,6,384,149|0|training,0,4,0.39285400756732325,0.41434262948207173,0.29133978250790704,0.31175015838776177,0.04506823818145524
0,6,385,150|0|training,0,0,0.5306400546919496,0.5258964143426295,0.5811475558825658,0.608802113938966,0.9026738017179188
0,6,386,151|0|training,0,0,0.49459057724950645,0.29880478087649404,0.2891138096608738,0.1989380451287859,0.9953234830425937
0,6,387,152|0|training,0,4,0.16957176780336866,0.17131474103585656,0.1920711205492573,0.1757731095959752,0.30393750071733316
0,6,388,153|0|training,0,4,0.3297100339700959,0.3784860557768924,0.12245541533729355,0.27041385410738383,0.0014814988994341217
0,6,389,154|0|training,0,4,0.2725140257269129,0.3107569721115538,0.2076969430166478,0.18572547639763143,0.8195817131522316
0,6,390,155|0|training,0,3,0.23268929657212745,0.4581673306772908,0.21529744237446113,0.2817554915795352,0.0017306037575065792
0,6,391,156|0|training,0,0,0.3748043581850979,0.30677290836653387,0.10125048107156373,0.2724969389946368,0.0003351312450226326
0,6,392,157|0|training,0,3,0.4774540756146545,0.3545816733067729,0.33439052121424007,0.11535476154068419,0.07262961493525058
0,6,393,158|0|training,0,1,0.24191372083822402,0.26693227091633465,0.07341613967376123,0.05452511723840674,3.256841888650301e-05
0,6,394,159|0|training,0,3,0.5370668231555766,0.44621513944223107,0.25627516626962116,0.39181812911095115,0.004800934050376423
0,6,395,160|0|training,0,0,0.4349850883021047,0.8167330677290837,0.7626792812508243,0.895829357262457,0.9836198846667499
0,6,396,161|0|training,0,2,0.3346690422070916,0.6374501992031872,0.518162641396242,0.5754756516496048,0.8381093221237312
0,6,397,162|0|training,0,2,0.3985138822229179,0.5219123505976095,0.4421890776480673,0.46757969760222823,0.7897325715613036
0,6,398,163|0|training,0,4,0.3993322333234658,0.2151394422310757,0.18608005718733883,0.2499388404432737,0.0001868668004492733
0,6,399,164|0|training,0,1,0.35940104803098116,0.4860557768924303,0.16575628967221526,0.3156067979478114,3.9020646475319524e-06
0,6,400,165|0|training,0,1,0.3849207555752223,0.32270916334661354,0.2665477901333411,0.14059185797747537,0.04358475491540752
0,6,401,166|0|training,0,3,0.3082549968020781,0.3784860557768924,0.22264657673965735,0.2615624923127638,0.04760233294392369
0,6,402,167|0|training,0,1,0.2252312592770743,0.26693227091633465,0.06065804999915622,0.23823331680166926,1.9364427030362346e-06
0,6,403,168|0|training,0,1,0.31812724516416907,0.36254980079681276,0.11371742044402239,0.10152766890468015,6.704995548332903e-07
0,6,404,169|0|training,0,0,0.37109784406333085,0.47808764940239046,0.16615459124710952,0.35122120053139666,0.020963509081352995
0,6,405,170|0|training,0,0,0.21847208979511418,0.20318725099601595,0.0077575537442923686,0.058325319187386024,2.240785775216205e-06
0,6,406,171|0|training,0,2,0.17041909680626835,0.26693227091633465,0.022420865655448097,0.054725674468867454,2.339031428260014e-05
0,6,407,172|0|training,0,3,0.26898330189400527,0.4701195219123506,0.0687543850058004,0.8371602251999545,1.4512535451617054e-05
0,6,408,173|0|training,0,3,0.39913140891569715,0.44621513944223107,0.13259226886927897,0.1967958849637921,0.0015033731450511136
0,6,409,174|0|training,0,0,0.4366316671729236,0.7211155378486056,0.7165357765264775,0.7551029549394908,0.9844054469754185
0,6,410,175|0|training,0,1,0.30463583021256246,0.26294820717131473,0.053045125792891,0.09283223798524008,0.0001883581753073419
0,6,411,176|0|training,0,3,0.45677337219878245,0.6892430278884463,0.6523109881779793,0.8949347146976265,0.04850579807200791
0,6,412,177|0|training,0,2,0.4358022781196324,0.7171314741035857,0.5287045199222093,0.8494859593601377,0.9058117673462842
0,6,413,178|0|training,0,2,0.22065286045790133,0.24302788844621515,0.027499877707109262,0.13304810040467024,5.984325468716969e-05
0,6,414,179|0|training,0,4,0.3176543121475684,0.350597609561753,0.08256853946883315,0.14681828446612702,0.004101314805342158
0,6,415,180|0|training,0,2,0.24873584598334933,0.10358565737051793,0.039770370647805836,0.099096586407245,0.001867494641937203
0,6,416,181|0|training,0,4,0.543926946039985,0.46613545816733065,0.31738209282331425,0.37574784514964465,0.25839382674527095
0,6,417,182|0|training,0,4,0.5057347454887013,0.6055776892430279,0.7615703533849905,0.6090813289569527,0.974374368858802
0,6,418,183|0|training,0,0,0.5065260750026122,0.40239043824701193,0.1061881855707834,0.5469765324641114,2.760967348960942e-05
0,6,419,184|0|training,0,0,0.40623049584910753,0.4860557768924303,0.5633085470467913,0.6926802451636627,0.9631730206735639
0,6,420,185|0|training,0,2,0.25475970748603743,0.2549800796812749,0.09311057125992088,0.2811869799091847,0.03225049477813623
0,6,421,186|0|training,0,3,0.3402495818328036,0.5896414342629482,0.3905273792337164,0.5508730527982566,0.15647409285478098
0,6,422,187|0|training,0,4,0.3313630667311418,0.2749003984063745,0.2233886472780632,0.09102588498889576,0.12710797427945253
0,6,423,188|0|training,0,3,0.4003048806057317,0.5617529880478087,0.2186588575545359,0.7643746539274168,0.004431575136457173
0,6,424,189|0|training,0,0,0.44957273709813494,0.26693227091633465,0.28606963322283535,0.2609632472196761,0.692046002591291
0,6,425,190|0|training,0,0,0.426065337721023,0.15139442231075698,0.040326361565078586,0.03490280151531791,1.8318628422500156e-06
0,6,426,191|0|training,0,2,0.3460085924923086,0.38247011952191234,0.4425749398304075,0.38960162412269655,0.45464666093449596
0,6,427,192|0|training,0,2,0.29629725751815256,0.1952191235059761,0.11702938570302109,0.07993833490957573,0.00026710225281039503
0,6,428,193|0|training,0,4,0.6343052925575323,0.6972111553784861,0.6272104587881862,0.7616675573621108,0.4617027937629828
0,6,429,194|0|training,0,4,0.4328811832172026,0.46613545816733065,0.45922225633193103,0.47397441287180025,0.6587570807356413
0,6,430,195|0|training,0,3,0.4940720347540726,0.6334661354581673,0.28461384350051505,0.35886426956461775,0.016192918731715304
0,6,431,196|0|training,0,2,0.45038568750001556,0.4103585657370518,0.43075752029026415,0.3494229045642384,0.2520424152183144
0,6,432,197|0|training,0,4,0.5814383953673411,0.5179282868525896,0.4461120963523802,0.7552417056373439,0.03376190163851024
0,6,433,198|0|training,0,3,0.3179740845752595,0.3944223107569721,0.12647200640966677,0.24984618217807916,0.0001005718892787558
0,6,434,199|0|training,0,2,0.3614289137536326,0.2749003984063745,0.18237622228013511,0.2150205597327533,0.03014047202399901
0,6,435,200|0|training,0,1,0.3582231098214478,0.549800796812749,0.37996621356523824,0.3043436352474236,0.07002807120188925
0,6,436,201|0|training,0,3,0.25020739473904446,0.36254980079681276,0.0727316587855744,0.2482313641246819,0.015446166201114168
0,6,437,202|0|training,0,0,0.522193485357812,0.7609561752988048,0.8470988777556845,0.8406018079675656,0.7039448201975237
0,6,438,203|0|training,0,3,0.293863023122476,0.19123505976095617,0.10917298439791998,0.07788470528132047,0.003132985627848603
0,6,439,204|0|training,0,1,0.24879013262641433,0.1394422310756972,0.154815551764964,0.03421431224212215,6.758928587494036e-06
0,6,440,205|0|training,0,2,0.3401393744647597,0.2589641434262948,0.1587680616907685,0.24861950959366164,0.043983921205179036
0,6,441,206|0|training,0,0,0.5303041682892625,0.7091633466135459,0.8749112596573869,0.8560607977303494,0.9964271150408252
0,6,442,207|0|training,0,1,0.36578489361378064,0.4262948207171315,0.28373775717241767,0.5276379774446456,0.09973857128054948
0,6,443,208|0|training,0,2,0.35463535155465514,0.47808764940239046,0.6934828526462455,0.5529886787994561,0.9185113806382958
0,6,444,209|0|training,0,1,0.4946446456650503,0.6414342629482072,0.6784098200588929,0.7502288134581131,0.38237475257983633
0,6,445,210|0|training,0,2,0.33657678898091975,0.3426294820717131,0.1708660733995216,0.28086118033403396,0.030382891279125974
0,6,446,211|0|training,0,2,0.4458005059193147,0.32270916334661354,0.09597920066742302,0.2291810732890616,0.0009649519578992092
0,6,447,212|0|training,0,3,0.37316160139242177,0.2151394422310757,0.12063574140232014,0.25591670131262767,0.0007221488692537584
0,6,448,213|0|training,0,0,0.3051687772416334,0.19123505976095617,0.03219006894921624,0.07176322933730948,0.010038680710633466
0,6,449,214|0|training,0,3,0.326796652568198,0.1553784860557769,0.030922659770483606,0.028449380859006588,7.732500456795115e-06
0,6,450,215|0|training,0,3,0.5779631978537632,0.601593625498008,0.6753741234351245,0.7624763191594364,0.4851922242938392
0,6,451,216|0|training,0,0,0.426316256557579,0.450199203187251,0.306152108600711,0.15081021128219313,0.038546782840454555
0,6,452,217|0|training,0,0,0.5278575434963615,0.5896414342629482,0.8634649844359219,0.6413971370994868,0.9976017105797942
0,6,453,218|0|training,0,0,0.6314534731696919,0.4541832669322709,0.6655213763281073,0.326812230956801,0.7673578671144634
0,6,454,219|0|training,0,4,0.4552302820957643,0.41434262948207173,0.7039082297807279,0.5593446993323249,0.9502513487025138
0,6,455,220|0|training,0,2,0.22841611159938158,0.07171314741035857,0.014678600463731786,0.05856553090195316,9.129103579740166e-08
0,6,456,221|0|training,0,3,0.219584692742766,0.08366533864541832,0.030209880928177637,0.07114450090199737,0.009828413445258727
0,6,457,222|0|training,0,3,0.5294263782364357,0.47808764940239046,0.7321071724636566,0.5870289741886695,0.9956675444391733
0,6,458,223|0|training,0,1,0.25073605945607497,0.16334661354581673,0.07087954099151793,0.336751460860317,0.0012087581468638207
0,6,459,224|0|training,0,3,0.48352559941800644,0.47808764940239046,0.8345503914812517,0.4462474442489345,0.9941896959717984
0,6,460,225|0|training,0,3,0.464690518012019,0.44621513944223107,0.41797147888105823,0.35274157667237194,0.07909577684800219
0,6,461,226|0|training,0,0,0.41715413889569375,0.46613545816733065,0.06521235069672837,0.2732642361894134,0.00043015813034214716
0,6,462,227|0|training,0,2,0.36802968666887026,0.47410358565737054,0.604919677021585,0.6162801480830595,0.7806512213996057
0,6,463,228|0|training,0,3,0.5080903788318369,0.6812749003984063,0.9614591421277809,0.7565876570677056,0.9961047371149011
0,6,464,229|0|training,0,1,0.5017944124309959,0.5657370517928287,0.4578774105517423,0.5620803999452003,0.007349861447147472
0,6,465,230|0|training,0,2,0.3676737857477494,0.3904382470119522,0.5805077822081516,0.29408078043609703,0.645627226595826
0,6,466,231|0|training,0,1,0.5956764955072889,0.5856573705179283,0.7608753211978093,0.41542361058569577,0.8247462442556509
0,6,467,232|0|training,0,0,0.4653603111734419,0.6414342629482072,0.23028983056691332,0.5524452752752091,0.02579348242656379
0,6,468,233|0|training,0,0,0.286382233191206,0.32669322709163345,0.2992390938712988,0.13701216425076712,0.8497930687617327
0,6,469,234|0|training,0,2,0.5302057787510512,0.6294820717131474,0.8385285368389281,0.6219815088035892,0.6286039969388484
0,6,470,235|0|training,0,4,0.5918645477463568,0.4940239043824701,0.6350774503985254,0.6500007507851058,0.5890203248418292
0,6,471,236|0|training,0,3,0.28862276547217786,0.41434262948207173,0.40953591643116766,0.2912533051911602,0.03213842329047361
1,17,0,20|1|training,1,1,0.6848499072946403,0.6334661354581673,0.6880370492136829,0.7582132535927888,0.5222468914353419
1,17,1,21|1|training,1,4,0.7032957588865881,0.6772908366533864,0.9688375134347387,0.714893681740122,0.9991729564019237
1,17,2,22|1|training,1,3,0.5860414447074626,0.8844621513944223,0.9765850835458348,0.8271409520076703,0.9937585389435496
1,17,3,35|1|training,1,4,0.35893750673071373,0.5139442231075697,0.35113479657261226,0.6508402381415852,0.050178666783151436
1,17,4,38|1|training,1,4,0.5418427101543624,0.6613545816733067,0.6891012026443739,0.7892097947025176,0.7588730063734165
1,17,5,39|1|training,1,0,0.4595527688107455,0.6334661354581673,0.849334206861223,0.8058334722408885,0.8867175452404943
1,17,6,40|1|training,1,2,0.4919744558950883,0.6294820717131474,0.520367303763236,0.8072309736340469,0.9015146161047334
1,17,7,54|1|training,1,3,0.5682653731721479,0.47410358565737054,0.540503285387957,0.5091694552001553,0.1625168687609021
1,17,8,55|1|training,1,2,0.728988707999992,0.6294820717131474,0.835107595449456,0.7713730613918286,0.9566924653051713
1,17,9,56|1|training,1,3,0.584166264157461,0.7569721115537849,0.9693421520029348,0.9073403590004799,0.9999221454829499
1,17,10,57|1|training,1,2,0.531311741381954,0.7888446215139442,0.9363813828262895,0.9436311772413036,0.9991434582764853
1,17,11,58|1|training,1,1,0.5992947733835889,0.6932270916334662,0.509313869969135,0.7077308933784624,0.07714058130607913
1,17,12,59|1|training,1,3,0.7224182587077702,0.6932270916334662,0.9541059221664722,0.5990821689737728,0.9805398691289489
1,17,13,60|1|training,1,1,0.5261478521104906,0.7529880478087649,0.8618149085747056,0.8030772991503708,0.9885671115577731
1,17,14,62|1|training,1,0,0.5951068895496479,0.6135458167330677,0.772118074575931,0.5672799718527859,0.9041210801792114
1,17,15,64|1|training,1,2,0.5881857953140031,0.8167330677290837,0.8707874035740695,0.7503991071223522,0.9772966281204786
1,17,16,77|1|training,1,3,0.6230358012630202,0.4063745019920319,0.09367636845668827,0.22338988560498277,0.0008663915917798432
1,17,17,117|1|training,1,2,0.36874421896783066,0.24701195219123506,0.09740986976341406,0.08131310926722556,8.673692110899171e-05
1,17,18,118|1|training,1,2,0.4080267701568551,0.42231075697211157,0.18155536297693922,0.18327080718995875,0.009921248621453915
1,17,19,119|1|training,1,2,0.6810014902205086,0.8127490039840638,0.8900622262100528,0.907469415553117,0.9949802293037535
1,17,20,120|1|training,1,3,0.486565782982437,0.5418326693227091,0.5714115537520374,0.3434814736348616,0.32929623040475103
1,17,21,121|1|training,1,0,0.6107748233656851,0.6693227091633466,0.9683012152550755,0.7956412030861276,0.9996618954026154
1,17,22,123|1|training,1,4,0.669993201508919,0.9083665338645418,0.9938954871409073,0.9424152003257701,0.9998787027614362
1,17,23,124|1|training,1,1,0.45754784462753784,0.6613545816733067,0.5370630327183076,0.6400949870726187,0.9397953491358931
1,17,24,125|1|training,1,0,0.5052257248222953,0.7410358565737052,0.8480928771233883,0.34799182736828155,0.9963379682965635
1,17,25,126|1|training,1,1,0.6041642763458742,0.7250996015936255,0.8593622740601148,0.7084179662420288,0.99207357060141
1,17,26,128|1|training,1,2,0.6789183283630481,0.6055776892430279,0.6998099479458443,0.7858790223345987,0.838128871231271
1,17,27,129|1|training,1,0,0.5479296203946965,0.7768924302788844,0.45778445122811756,0.895141748632658,0.07798707909576112
1,17,28,130|1|training,1,1,0.6439707735837252,0.6932270916334662,0.8959018621864103,0.9025216001553534,0.9994613043741322
1,17,29,131|1|training,1,1,0.42768234953508616,0.46613545816733065,0.29181179803861135,0.32703465862682185,0.24791810347458526
1,17,30,133|1|training,1,1,0.6181648091002437,0.6175298804780877,0.8684131816840569,0.4989815747454709,0.9771363699823614
1,17,31,134|1|training,1,1,0.6261088196742565,0.6932270916334662,0.7033263585801977,0.878504641998232,0.7640772143215011
1,17,32,135|1|training,1,1,0.5768369937932797,0.6135458167330677,0.6245266926957109,0.49912489340014404,0.10888646435443089
1,17,33,136|1|training,1,3,0.5511687849054466,0.6533864541832669,0.9008324412308432,0.8681376538606401,0.9726821772211633
1,17,34,143|1|training,1,1,0.7177207035644388,0.749003984063745,0.8903250411820937,0.8988795619821375,0.9999765696868117
1,17,35,145|1|training,1,4,0.6587617185899006,0.4063745019920319,0.6123234181534369,0.3171459608432868,0.9934701451650213
1,17,36,155|1|training,1,0,0.5258945346576717,0.601593625498008,0.20708156726106874,0.44751790626631793,0.012841141787155128
1,17,37,169|1|training,1,3,0.39891200804460647,0.4103585657370518,0.08103139631621488,0.16318030385037505,2.108538114493016e-06
1,17,38,172|1|training,1,3,0.5542501072024415,0.5378486055776892,0.3674876009408238,0.4918997080009663,0.4869087389483814
1,17,39,173|1|training,1,4,0.4900117941945616,0.49800796812749004,0.177089758027418,0.4420895977300191,0.03693004760133256
1,17,40,174|1|training,1,3,0.5842681963635689,0.7649402390438247,0.882570198347469,0.8035293550360173,0.9958356702668766
1,17,41,177|1|training,1,3,0.5795825667601033,0.5657370517928287,0.33733968354035476,0.44484706568047927,0.3542962681706228
1,17,42,179|1|training,1,4,0.6993655490352827,0.33067729083665337,0.8088379752956397,0.22184921418990622,0.9964426096079427
1,17,43,200|1|training,1,1,0.3151697779371567,0.4581673306772908,0.21900432154803076,0.6770238735449087,0.0010201555820324682
1,17,44,201|1|training,1,3,0.5363596960126262,0.46613545816733065,0.27783890086661933,0.2822014957109313,0.020552010289683734
1,17,45,202|1|training,1,4,0.5010941265840162,0.46215139442231074,0.4375376874563158,0.6613651368801662,0.14083119394122415
1,17,46,299|1|training,1,3,0.39837125301023857,0.3944223107569721,0.12488233452780467,0.2730537891939162,0.00108044386146014
1,17,47,300|1|training,1,0,0.46903090379286055,0.38645418326693226,0.22097168944148204,0.36417074709868114,0.00782594965397488
1,17,48,301|1|training,1,3,0.5897175943341176,0.4900398406374502,0.4459128533111578,0.35818890092198913,0.7776888897020564
1,17,49,302|1|training,1,2,0.5904178087105004,0.545816733067729,0.42703454301967503,0.5609898463021928,0.11431868547521468
1,17,50,309|1|training,1,4,0.5435639478250112,0.5697211155378487,0.8645699807069072,0.6822727260726488,0.9996401385392948
1,17,51,310|1|training,1,0,0.6532911276601837,0.7888446215139442,0.9406867004677041,0.9307151107208911,0.9500730765777928
1,17,52,311|1|training,1,3,0.5070393892670144,0.5936254980079682,0.5120443687463132,0.43563863553820753,0.12190768618678093
1,17,53,312|1|training,1,2,0.6883867964799167,0.5856573705179283,0.7250843174056115,0.713859388558401,0.9898283543879141
1,17,54,313|1|training,1,1,0.6250821425061301,0.4900398406374502,0.6303151741382396,0.5685982002066652,0.9916229333815533
1,17,55,315|1|training,1,4,0.5337768077690621,0.601593625498008,0.7910879416272378,0.813580175292278,0.3987007643222665
1,17,56,318|1|training,1,3,0.7453571197189371,0.8605577689243028,0.9423342300034979,0.9349478259724143,0.9880755533152812
1,17,57,320|1|training,1,2,0.4842337385287593,0.41832669322709165,0.5368677637429331,0.6884567014242918,0.9975562148033781
1,17,58,321|1|training,1,1,0.5438502450367134,0.450199203187251,0.6040120793978726,0.6479375797681564,0.9615673372313343
1,17,59,322|1|training,1,0,0.45839639411030947,0.26294820717131473,0.2584068925499151,0.13685054564572705,0.021949303653001326
1,17,60,323|1|training,1,4,0.6929428511228584,0.7729083665338645,0.9480332692818998,0.9420179595911855,0.9967099640952541
1,17,61,324|1|training,1,0,0.5334455269025951,0.5418326693227091,0.7805468374384804,0.6023632678625767,0.9760388353556938
1,17,62,325|1|training,1,1,0.6490799918745842,0.4262948207171315,0.5819520800477024,0.42264196471279775,0.36636222302182975
1,17,63,326|1|training,1,1,0.6426306895912762,0.545816733067729,0.9334026503033434,0.8853002092843455,0.9999909550745332
1,17,64,327|1|training,1,2,0.43460484323455645,0.4302788844621514,0.7757988611774285,0.13228211113726338,0.96025026967422
1,17,65,328|1|training,1,4,0.6184448105025717,0.5219123505976095,0.7209955539363234,0.5235110971064995,0.7047289789699045
1,17,66,352|1|training,1,0,0.49363540902317415,0.5617529880478087,0.2742529255353761,0.5518455813186461,0.5864261131440913
1,17,67,353|1|training,1,2,0.501677734527842,0.5338645418326693,0.7261508100154423,0.27941726909235737,0.43449626181570883
1,17,68,359|1|training,1,3,0.5726749820898961,0.6932270916334662,0.94488141721543,0.5533551318547288,0.9052839452936357
1,17,69,386|1|training,1,0,0.6025507754939171,0.6812749003984063,0.7216168808068424,0.8433470870823878,0.36069643618954433
1,17,70,398|1|training,1,2,0.656775591250779,0.6294820717131474,0.7366082652442217,0.6122095322389381,0.9994237949096327
1,17,71,421|1|training,1,2,0.6306556893468384,0.6653386454183267,0.8817333779420216,0.8189757060114745,0.9997254883372465
1,17,72,451|1|training,1,4,0.5318448201308821,0.5617529880478087,0.8260467024632928,0.5173390282191563,0.9925063590479525
1,17,73,454|1|training,1,4,0.7007014973956104,0.6613545816733067,0.8558138548158847,0.6399916021484019,0.9272450785317166
1,17,74,490|1|training,1,4,0.7720489292318929,0.4820717131474104,0.6443600309699813,0.46788765971273705,0.27862795580181426
1,17,75,531|1|training,1,1,0.7075695628004254,0.6334661354581673,0.8200038723211758,0.8342642587189362,0.9673711724454727
1,17,76,549|1|training,1,3,0.7569358166927402,0.6613545816733067,0.9666395597993568,0.7569570620639096,0.9972033529779903
1,17,77,569|1|training,1,2,0.5594229178514177,0.7250996015936255,0.8428383695284435,0.8705272805178436,0.929914563820136
1,17,78,571|1|training,1,0,0.7888477329734955,0.749003984063745,0.9575602304609069,0.768710231903472,0.9768860304335101
1,17,79,574|1|training,1,3,0.5560962989573695,0.47410358565737054,0.5744535069873798,0.46713514897957614,0.6566157447291489
1,17,80,575|1|training,1,1,0.5122869608859449,0.7370517928286853,0.6525805709322821,0.7876042948695708,0.9217239724051232
1,17,81,588|1|training,1,4,0.6330330037207659,0.38247011952191234,0.518169710983795,0.452397001695527,0.9807719772404486
1,17,82,615|1|training,1,1,0.6429447105355559,0.6055776892430279,0.7279618505797332,0.7736316513459176,0.9996457825417849
1,17,83,618|1|training,1,3,0.6836690993279274,0.6254980079681275,0.9831854858569216,0.7544871330568864,0.9992702552541003
1,17,84,624|1|training,1,4,0.4290229674246782,0.450199203187251,0.08854432605755094,0.22486363415772406,0.0014492063139119717
1,17,85,638|1|training,1,3,0.5437741252713523,0.601593625498008,0.922232489774893,0.38253639818194285,0.996573681907817
1,17,86,644|1|training,1,4,0.5641752480440778,0.601593625498008,0.7247801141171989,0.6456150309500623,0.9325364576888646
1,17,87,659|1|training,1,4,0.6990281612210067,0.8007968127490039,0.9463040873488197,0.8610642873667738,0.9990516331673089
1,17,88,681|1|training,1,1,0.4591951704706384,0.5577689243027888,0.3886362982024178,0.44580495737471326,0.36437021556118476
1,17,89,706|1|training,1,2,0.5635449497414803,0.6055776892430279,0.5229345967488991,0.7520344602857615,0.35932336118828895
1,17,90,707|1|training,1,3,0.4111204192946007,0.5657370517928287,0.9797886728417213,0.7051913077254172,0.9999164838453297
1,17,91,708|1|training,1,4,0.6135923371431825,0.7091633466135459,0.9896369945619142,0.9291194941177577,0.9999915819546455
1,17,92,709|1|training,1,2,0.6530875879930332,0.6892430278884463,0.9016101381661721,0.8428619765987272,0.9989210057975643
1,17,93,710|1|training,1,2,0.5840872155555373,0.5737051792828686,0.6961078058107502,0.6610925205414099,0.938745348175721
1,17,94,711|1|training,1,3,0.5166433497449617,0.6772908366533864,0.7974821336586339,0.5327501978964178,0.9600816961333658
1,17,95,712|1|training,1,2,0.6482437271730073,0.5856573705179283,0.7516726186979396,0.7142340971863927,0.9919980129044631
1,17,96,713|1|training,1,4,0.7421521315338773,0.7330677290836654,0.9797131795796847,0.8248403106361294,0.9977784887839728
1,17,97,714|1|training,1,0,0.48607964970094714,0.5617529880478087,0.3543948031167231,0.30884504287887843,0.17017828548625802
1,17,98,715|1|training,1,3,0.45788257715892067,0.5179282868525896,0.8742202896370429,0.3964274639718411,0.9999707884442083
1,17,99,716|1|training,1,3,0.6229196827770145,0.6892430278884463,0.900057226645367,0.8614209632857786,0.9988873784906486
1,17,100,717|1|training,1,0,0.5183341652774883,0.6334661354581673,0.9370955629158766,0.8379033772475061,0.9997180350813821
1,17,101,718|1|training,1,1,0.4989165389189932,0.44223107569721115,0.4227465638450412,0.4370967257193353,0.14869230693631338
1,17,102,719|1|training,1,3,0.4092493929459297,0.3665338645418327,0.22068558916007838,0.22432361666191147,0.10187277983453237
1,17,103,720|1|training,1,3,0.5820905483083125,0.7649402390438247,0.6107676767269694,0.7453471779919669,0.21239019328891678
1,17,104,721|1|training,1,1,0.4604560485947833,0.7091633466135459,0.8774685384374327,0.8052979761155382,0.9606296579238744
1,17,105,722|1|training,1,4,0.7368393160052925,0.6613545816733067,0.9768594516091091,0.8845361338683543,0.9995060673841804
1,17,106,724|1|training,1,1,0.6356527143128547,0.5936254980079682,0.7888071090516001,0.6555582130541774,0.9558623195410129
1,17,107,725|1|training,1,1,0.5577973720138067,0.5697211155378487,0.5333363970414453,0.4156716525651765,0.9998292516932957
1,17,108,726|1|training,1,3,0.44849030365788195,0.3147410358565737,0.29456452375434206,0.20380183069121485,0.029554106934096897
1,17,109,727|1|training,1,2,0.4882449882874362,0.6932270916334662,0.5778073427489132,0.8520987171856574,0.7596192253963044
1,17,110,728|1|training,1,0,0.5341418536600954,0.796812749003984,0.8897885779433822,0.8933756328959305,0.8430716738025635
1,17,111,729|1|training,1,3,0.6576972181898396,0.796812749003984,0.791538096842686,0.8418417962815012,0.9630785097207581
1,17,112,733|1|training,1,1,0.7360355518171898,0.5816733067729084,0.8202460883386263,0.6681208792008422,0.997321301461124
1,17,113,734|1|training,1,3,0.6138527545164358,0.6533864541832669,0.9117896855375215,0.5858089921227674,0.3470152699092811
1,17,114,824|1|training,1,1,0.6383951990946207,0.6573705179282868,0.9216791697367519,0.8648452330900596,0.9992645767234573
1,17,115,838|1|training,1,1,0.6473461991284686,0.6095617529880478,0.8964055387000144,0.7241273627279324,0.9902486422984323
1,17,116,893|1|training,1,4,0.5220220313369137,0.6772908366533864,0.7823071096754503,0.6271311425992625,0.19568121875267327
1,17,117,981|1|training,1,0,0.8874326996178684,0.8127490039840638,0.9783929330297438,0.9071273220584166,0.9985518176111066
1,17,118,982|1|training,1,2,0.5212675083240006,0.42231075697211157,0.23823989411304333,0.2958564787644003,0.002361442177434314
1,17,119,995|1|training,1,2,0.6753202279371686,0.8007968127490039,0.9941166396899588,0.8687555519866368,0.9998415826758086
1,17,120,1054|1|training,1,4,0.6991550890326174,0.5737051792828686,0.8267973859556164,0.7947705888088412,0.9916986501306344
1,17,121,1095|1|training,1,0,0.5359080883676006,0.6812749003984063,0.4070261600237139,0.9544806632054545,0.8943082439034626
1,17,122,1100|1|training,1,3,0.394660176105919,0.2549800796812749,0.07137914440259858,0.1503018646155267,0.1506981423889186
1,17,123,1115|1|training,1,2,0.6286071616651826,0.6573705179282868,0.6715415627947282,0.7275616799676984,0.9773388403256811
1,17,124,1116|1|training,1,4,0.6805204221971516,0.44223107569721115,0.4825281326205736,0.3479940673305863,0.05275000140350163
1,17,125,1126|1|training,1,4,0.5787316905715146,0.3745019920318725,0.5,0.12245252361879438,0.9970943797275366
1,17,126,1127|1|training,1,1,0.49009600395382713,0.6175298804780877,0.8016661212774526,0.9040811893349527,0.9988185514590467
1,17,127,1139|1|training,1,2,0.6869771727692842,0.450199203187251,0.5272472924212391,0.6656921843980721,0.8794346125474174
1,17,128,1151|1|training,1,2,0.6159613274476747,0.6613545816733067,0.591193749858563,0.8500278797607566,0.25314259548254725
1,17,129,1152|1|training,1,2,0.8133384760971754,0.545816733067729,0.8240737539804452,0.3757315905679113,0.9284065521117806
1,17,130,1153|1|training,1,2,0.39295290445592473,0.7529880478087649,0.853682737859125,0.8532178207184146,0.966967482274373
1,17,131,1180|1|training,1,1,0.6505945612972096,0.8764940239043825,0.8872410450009108,0.8604998536206341,0.9588914778250373
1,17,132,1233|1|training,1,3,0.4100390290530313,0.5577689243027888,0.24961573297291137,0.5435206423127222,0.009258285609976923
1,17,133,1234|1|training,1,2,0.7041917218019341,0.7450199203187251,0.7433789037669085,0.6226607548500988,0.9906466200476209
1,17,134,1235|1|training,1,3,0.576337090658567,0.5737051792828686,0.5657630208116843,0.33456792990404577,0.9171338446326068
1,17,135,1236|1|training,1,3,0.6081472598462638,0.5219123505976095,0.5373309258115953,0.6001169062383769,0.4175906404051485
1,17,136,1238|1|training,1,0,0.6133885799529717,0.601593625498008,0.757955545253663,0.7024441967959184,0.9888907564112678
1,17,137,1245|1|training,1,1,0.7551476237145636,0.6653386454183267,0.907209921248587,0.915851744968756,0.9999937046820494
1,17,138,1247|1|training,1,3,0.7043440574153388,0.5697211155378487,0.7881110734872949,0.599775103988957,0.9947870432195718
1,17,139,1256|1|training,1,2,0.6614473050030751,0.7450199203187251,0.858713664368741,0.89899443265046,0.9809727896761251
1,17,140,1258|1|training,1,1,0.5197748366426955,0.8007968127490039,0.9158954560229843,0.8950397950234651,0.9859988902024811
1,17,141,1260|1|training,1,0,0.5413872122727655,0.7649402390438247,0.8719008247333473,0.46324710545089703,0.8016000409286503
1,17,142,1276|1|training,1,2,0.6271060031513676,0.3665338645418327,0.6481813420289132,0.26512467550480806,0.5157032926217985
1,17,143,1277|1|training,1,2,0.5296018121394793,0.5896414342629482,0.8137452909605897,0.680596131095742,0.9958401342933356
1,17,144,1279|1|training,1,4,0.4012489007759384,0.5776892430278885,0.6808299625706898,0.6892780573250038,0.6852178453184741
1,17,145,1280|1|training,1,4,0.5696684039548912,0.43824701195219123,0.5230374836055425,0.19699898652974146,0.8414301700474877
1,17,146,1281|1|training,1,0,0.5934484978499251,0.8286852589641435,0.7691126838179326,0.9233444140921409,0.7519229397413824
1,17,147,1289|1|training,1,0,0.5983040306532073,0.5737051792828686,0.9356042552128381,0.531312974249241,0.9714707048590947
1,17,148,1303|1|training,1,1,0.520417034491743,0.6653386454183267,0.7506064563670868,0.6318326930103061,0.9880158782058912
1,17,149,1305|1|training,1,0,0.45127936839577343,0.38247011952191234,0.4816284859176888,0.40725660101996747,0.35620975538980204
1,17,150,1307|1|training,1,0,0.43884774258958203,0.3545816733067729,0.5110750847507257,0.22979303733238896,0.9747033991797709
1,17,151,1309|1|training,1,1,0.37281309494319254,0.5139442231075697,0.290986765400648,0.2806508409707127,0.015940111855152674
1,17,152,1320|1|training,1,4,0.6837012879991986,0.7928286852589641,0.9391712618176365,0.8785674207276603,0.996448124558748
1,17,153,1322|1|training,1,0,0.6989580059978333,0.7330677290836654,0.9830503481956174,0.8849878346126452,0.9999815475364892
1,17,154,1324|1|training,1,4,0.5576997141150843,0.5976095617529881,0.8140543532936616,0.7417032275789595,0.9604543106631848
1,17,155,1326|1|training,1,4,0.5205460940177605,0.6254980079681275,0.8606533369825468,0.8319375425078,0.9334965908512964
1,17,156,1328|1|training,1,0,0.4482123414140732,0.601593625498008,0.8467256091612438,0.7994185680994557,0.9996996179010921
1,17,157,1330|1|training,1,0,0.5939137266513821,0.7649402390438247,0.8838164250088981,0.7340425726144252,0.9939538193658133
1,17,158,1332|1|training,1,1,0.7070029963671822,0.8326693227091634,0.9483845070177077,0.9226578760541995,0.9992910877511272
1,17,159,1334|1|training,1,2,0.5516627368897536,0.43824701195219123,0.5139508137194365,0.42601945090634236,0.4509772432300694
1,17,160,1336|1|training,1,4,0.6690951304230192,0.49800796812749004,0.7044602475359804,0.2735485023162718,0.9863198383177079
1,17,161,1338|1|training,1,1,0.5765178249313746,0.6932270916334662,0.8268415166658118,0.7739507102325519,0.9747569047814123
1,17,162,1340|1|training,1,4,0.6620682067216267,0.7848605577689243,0.9423407432063537,0.9086569966142798,0.9982643788771791
1,17,163,1342|1|training,1,2,0.619227313053107,0.601593625498008,0.6548176703160046,0.3160134716427506,0.2642443728446529
1,17,164,1344|1|training,1,1,0.7459495075214063,0.5537848605577689,0.8708460344643177,0.4924467858187713,0.9930387295357826
1,17,165,1346|1|training,1,2,0.5849479534643324,0.7250996015936255,0.7896173333948031,0.9636436399970963,0.9582109649545008
1,17,166,1348|1|training,1,0,0.64467246024629,0.7768924302788844,0.9522243199855819,0.8450378512756075,0.9971287167641129
1,17,167,1350|1|training,1,3,0.5707113213677866,0.601593625498008,0.6449748805303002,0.6284592728379755,0.7739893945991452
1,17,168,1352|1|training,1,0,0.624335442754123,0.8087649402390438,0.9403787468717834,0.6189595616176707,0.9188276635652756
1,17,169,1354|1|training,1,0,0.6553813612730942,0.7689243027888446,0.8243785705202352,0.8824320705369261,0.7800058675483634
1,17,170,1356|1|training,1,2,0.6012154033780407,0.5976095617529881,0.8400526759354016,0.5987357970725924,0.9778171609527307
1,17,171,1357|1|training,1,2,0.524107986402926,0.5697211155378487,0.8457994433983763,0.5537299063077027,0.9727852157542677
1,17,172,1359|1|training,1,4,0.634936439261866,0.6852589641434262,0.9542976328443441,0.6981543795510674,0.9934148526096857
1,17,173,1361|1|training,1,4,0.4119181801038134,0.5737051792828686,0.6126265395750616,0.48802503096859057,0.4323232813773873
1,17,174,1363|1|training,1,3,0.4148199414729836,0.7848605577689243,0.8139829363484395,0.6187480333816934,0.9426968806694617
1,17,175,1378|1|training,1,4,0.6228467999851311,0.5936254980079682,0.6957091802977261,0.259717663803237,0.8207982425474206
1,17,176,1413|1|training,1,0,0.49023692392477664,0.6055776892430279,0.3780614266093,0.7379703918103766,0.3903801446826417
1,17,177,1550|1|training,1,0,0.4877633967977161,0.545816733067729,0.6092915917572943,0.8815422012860099,0.9962785211488326
1,17,178,1552|1|training,1,2,0.5911324266051343,0.6454183266932271,0.8061021715366498,0.6959398460492544,0.9948323044176005
1,17,179,1553|1|training,1,0,0.7383741648317688,0.6095617529880478,0.8151700725566778,0.5447631057922218,0.8029379987716646
1,17,180,1556|1|training,1,1,0.42310939871440845,0.6812749003984063,0.5115269610656864,0.7354535706672871,0.9994398256548506
1,17,181,1560|1|training,1,4,0.5970036618482772,0.4900398406374502,0.21106080483304415,0.6099412726274644,0.0005194930026930069
1,17,182,1563|1|training,1,4,0.5692533852682032,0.6573705179282868,0.7312436003976638,0.7685322066590055,0.9867295015295381
1,17,183,1564|1|training,1,4,0.69296559165894,0.5179282868525896,0.7115314246540101,0.266794104794723,0.8604627045513717
1,17,184,1571|1|training,1,2,0.7712451576332219,0.7290836653386454,0.895632359279272,0.9339540267068891,0.999623017068101
1,17,185,1580|1|training,1,4,0.3202220823174332,0.06772908366533864,0.041839415075662585,0.0375859198302696,4.9729977190086286e-05
1,17,186,1582|1|training,1,1,0.4997842582266437,0.6215139442231076,0.6616815704429051,0.7491595329195686,0.9994928060052028
1,17,187,1583|1|training,1,0,0.6259802583587579,0.649402390438247,0.909206602452684,0.6339205038100455,0.9962697518082552
1,17,188,1594|1|training,1,4,0.5562467147935102,0.5378486055776892,0.4903103919625075,0.5348116576206742,0.6087154606109678
1,17,189,1629|1|training,1,2,0.7132127198920784,0.49800796812749004,0.6860474941214666,0.31952411162063554,0.20220307597375187
1,17,190,1639|1|training,1,4,0.4797427607795476,0.601593625498008,0.5582715701309716,0.7539767810595499,0.7255295881906948
1,17,191,1641|1|training,1,3,0.529968306950025,0.749003984063745,0.7619190478596506,0.8463979367137775,0.6267248300752488
1,17,192,1646|1|training,1,0,0.43191243090026704,0.42231075697211157,0.15659448737546358,0.4261204000792608,0.007768842831904391
1,17,193,1647|1|training,1,4,0.5582401325137666,0.5537848605577689,0.7725396220740071,0.5247558068558488,0.9999414605421272
1,17,194,1655|1|training,1,1,0.4512698112734524,0.5856573705179283,0.7327606380145772,0.7838934514485263,0.9999833520214709
1,17,195,1656|1|training,1,1,0.5035903389680253,0.5338645418326693,0.4505670706539516,0.8897671735686399,0.9802754358021121
1,17,196,1660|1|training,1,1,0.7542516764080089,0.549800796812749,0.82137773885585,0.42934468081472266,0.9577840593903393
1,17,197,1662|1|training,1,1,0.5013020062945228,0.7808764940239044,0.4408671260862195,0.7959210515405521,0.04271532397255914
1,17,198,1663|1|training,1,0,0.6319732015190901,0.5099601593625498,0.9292839700190406,0.7430183430657,0.9999779796738439
1,17,199,1671|1|training,1,1,0.6976570099822551,0.5577689243027888,0.7585325528442713,0.7742939014994588,0.9977140228651902
1,17,200,1674|1|training,1,2,0.5979101177305557,0.601593625498008,0.5786126942270211,0.7685766163256165,0.5102355394917042
1,17,201,1675|1|training,1,2,0.7551207277561465,0.5577689243027888,0.5796843065059226,0.571806681564571,0.9422491024117602
1,17,202,1680|1|training,1,3,0.7186869337566694,0.8366533864541833,0.9918849920970249,0.940463766250634,0.9999928993979709
1,17,203,1728|1|training,1,0,0.5904308688012059,0.6334661354581673,0.4683369847685441,0.7581118784833433,0.22741276080049574
1,17,204,1729|1|training,1,0,0.6616580718958324,0.7131474103585658,0.938958539680598,0.4703714168842121,0.9999912749295843
1,17,205,1741|1|training,1,4,0.6363241458356146,0.5577689243027888,0.6609095995907233,0.6252823375772156,0.9999921186559415
1,17,206,1753|1|training,1,2,0.5173230064760896,0.6613545816733067,0.4697140673720585,0.6753620296342374,0.9873698908235531
1,17,207,1756|1|training,1,1,0.4004994281788868,0.5697211155378487,0.6427088205674961,0.465715559758852,0.9909920044800985
1,17,208,1759|1|training,1,0,0.3875730936977728,0.4342629482071713,0.1697320946352596,0.4496134371103066,0.00034241442446732016
1,17,209,1770|1|training,1,3,0.6010632957845193,0.6135458167330677,0.5926755683379679,0.46490381864201713,0.9381212421947356
1,17,210,1771|1|training,1,4,0.689693679119994,0.5258964143426295,0.5443552217478763,0.527735563092206,0.2406789191816489
1,17,211,1772|1|training,1,0,0.5486261539281121,0.41434262948207173,0.6624579303145183,0.5806429747737409,0.9992810221489398
1,17,212,1793|1|training,1,3,0.678965045457909,0.7091633466135459,0.8685335779706761,0.7773083395490228,0.9966348605155849
1,17,213,1794|1|training,1,4,0.6048478609164543,0.6095617529880478,0.7199848348554672,0.7696759342626043,0.9040220496679297
1,17,214,1795|1|training,1,3,0.3966754056507589,0.46613545816733065,0.2347153393131054,0.32274788065557736,0.4937860545576411
1,17,215,1802|1|training,1,0,0.47336992010686885,0.7211155378486056,0.571356286968615,0.8585492806313082,0.8387320994676771
1,17,216,1833|1|training,1,1,0.5822918421325376,0.549800796812749,0.3864197783268484,0.4097777301530326,0.972333874184739
1,17,217,1855|1|training,1,2,0.6242484546466145,0.4342629482071713,0.3719435026600488,0.16899233225490137,0.9937261102532653
1,17,218,1860|1|training,1,0,0.5740029120766524,0.5179282868525896,0.38566111500641936,0.6098483471863511,0.9800840067048484
1,17,219,1875|1|training,1,3,0.74822089959256,0.6254980079681275,0.8147960483157587,0.770624931493747,0.998821297761963
1,17,220,1876|1|training,1,0,0.4642808260333676,0.5099601593625498,0.5487237074131773,0.4588857286640715,0.6140742761886856
1,17,221,1877|1|training,1,0,0.6290137567253511,0.5258964143426295,0.18877882327842935,0.2873182767885743,0.0009986052459638516
1,17,222,1878|1|training,1,2,0.6102384713170167,0.6533864541832669,0.9083320072957387,0.5247671624344081,0.9999995465440088
1,17,223,1879|1|training,1,0,0.651158782939518,0.5697211155378487,0.8699110066639842,0.8130962918685682,0.9993646244317319
1,17,224,1880|1|training,1,3,0.7389312863179671,0.5776892430278885,0.8597185926970562,0.777774134718485,0.9992884193961905
1,17,225,1881|1|training,1,4,0.5076410726657542,0.3665338645418327,0.4150235533621948,0.2478814072380677,0.6036844049740298
1,17,226,1882|1|training,1,0,0.5786468450227453,0.4262948207171315,0.38991648384496186,0.5546785495964653,0.3001011234271117
1,17,227,2003|1|training,1,1,0.4368007788562924,0.47808764940239046,0.5696480236428623,0.16688696937830388,0.7821815695458322
1,17,228,2022|1|training,1,0,0.4729346185338486,0.5219123505976095,0.6281910781023919,0.33316566066507414,0.9782653978334683
1,17,229,2032|1|training,1,0,0.49111589667378874,0.6294820717131474,0.4903586915642757,0.832491238147929,0.9986218193931666
1,17,230,2038|1|training,1,3,0.5760820707204378,0.6294820717131474,0.2793931147827856,0.5889125700841603,0.03375796353871235
1,17,231,2039|1|training,1,1,0.4927001154353266,0.5099601593625498,0.2690053575516501,0.419616886788779,0.0012329281674917025
1,17,232,2050|1|training,1,3,0.5791603212476881,0.5258964143426295,0.7880941280885071,0.47452857265902676,0.9999780265015131
1,17,233,2057|1|training,1,2,0.4020472465998673,0.3466135458167331,0.35971792316005036,0.08070092154485864,0.022735856104943487
1,17,234,2060|1|training,1,3,0.6877685587823589,0.4900398406374502,0.7141030253197904,0.38394575255830105,0.7200920108670338
1,17,235,2071|1|training,1,2,0.5190134100978171,0.3784860557768924,0.25276151758507515,0.20691831085677842,0.017582733243221352
1,17,236,1|0|training,0,3,0.30325528967304555,0.12350597609561753,0.11977913958023283,0.02917650125887645,0.00010268310590559624
1,17,237,2|0|training,0,3,0.49839055762004014,0.43824701195219123,0.3045075277627297,0.24856245888934694,0.6118349554768416
1,17,238,3|0|training,0,2,0.5561535704457256,0.5099601593625498,0.34598397149459065,0.4322579728775242,0.7392470725842326
1,17,239,4|0|training,0,3,0.49691208627062267,0.199203187250996,0.17929060456925983,0.09534045985974336,0.0007958247570745094
1,17,240,5|0|training,0,2,0.4923790347446378,0.20318725099601595,0.259919400920501,0.14639843936280728,0.012419564542081448
1,17,241,6|0|training,0,0,0.31643557022053664,0.4940239043824701,0.1959746390997996,0.5790526484712374,0.041505845341706045
1,17,242,7|0|training,0,3,0.2809430275533827,0.3904382470119522,0.20124795218741973,0.2751513668646759,7.573775342762516e-07
1,17,243,8|0|training,0,1,0.3607639183120748,0.13147410358565736,0.05015959653779983,0.022670544882941606,2.4988292033664767e-06
1,17,244,9|0|training,0,0,0.4541225197907695,0.4103585657370518,0.2720913534439318,0.2521308363676213,0.07106373077295672
1,17,245,10|0|training,0,4,0.22323383713691686,0.2749003984063745,0.3003292752289039,0.2767414935527355,0.9990691411796888
1,17,246,11|0|training,0,2,0.5371712631389832,0.46215139442231074,0.33414961972559476,0.49520915467694937,0.9999583913001573
1,17,247,12|0|training,0,3,0.6395632389920521,0.5737051792828686,0.4820002196923316,0.20435860251221932,0.9997533714209091
1,17,248,13|0|training,0,3,0.4763623834176454,0.5378486055776892,0.3070357583445703,0.6107549251897413,0.6717128798595433
1,17,249,14|0|training,0,0,0.5807185366568574,0.47808764940239046,0.5914223891229624,0.7159100370055856,0.9736181338572666
1,17,250,15|0|training,0,2,0.40499504546172593,0.42231075697211157,0.3027031240995047,0.23065894394360426,0.4987516010274186
1,17,251,16|0|training,0,0,0.20285973558082213,0.17928286852589642,0.07554214722096314,0.18043190932220995,0.03904641473465881
1,17,252,17|0|training,0,2,0.4206016911013394,0.1952191235059761,0.1355050362505764,0.1019580409678557,0.006034946432295109
1,17,253,18|0|training,0,4,0.30398163804429695,0.17131474103585656,0.2212244566951827,0.09473105769877695,0.07944366796296186
1,17,254,19|0|training,0,1,0.508028906083121,0.3944223107569721,0.4332987318855598,0.37019659267888905,0.17419564876054394
1,17,255,20|0|training,0,3,0.3699992392822139,0.4860557768924303,0.13426913798371712,0.44449149107798913,0.00549294113832894
1,17,256,21|0|training,0,3,0.3631334048103561,0.21115537848605578,0.10803301693962683,0.06373349716211386,0.0001659657580856687
1,17,257,22|0|training,0,1,0.47973435277241955,0.601593625498008,0.2770825772353034,0.6646888970236714,0.9965053028146788
1,17,258,23|0|training,0,0,0.2877860258615886,0.099601593625498,0.06774882753232657,0.03489082701886487,0.002483158644102193
1,17,259,24|0|training,0,1,0.43873845423184643,0.15139442231075698,0.27523744492940466,0.04077406455594366,8.914399549905414e-09
1,17,260,25|0|training,0,1,0.24581013813459993,0.24302788844621515,0.06132263482186678,0.25937108861714714,0.00020181233298301307
1,17,261,26|0|training,0,3,0.13449610379220506,0.07569721115537849,0.06510934343295594,0.14884422905899716,0.2776136036705557
1,17,262,27|0|training,0,0,0.46335283334619426,0.5258964143426295,0.4570078804152311,0.8015092936176034,0.3160187817696687
1,17,263,28|0|training,0,3,0.3405321402840534,0.28286852589641437,0.3514628242982921,0.25800183968784757,0.7428564175966499
1,17,264,29|0|training,0,1,0.1964427803488768,0.17928286852589642,0.09878619451627518,0.1955358414473769,0.0022646740360197414
1,17,265,30|0|training,0,1,0.24929273626506734,0.3466135458167331,0.2042158502114865,0.5890886004670212,0.1511172568466839
1,17,266,31|0|training,0,1,0.17406736102736817,0.20318725099601595,0.05998117947142533,0.24709912249316107,0.0002341591588837801
1,17,267,32|0|training,0,3,0.29284466620821853,0.22709163346613545,0.045370555853488884,0.2575386516942819,0.0017103466976931129
1,17,268,33|0|training,0,2,0.2692086421582802,0.32270916334661354,0.11509370924970702,0.27690856231257127,0.000993844048828792
1,17,269,34|0|training,0,4,0.5121180174588295,0.46613545816733065,0.2780681496420092,0.4182620470753695,0.014941280174884199
1,17,270,35|0|training,0,3,0.4447998491957074,0.450199203187251,0.33673371822366327,0.4040179911125514,0.03472696232201943
1,17,271,36|0|training,0,1,0.32253182120608714,0.4581673306772908,0.1527329470129634,0.6633285915712914,0.004118148695662908
1,17,272,37|0|training,0,0,0.24597351861477512,0.38247011952191234,0.18140960020473423,0.3778581463251462,0.012058497053875742
1,17,273,38|0|training,0,4,0.4175357512134619,0.26693227091633465,0.22079365004431234,0.5790985991616427,0.17214484988407688
1,17,274,39|0|training,0,0,0.4697642751592377,0.5737051792828686,0.367927231026056,0.6964579080934999,0.4170746316528834
1,17,275,40|0|training,0,1,0.5392474186342329,0.5059760956175299,0.5912244712545383,0.45229902285707696,0.9907971392199152
1,17,276,41|0|training,0,0,0.30399264052171987,0.2908366533864542,0.13294280480978743,0.14961917746105927,0.12965402365113268
1,17,277,42|0|training,0,4,0.5492775717540239,0.41832669322709165,0.4721076833493791,0.2615630781757312,0.3586460198784113
1,17,278,43|0|training,0,2,0.4067172090388474,0.30677290836653387,0.1787247330284659,0.24406136854741176,0.005878154646184877
1,17,279,44|0|training,0,2,0.49890048686274663,0.3745019920318725,0.41015568052964063,0.25149943200388863,0.9078704829517246
1,17,280,45|0|training,0,4,0.5121364396229207,0.5298804780876494,0.489740268480281,0.6800196274346314,0.5737867745911067
1,17,281,46|0|training,0,3,0.45283927906321464,0.4541832669322709,0.4727873332290992,0.38491025678159696,0.9828246295536711
1,17,282,47|0|training,0,4,0.4920217121546114,0.3904382470119522,0.40488136915426265,0.06981559995202215,0.7280689883826214
1,17,283,48|0|training,0,4,0.7324895734438844,0.7051792828685259,0.8076750785784859,0.8312791663338467,0.8611567803283025
1,17,284,49|0|training,0,3,0.5222165284910463,0.3346613545816733,0.4501030453581369,0.172275345712945,0.9267628610369606
1,17,285,50|0|training,0,0,0.546892740550429,0.5936254980079682,0.367017752790555,0.6395099554763101,0.9952883168404114
1,17,286,51|0|training,0,2,0.2943590274205704,0.5298804780876494,0.11300622693169761,0.37961343614759085,0.0003953897556198501
1,17,287,52|0|training,0,2,0.5741456457627933,0.4900398406374502,0.5509952446204055,0.7905201940558579,0.9992107170426889
1,17,288,53|0|training,0,3,0.576718711741186,0.6693227091633466,0.5903630595644505,0.9301192023351926,0.9998243236878188
1,17,289,54|0|training,0,3,0.2954990464617339,0.601593625498008,0.33620696814062456,0.5555633664318304,0.389453256364461
1,17,290,55|0|training,0,2,0.4306512877356654,0.649402390438247,0.43121998410891443,0.6688679554032995,0.05228426364833249
1,17,291,56|0|training,0,3,0.6297152768367873,0.6733067729083665,0.7371723617802661,0.8600525032995848,0.9992114975743781
1,17,292,57|0|training,0,4,0.398601260068982,0.44621513944223107,0.09629565244920155,0.12197818782050501,0.0012509018827932213
1,17,293,58|0|training,0,1,0.6096452371438044,0.5896414342629482,0.6988561329197552,0.39937018621321774,0.9680288592446746
1,17,294,59|0|training,0,4,0.0909235928634409,0.04780876494023904,0.04246363852098087,0.04073089147945526,0.0017348513322542364
1,17,295,60|0|training,0,4,0.48371978684405004,0.36254980079681276,0.39598236732423814,0.24217293135647336,0.10219526172119978
1,17,296,61|0|training,0,3,0.0820036041479656,0.07171314741035857,0.019695539249217534,0.09193656343773644,0.00014777444383331722
1,17,297,62|0|training,0,1,0.44815201772772345,0.4701195219123506,0.606811189557165,0.5289314327454692,0.9658487101895867
1,17,298,63|0|training,0,4,0.15225167795523117,0.2151394422310757,0.015337508621743483,0.11197762675295225,0.002230287695061442
1,17,299,64|0|training,0,2,0.44695910372119835,0.4820717131474104,0.39905481040701024,0.49653226102789055,0.9903062545238109
1,17,300,65|0|training,0,1,0.43865619977193604,0.3745019920318725,0.15050001977606395,0.4278218638524029,0.0010128885425936642
1,17,301,66|0|training,0,0,0.471506651806776,0.5378486055776892,0.18775201306863337,0.46888560211140184,0.21937963765251334
1,17,302,67|0|training,0,1,0.3618417120926692,0.1394422310756972,0.046483190742645494,0.04952935282448519,1.2417064134006077e-05
1,17,303,68|0|training,0,2,0.24944234448954444,0.2948207171314741,0.10740273242141424,0.03096825361854978,0.14816482526724722
1,17,304,69|0|training,0,0,0.3370549456190618,0.41434262948207173,0.10498027649828663,0.6604883779438006,4.707188864111511e-05
1,17,305,70|0|training,0,2,0.17069332205901747,0.18725099601593626,0.08824068770608634,0.08691662739902378,0.005834261929110181
1,17,306,71|0|training,0,3,0.19412436475459435,0.2948207171314741,0.09960109246954779,0.22326286963370312,0.1977003998200949
1,17,307,72|0|training,0,1,0.5335585873403856,0.4063745019920319,0.5,0.5535933626887963,0.9889360930990292
1,17,308,73|0|training,0,4,0.4154615728280263,0.5537848605577689,0.32884550645580357,0.6712068720195342,0.711699703139126
1,17,309,74|0|training,0,4,0.525464274810294,0.4302788844621514,0.5,0.3239102381740389,0.6327550968652026
1,17,310,75|0|training,0,1,0.2911768166458523,0.5338645418326693,0.7111928069245683,0.4476597171916406,0.9994144302330756
1,17,311,76|0|training,0,3,0.4244289922989027,0.6254980079681275,0.44291669171753506,0.3186611796079172,0.9546411505944311
1,17,312,77|0|training,0,1,0.509640805920826,0.5976095617529881,0.6006447520838465,0.6484105266045592,0.9974877754195567
1,17,313,78|0|training,0,4,0.22709295554558584,0.13147410358565736,0.015336393279257673,0.019121158014141326,1.5964614736408109e-09
1,17,314,79|0|training,0,0,0.43713794465459305,0.42231075697211157,0.06692373586655666,0.455239307413693,2.3013311135585196e-05
1,17,315,80|0|training,0,1,0.33560393505065717,0.38247011952191234,0.2429128505782594,0.26100921316714165,0.00802336838026969
1,17,316,81|0|training,0,4,0.5182579065302082,0.5418326693227091,0.6247896014872171,0.7658243371240687,0.9616322074399316
1,17,317,82|0|training,0,3,0.3896784081451184,0.2749003984063745,0.06090279334826058,0.2170584730293364,0.0005658843886235053
1,17,318,83|0|training,0,3,0.48454004701442305,0.6294820717131474,0.2385584171306093,0.6813708006739392,0.004202126915714513
1,17,319,84|0|training,0,1,0.31604896296002916,0.20717131474103587,0.20063381166110095,0.10290898640951344,0.0004917577083682032
1,17,320,85|0|training,0,4,0.31434556258602514,0.3944223107569721,0.32131886212031807,0.23370487266102988,0.0825933766842924
1,17,321,86|0|training,0,1,0.2807428929350078,0.2350597609561753,0.1389467405130713,0.10183619894732306,0.0012880403444974122
1,17,322,87|0|training,0,0,0.49857784688399903,0.649402390438247,0.7443194640533203,0.6571218106394735,0.999900779054985
1,17,323,88|0|training,0,0,0.5727970320407757,0.6812749003984063,0.7854372456521038,0.7592291261526802,0.9866259452695806
1,17,324,89|0|training,0,1,0.24159127384254211,0.2948207171314741,0.37663939165913735,0.20177241372419,0.9980393347248162
1,17,325,90|0|training,0,0,0.4687080592635695,0.6772908366533864,0.8625247863861981,0.8180385194448471,0.9999258774162308
1,17,326,91|0|training,0,0,0.5454902027823926,0.6135458167330677,0.5,0.7329712083901251,0.673172155819496
1,17,327,92|0|training,0,1,0.3012992216027081,0.41832669322709165,0.3508549818002809,0.4624239125297551,0.41431601403432744
1,17,328,93|0|training,0,1,0.42054662360952355,0.4541832669322709,0.2943445170898653,0.4959789859951004,0.0006558012753562231
1,17,329,94|0|training,0,2,0.37824797616350575,0.30677290836653387,0.21429159918614488,0.12704053696050027,5.957397947632816e-05
1,17,330,95|0|training,0,2,0.5835504409469657,0.701195219123506,0.8540595356525503,0.9405850008329218,0.9937631072569885
1,17,331,96|0|training,0,4,0.498571923784583,0.5139442231075697,0.5837407243002326,0.4515587052738117,0.9401290426847718
1,17,332,97|0|training,0,4,0.4934920144709907,0.50199203187251,0.27987525592611323,0.2748344974703165,0.007223495285388492
1,17,333,98|0|training,0,0,0.4429341878335701,0.4302788844621514,0.4531475413208636,0.10402601935849672,0.9036209254262743
1,17,334,99|0|training,0,2,0.34193222792994576,0.250996015936255,0.11608817947234232,0.0790373260267882,0.014721326381978142
1,17,335,100|0|training,0,2,0.49668219509768147,0.601593625498008,0.7724828409506984,0.6969322332629772,0.4546703073859384
1,17,336,101|0|training,0,0,0.3496456491445478,0.6374501992031872,0.3035119749764922,0.7973052246659159,0.3259103215315312
1,17,337,102|0|training,0,1,0.361627654486359,0.5617529880478087,0.2535337567176383,0.5973687633374137,0.1912600781339176
1,17,338,103|0|training,0,1,0.2953263048471771,0.29880478087649404,0.3529645504736116,0.2296459240375396,0.3745037953729545
1,17,339,104|0|training,0,4,0.23292889132410233,0.11952191235059761,0.01890039873101795,0.02347873957030059,7.358820898402135e-05
1,17,340,105|0|training,0,0,0.3545096515350103,0.4940239043824701,0.14498129567248635,0.5169027503488813,0.002268283167399435
1,17,341,106|0|training,0,1,0.44128024617167816,0.4860557768924303,0.3715693766249046,0.44665011508317,0.21029993654227935
1,17,342,107|0|training,0,3,0.29579033600740334,0.24302788844621515,0.026895787905980312,0.14360173910268742,0.00012497467399957447
1,17,343,108|0|training,0,4,0.2593828817773968,0.22310756972111553,0.016213932311690916,0.1407403498481582,9.500905308654527e-08
1,17,344,109|0|training,0,0,0.30579643892396124,0.32270916334661354,0.1707087340298062,0.10859285493789002,0.07400875663352345
1,17,345,110|0|training,0,3,0.4472610463508595,0.24701195219123506,0.13018853234689853,0.09146103670420806,0.0003865109262664717
1,17,346,111|0|training,0,0,0.31667842918782724,0.1394422310756972,0.013665384055117986,0.08012333117039418,5.524922018489611e-06
1,17,347,112|0|training,0,0,0.3975184289069685,0.4541832669322709,0.24104841096956994,0.2968419788682255,0.37393005613241126
1,17,348,113|0|training,0,4,0.5174192650277628,0.6812749003984063,0.4930387938288789,0.9218853143577956,0.6846291938834936
1,17,349,114|0|training,0,2,0.5193740110204647,0.6733067729083665,0.6852649238272209,0.8494347820992695,0.5540049347359091
1,17,350,115|0|training,0,4,0.3553359501190042,0.3466135458167331,0.12437212028707327,0.22573167629409457,0.005180270672604047
1,17,351,116|0|training,0,3,0.3590076157467134,0.2350597609561753,0.024694613399543857,0.10501699786252712,4.0616558766671034e-05
1,17,352,117|0|training,0,4,0.4333590287496973,0.3944223107569721,0.3307266775955407,0.16284511780505684,0.18595273109476346
1,17,353,118|0|training,0,3,0.49576896696797706,0.4541832669322709,0.3715651304762913,0.6562123199469435,0.30621360189441765
1,17,354,119|0|training,0,3,0.16586729817446538,0.23904382470119523,0.04153658297627574,0.14994742807210784,0.011181715195085002
1,17,355,120|0|training,0,4,0.306865801736113,0.2908366533864542,0.08267045954055702,0.13009027293250947,0.00126913765991602
1,17,356,121|0|training,0,3,0.30455194854201373,0.4302788844621514,0.17917215825241906,0.3210155716738501,0.17438081634153496
1,17,357,122|0|training,0,1,0.32284210554367765,0.3665338645418327,0.14499122455259067,0.1656426081348393,5.3834390335770935e-05
1,17,358,123|0|training,0,4,0.45272823564825865,0.14741035856573706,0.3534942182325753,0.0774951251884435,0.07862756435769944
1,17,359,124|0|training,0,0,0.6088577923847915,0.5896414342629482,0.8266174672672342,0.898845118240157,0.8866039277477391
1,17,360,125|0|training,0,2,0.4136750246752297,0.3745019920318725,0.20077427844451246,0.20331136529636293,0.054500236393234223
1,17,361,126|0|training,0,2,0.37065551001672203,0.3665338645418327,0.13683743980714463,0.09276073320003,0.011462757921464001
1,17,362,127|0|training,0,3,0.46122823525122775,0.6215139442231076,0.46066145993072344,0.6247395514631465,0.10499552064347506
1,17,363,128|0|training,0,1,0.3101573212163103,0.32669322709163345,0.0938973535409427,0.12951848220142853,0.0019172585250993369
1,17,364,129|0|training,0,2,0.371834745281724,0.47808764940239046,0.2865019445432303,0.33800638895545465,0.13362776683155494
1,17,365,130|0|training,0,0,0.20882936417505624,0.27091633466135456,0.12826709577977344,0.39964791336674393,0.37011216454011026
1,17,366,131|0|training,0,1,0.534602587509352,0.4581673306772908,0.2005869523633621,0.47434328295730793,0.003141439057704376
1,17,367,132|0|training,0,1,0.5697756859421355,0.5737051792828686,0.5736329776125277,0.4790395666960868,0.8759929196155212
1,17,368,133|0|training,0,3,0.2077676562078764,0.3745019920318725,0.030457020681585914,0.19186399287514092,0.0005697176685106816
1,17,369,134|0|training,0,1,0.4284655300562303,0.350597609561753,0.20215887814600003,0.4295400639757986,0.059256465563016336
1,17,370,135|0|training,0,2,0.41803468976243474,0.46613545816733065,0.2620078463498042,0.6373215015253221,0.8634051060889517
1,17,371,136|0|training,0,2,0.25577761533292204,0.21115537848605578,0.06699744146892776,0.0813714368232103,0.0006673824561200897
1,17,372,137|0|training,0,3,0.19334064496406325,0.30677290836653387,0.03537633552051103,0.22325379835829995,0.008049660694167883
1,17,373,138|0|training,0,4,0.5090077555819481,0.7131474103585658,0.9633889338169312,0.8329350374743598,0.999896497987611
1,17,374,139|0|training,0,2,0.38169174179250503,0.6932270916334662,0.6435671330167646,0.836509705588118,0.22212914215723534
1,17,375,140|0|training,0,2,0.3300789625853982,0.3904382470119522,0.22866621892250233,0.38276287355718575,0.4592703507343871
1,17,376,141|0|training,0,4,0.39276775938428443,0.22310756972111553,0.07520987798545513,0.1495594379410754,0.0007953045940256067
1,17,377,142|0|training,0,3,0.4979622157012613,0.24701195219123506,0.09221858422733353,0.10948459891306556,0.0004289001557196274
1,17,378,143|0|training,0,0,0.27830379605242606,0.40239043824701193,0.2457076535149898,0.40212354006224776,0.4413684851817282
1,17,379,144|0|training,0,0,0.35962276379367547,0.38247011952191234,0.20967425950559734,0.17668278866758455,0.34107428314967236
1,17,380,145|0|training,0,1,0.45496472617343814,0.6055776892430279,0.4603305979747646,0.4365561603612182,0.821521126904055
1,17,381,146|0|training,0,2,0.2790527848407786,0.3466135458167331,0.060439380209762195,0.09825821093720685,4.160435607160182e-07
1,17,382,147|0|training,0,1,0.26912820992356135,0.3187250996015936,0.07122192593867448,0.15402805669322117,9.703830874678943e-05
1,17,383,148|0|training,0,0,0.5030868361707083,0.549800796812749,0.36730629453704244,0.37477248156189646,0.4780799157868724
1,17,384,149|0|training,0,1,0.3971867544424064,0.40239043824701193,0.2472347850105877,0.30304455586313916,0.0020678934384077523
1,17,385,150|0|training,0,4,0.4631065450885502,0.44223107569721115,0.4641943541960773,0.6729152069466158,0.33321654264311584
1,17,386,151|0|training,0,1,0.5377970081071621,0.3346613545816733,0.35087594649630055,0.3018104215684618,0.992118422672123
1,17,387,152|0|training,0,0,0.18119439607139876,0.2589641434262948,0.14179149446264883,0.21556545987527453,0.4171873223804061
1,17,388,153|0|training,0,2,0.4746170359799595,0.26294820717131473,0.11506184522464036,0.2898183207177784,0.00037342191718875764
1,17,389,154|0|training,0,0,0.25232931538716796,0.3784860557768924,0.15655153744911013,0.20262348675933384,0.9792212236528427
1,17,390,155|0|training,0,4,0.30383864932759375,0.4900398406374502,0.24020915774825863,0.48949723126103645,0.04478348739769043
1,17,391,156|0|training,0,3,0.27433717424999277,0.2749003984063745,0.07795519202768271,0.21751797197055517,0.0011346619827088261
1,17,392,157|0|training,0,1,0.4746759352863257,0.3466135458167331,0.3541359704816106,0.19805374669739695,0.14762068983662896
1,17,393,158|0|training,0,4,0.3112652410754026,0.19123505976095617,0.0896853901943251,0.1519706252964516,0.00012671047730092438
1,17,394,159|0|training,0,3,0.41315503479942606,0.50199203187251,0.1574121347320296,0.49095447679860865,0.018551383937564975
1,17,395,160|0|training,0,0,0.42903972139426766,0.848605577689243,0.7746087983454126,0.9445484216041888,0.8229334610966847
1,17,396,161|0|training,0,0,0.31567577548531883,0.601593625498008,0.49406906993702304,0.4117535175421777,0.8390813328072688
1,17,397,162|0|training,0,2,0.33639018723945363,0.4262948207171315,0.175885886871771,0.26259898170086954,0.0002441507789831744
1,17,398,163|0|training,0,2,0.5262235566904778,0.4063745019920319,0.224825880498314,0.529176588151114,0.05552449351509604
1,17,399,164|0|training,0,4,0.29139088646183003,0.5099601593625498,0.1961992864961253,0.8212891025331696,0.00855843356927374
1,17,400,165|0|training,0,2,0.4291048150800637,0.4262948207171315,0.27826820242317984,0.733212872074029,0.03776482705806832
1,17,401,166|0|training,0,0,0.3181925245151745,0.41832669322709165,0.3341134833491183,0.49674019413477555,0.9267582243404942
1,17,402,167|0|training,0,4,0.22265122349800648,0.2151394422310757,0.0364907959317928,0.14852972639772163,2.835697209468957e-06
1,17,403,168|0|training,0,3,0.2854426152171367,0.38645418326693226,0.02380414014492545,0.20362096955724912,2.2777967806042803e-06
1,17,404,169|0|training,0,4,0.42938103385764703,0.5577689243027888,0.39970607087292565,0.6642682272418067,0.47890716991340637
1,17,405,170|0|training,0,0,0.28516383175269555,0.1394422310756972,0.010622227111938755,0.10780145041255652,1.5356222149982315e-05
1,17,406,171|0|training,0,2,0.21811195897503177,0.14342629482071714,0.047431768414981944,0.06059542722899182,2.4350060001751827e-05
1,17,407,172|0|training,0,0,0.3884691501714063,0.4940239043824701,0.0316847496345018,0.6257218865182853,5.7636648834260256e-06
1,17,408,173|0|training,0,1,0.4199271836945971,0.42231075697211157,0.15984075750290727,0.3552266848219503,0.002307438777019299
1,17,409,174|0|training,0,2,0.37829525497073585,0.7051792828685259,0.7128282285320459,0.8447378339917543,0.925355930365619
1,17,410,175|0|training,0,1,0.2566637145049381,0.20717131474103587,0.0797642392101433,0.13237346388389787,0.00022893437860494647
1,17,411,176|0|training,0,0,0.35371265061619367,0.7888446215139442,0.5815951563261484,0.7662482836684626,0.46697999968157156
1,17,412,177|0|training,0,0,0.45580647067043417,0.7450199203187251,0.4402735910520034,0.7103152552060645,0.9336974546848154
1,17,413,178|0|training,0,3,0.2172745422796551,0.13147410358565736,0.015553530755983869,0.1532441037101573,1.6261810729803348e-05
1,17,414,179|0|training,0,2,0.3293474543247909,0.2788844621513944,0.06486123497428929,0.16554082920656296,0.004344766020739296
1,17,415,180|0|training,0,2,0.23820892777771757,0.0796812749003984,0.07059100854852478,0.06283769820152418,3.008218632458993e-05
1,17,416,181|0|training,0,0,0.4883976675921073,0.44223107569721115,0.3133600495674658,0.21779212141083865,0.15568557073827716
1,17,417,182|0|training,0,4,0.40945675461748143,0.549800796812749,0.6245973867975861,0.584414044019211,0.4752254580664671
1,17,418,183|0|training,0,4,0.5795260971267276,0.4063745019920319,0.27026960730211647,0.45646770794145264,0.005241035337133056
1,17,419,184|0|training,0,0,0.4099852568427294,0.5258964143426295,0.5893274667554814,0.5867352162986642,0.9884996060251455
1,17,420,185|0|training,0,1,0.26427596108137635,0.2788844621513944,0.1081758816963695,0.290540110187567,0.00318771003147802
1,17,421,186|0|training,0,2,0.42991073355876014,0.6613545816733067,0.38411421718079175,0.7130171373577026,0.35495588096534614
1,17,422,187|0|training,0,1,0.322489754710343,0.1952191235059761,0.19695084624505738,0.07736175177923361,0.04364104683322247
1,17,423,188|0|training,0,2,0.4856016664005047,0.5896414342629482,0.17845273556010616,0.6289524942952974,0.0029526509163358325
1,17,424,189|0|training,0,3,0.5047725117452474,0.3346613545816733,0.2831396972127677,0.6434719074279878,0.19871155717644845
1,17,425,190|0|training,0,1,0.33673462676525595,0.20318725099601595,0.09619234302667189,0.08651768344791262,0.00018679100633283653
1,17,426,191|0|training,0,0,0.44305540263432186,0.44223107569721115,0.6330589646334212,0.47560914741186205,0.9570370742900621
1,17,427,192|0|training,0,2,0.30741789189865615,0.20318725099601595,0.17953200121694377,0.12500137243767626,0.0015228204884601736
1,17,428,193|0|training,0,4,0.6500869511427406,0.7888446215139442,0.8315400410853855,0.8339017250109475,0.9609583295423275
1,17,429,194|0|training,0,3,0.3847954623485737,0.5776892430278885,0.44626834082888567,0.6618338513306098,0.3274089815601267
1,17,430,195|0|training,0,0,0.4133539584033194,0.5258964143426295,0.15221111525427866,0.5784446639715842,0.0030659319990644
1,17,431,196|0|training,0,4,0.5362115038950366,0.4541832669322709,0.46622024856154437,0.3326342304640303,0.7848536058548361
1,17,432,197|0|training,0,2,0.581054590051823,0.6613545816733067,0.6715701805563253,0.9588997230406778,0.9249530118982471
1,17,433,198|0|training,0,3,0.28441775880568826,0.29880478087649404,0.0448690427821292,0.11960792254786631,6.521385853833761e-06
1,17,434,199|0|training,0,0,0.35169579312072474,0.26693227091633465,0.20049157247776983,0.16476033196465173,0.012763844566809783
1,17,435,200|0|training,0,3,0.3282687115024549,0.5378486055776892,0.5987722783469137,0.6348894901587896,0.29211173933751405
1,17,436,201|0|training,0,2,0.33846502928561,0.5976095617529881,0.32003682460935956,0.6871567760038058,0.6878192405725383
1,17,437,202|0|training,0,2,0.5370114443687382,0.7609561752988048,0.779942917884462,0.8683888608726367,0.801098432829806
1,17,438,203|0|training,0,3,0.382402110273324,0.199203187250996,0.13505516020057476,0.07673849019130273,0.014643246259684266
1,17,439,204|0|training,0,1,0.22580740654504103,0.10358565737051793,0.18773999200753877,0.04019180737765041,7.867202917015189e-06
1,17,440,205|0|training,0,4,0.3441682272031983,0.2749003984063745,0.23792447579799006,0.20758498287348942,0.8646404423667945
1,17,441,206|0|training,0,4,0.4916098228135394,0.7569721115537849,0.8312449048615899,0.8548484972759648,0.9967156592826254
1,17,442,207|0|training,0,4,0.3727340821437582,0.4860557768924303,0.27710986708016727,0.22764100917312136,0.031178216798732523
1,17,443,208|0|training,0,4,0.4196446405829083,0.4342629482071713,0.660637614126275,0.6202032460408271,0.9791627441534596
1,17,444,209|0|training,0,4,0.4900477102515506,0.6294820717131474,0.8407798993727736,0.7209255702144146,0.7150720788314882
1,17,445,210|0|training,0,4,0.29578810758304774,0.26294820717131473,0.15912079639353896,0.5121664719595362,0.15130744507551233
1,17,446,211|0|training,0,0,0.471373421584476,0.3426294820717131,0.0523681668714667,0.09159165167311169,3.876341578305938e-06
1,17,447,212|0|training,0,1,0.3860253300208777,0.23107569721115537,0.20061401274724958,0.22740340108187956,0.01647746027826023
1,17,448,213|0|training,0,3,0.32173956536827775,0.1952191235059761,0.040276401504914995,0.04996001187262717,0.05886341622214054
1,17,449,214|0|training,0,0,0.28880287799014914,0.11553784860557768,0.007979759460949129,0.039941043999477795,5.8985632618027966e-08
1,17,450,215|0|training,0,1,0.5145968959151052,0.4900398406374502,0.28503138411415607,0.592412710920926,0.10717970150843922
1,17,451,216|0|training,0,0,0.32538344816656045,0.46215139442231074,0.37013322711846075,0.23426730402316528,0.16191957561475104
1,17,452,217|0|training,0,2,0.5131309819048885,0.5896414342629482,0.781102182128614,0.7390594227590817,0.9935916469624697
1,17,453,218|0|training,0,3,0.5713886848962428,0.40239043824701193,0.5483742463909156,0.3021641043821111,0.8063228940083964
1,17,454,219|0|training,0,4,0.4860829060027005,0.3904382470119522,0.7125910886502701,0.47882966145496086,0.826785732181317
1,17,455,220|0|training,0,2,0.17642119321466093,0.05179282868525897,0.032854034221872816,0.019501122331650966,3.109927644893837e-06
1,17,456,221|0|training,0,3,0.20827637376275307,0.13147410358565736,0.013194194731710806,0.08358767884477926,0.007749331291420885
1,17,457,222|0|training,0,3,0.5769739129457553,0.4940239043824701,0.728404000919198,0.7569311494596621,0.9987030778429922
1,17,458,223|0|training,0,1,0.23195283954024293,0.15139442231075698,0.08545195320200542,0.2810532562865893,0.003957700551495885
1,17,459,224|0|training,0,3,0.48168513152776576,0.5258964143426295,0.9375833064423299,0.7296888066716478,0.9696167828886635
1,17,460,225|0|training,0,4,0.3672424376929004,0.43824701195219123,0.19216859060647917,0.26183305465298734,0.17277000599687456
1,17,461,226|0|training,0,1,0.4713331982589401,0.4302788844621514,0.19360124771731912,0.41511067791653194,0.0026550960411388822
1,17,462,227|0|training,0,0,0.45710495094627673,0.46215139442231074,0.5484493674290108,0.5899808673123643,0.4779630314493815
1,17,463,228|0|training,0,4,0.5346983335520726,0.701195219123506,0.9666805639155185,0.7772187378457924,0.990265735468796
1,17,464,229|0|training,0,2,0.6559290117432877,0.5657370517928287,0.6220969989410976,0.5686659818988077,0.16292393451231318
1,17,465,230|0|training,0,3,0.40329315954579986,0.3426294820717131,0.4235476936080561,0.16502706005759996,0.13674940170452773
1,17,466,231|0|training,0,2,0.637057428308358,0.649402390438247,0.7424711672404918,0.4379748401123771,0.6146324157414481
1,17,467,232|0|training,0,2,0.516486583679304,0.7211155378486056,0.4056315333035221,0.6607968669542489,0.1381321724682198
1,17,468,233|0|training,0,1,0.2924556217261969,0.3545816733067729,0.49467074183747617,0.22828545252848523,0.9434682109460248
1,17,469,234|0|training,0,0,0.4604635066618939,0.649402390438247,0.6580816623161693,0.39649685644766036,0.16878235912523515
1,17,470,235|0|training,0,2,0.6201057799190621,0.5537848605577689,0.4835150295915044,0.3957888047554197,0.11675141047343096
1,17,471,236|0|training,0,1,0.42991665625434217,0.3346613545816733,0.35076445406478635,0.31256707813425433,0.15381444027297128
2,29,0,20|1|training,1,3,0.6764216614727713,0.6414342629482072,0.665055194414617,0.7384934767105821,0.7858769560962701
2,29,1,21|1|training,1,3,0.6401438742791433,0.6533864541832669,0.9701325720449074,0.6825798292845425,0.999744306507747
2,29,2,22|1|training,1,4,0.5609604417899134,0.8565737051792829,0.9402472367136175,0.9222137524608107,0.991750050654049
2,29,3,35|1|training,1,4,0.39364053884864003,0.49800796812749004,0.33126615575728446,0.6080128828594364,0.018226968866508247
2,29,4,38|1|training,1,3,0.41010596547548717,0.6972111553784861,0.32161024026631235,0.7408784313013322,0.05831090889294355
2,29,5,39|1|training,1,2,0.4653102662691682,0.649402390438247,0.8090860387332964,0.7669139618946721,0.9650963396236979
2,29,6,40|1|training,1,3,0.5599711695475654,0.6334661354581673,0.5398868239364414,0.7544206699445861,0.781183050832409
2,29,7,54|1|training,1,1,0.5246868079961373,0.549800796812749,0.6452439533027783,0.7940572678987659,0.4239842433615798
2,29,8,55|1|training,1,2,0.6160750745692694,0.6733067729083665,0.7607703753586087,0.7302783978935249,0.8892900447441988
2,29,9,56|1|training,1,1,0.6536327932985854,0.701195219123506,0.9089995445066539,0.8260546514310186,0.9959561499814297
2,29,10,57|1|training,1,1,0.5373996031492052,0.7609561752988048,0.9208604633292986,0.9154122672362471,0.9994724329699809
2,29,11,58|1|training,1,0,0.5164565362042481,0.6852589641434262,0.6449324921142914,0.6895851312512573,0.2897305114353151
2,29,12,59|1|training,1,2,0.7496764957274905,0.7211155378486056,0.9648934686139365,0.8704358920413102,0.9934406422030917
2,29,13,60|1|training,1,2,0.6070069589835805,0.7569721115537849,0.9310272413239422,0.8105143826084499,0.9999038539050026
2,29,14,62|1|training,1,0,0.4841189781127875,0.6215139442231076,0.6873191051667586,0.35947682973926715,0.6253812129205678
2,29,15,64|1|training,1,2,0.542949211242972,0.7290836653386454,0.8708746118903051,0.7821983270925091,0.9358766287558975
2,29,16,77|1|training,1,1,0.5745819953761497,0.4541832669322709,0.2439539028095434,0.43370536150072747,0.0023249961955220393
2,29,17,117|1|training,1,2,0.5881522364533376,0.3346613545816733,0.2791085398577244,0.2750526388820178,0.03410889232565282
2,29,18,118|1|training,1,1,0.5011344213325377,0.4581673306772908,0.11631526271597566,0.13519212990860915,0.006956388090102997
2,29,19,119|1|training,1,3,0.6663194655472253,0.896414342629482,0.9153357532536844,0.9547683501164473,0.9979576396562556
2,29,20,120|1|training,1,4,0.4024359467843992,0.7330677290836654,0.7040636306248597,0.6188625639855316,0.6353706427817191
2,29,21,121|1|training,1,4,0.6107002860275517,0.7091633466135459,0.9654590967383408,0.7694290439225497,0.9997554516296725
2,29,22,123|1|training,1,0,0.6123886420020636,0.9043824701195219,0.9915779558346405,0.9721845570552274,0.9999740051881228
2,29,23,124|1|training,1,1,0.5034470945114143,0.6812749003984063,0.6047763129200833,0.8670237578191023,0.7190655084880035
2,29,24,125|1|training,1,0,0.5302071415620643,0.7091633466135459,0.9429614417513126,0.5824607536368169,0.996920006522484
2,29,25,126|1|training,1,1,0.5613531968348313,0.7131474103585658,0.9653106195427792,0.7384065669219191,0.9998189689271083
2,29,26,128|1|training,1,3,0.6496384235297571,0.6334661354581673,0.7822959848160425,0.8076342745347836,0.9865885361331117
2,29,27,129|1|training,1,4,0.55277930102516,0.7330677290836654,0.7048160652978523,0.8230801765820843,0.6479680757583954
2,29,28,130|1|training,1,3,0.606394164698483,0.7529880478087649,0.9183187108588153,0.7983708810273531,0.9984323088977639
2,29,29,131|1|training,1,1,0.475335148620796,0.5298804780876494,0.5610271448966642,0.47199765737543475,0.660695750653769
2,29,30,133|1|training,1,4,0.7048047132253741,0.6932270916334662,0.8910612489727726,0.6771424171976472,0.9558611241794962
2,29,31,134|1|training,1,3,0.6071815917645517,0.8167330677290837,0.7514059996080344,0.9133928598973692,0.7916629258536199
2,29,32,135|1|training,1,4,0.4495842755592213,0.5577689243027888,0.5911268192911067,0.3087126739437013,0.05401118563915649
2,29,33,136|1|training,1,0,0.548329021022104,0.6613545816733067,0.9749235977563679,0.7519569173289404,0.9998810601111819
2,29,34,143|1|training,1,2,0.6257122411767652,0.7211155378486056,0.8830729773426044,0.8821193285847803,0.998385592145619
2,29,35,145|1|training,1,1,0.4368983842112576,0.47410358565737054,0.6455040658615508,0.30645516338928896,0.9991416537335672
2,29,36,155|1|training,1,2,0.4938851256784933,0.5418326693227091,0.2130985625024803,0.4044635723892089,0.001146391618417258
2,29,37,169|1|training,1,1,0.4081930839908992,0.4820717131474104,0.2765448405518576,0.7078556987702604,0.009026934532931477
2,29,38,172|1|training,1,2,0.4726516553733439,0.5258964143426295,0.537359290912016,0.7781332774447643,0.8252026097699676
2,29,39,173|1|training,1,0,0.46026094786062755,0.4342629482071713,0.12231747983732559,0.3446479377842747,0.00820759358057088
2,29,40,174|1|training,1,0,0.5823306295628099,0.6812749003984063,0.8501757961080104,0.9272515403150083,0.996541977590353
2,29,41,177|1|training,1,2,0.5202407686220842,0.5298804780876494,0.30887289010662716,0.629885073527176,0.018758912021336553
2,29,42,179|1|training,1,2,0.7079922856230809,0.41832669322709165,0.8206816920825797,0.3491029379551029,0.9969066032382952
2,29,43,200|1|training,1,0,0.257968859203611,0.4541832669322709,0.13865685343114517,0.4583559284938715,0.003108923450009773
2,29,44,201|1|training,1,2,0.5584361474257336,0.5816733067729084,0.4357510301839136,0.49397686942759106,0.0980388114353528
2,29,45,202|1|training,1,0,0.5694124278398184,0.4103585657370518,0.2556056094577435,0.10736340063645626,0.017816262330298503
2,29,46,299|1|training,1,2,0.3242131457745608,0.3944223107569721,0.1283829735589674,0.1607752798540508,0.00018731949602427883
2,29,47,300|1|training,1,2,0.37251548938347057,0.32270916334661354,0.26046933556566154,0.26508019911144104,0.015170912851526226
2,29,48,301|1|training,1,4,0.5458051118859714,0.4940239043824701,0.4091674584773742,0.5840688349260009,0.2435758415195096
2,29,49,302|1|training,1,1,0.6198361671975358,0.6135458167330677,0.6985432832671983,0.6687787753782116,0.9594391942581892
2,29,50,309|1|training,1,1,0.5517834726501466,0.6215139442231076,0.8033285517974011,0.8747236811356558,0.9972969739532148
2,29,51,310|1|training,1,2,0.7057618650373318,0.796812749003984,0.9059883325405113,0.8960261035069631,0.5901410122129067
2,29,52,311|1|training,1,4,0.472096258913408,0.4820717131474104,0.5269139333175066,0.40865661392708,0.5648887694598664
2,29,53,312|1|training,1,4,0.6686080843218484,0.5378486055776892,0.7416971435953507,0.5549430530332274,0.9810711898864906
2,29,54,313|1|training,1,3,0.4382487455535981,0.46215139442231074,0.2894412806711521,0.3430477764953059,0.07618788732950112
2,29,55,315|1|training,1,2,0.4678159512378829,0.6573705179282868,0.808303751432415,0.7005052979871783,0.5986938425866876
2,29,56,318|1|training,1,0,0.76169738830172,0.8804780876494024,0.9648354288078482,0.9381354932578098,0.9912448350993465
2,29,57,320|1|training,1,1,0.5452209500324572,0.4701195219123506,0.749754710770787,0.31115140693032073,0.9996253269077896
2,29,58,321|1|training,1,3,0.6102236152485256,0.4820717131474104,0.4801157880700732,0.3847528013735822,0.8218749707781605
2,29,59,322|1|training,1,3,0.4578940704250609,0.199203187250996,0.16978351203689415,0.07742166182774411,0.002657769181428847
2,29,60,323|1|training,1,4,0.731911474998223,0.7171314741035857,0.9379740331494889,0.8704063093232822,0.9999642515564019
2,29,61,324|1|training,1,0,0.5305074322332931,0.49800796812749004,0.7543861460515889,0.41920839210844496,0.9552905406409204
2,29,62,325|1|training,1,2,0.7937517461534284,0.4103585657370518,0.5821659361987895,0.4430945391327425,0.047231715548583186
2,29,63,326|1|training,1,4,0.5383756593423656,0.5418326693227091,0.9036515882183879,0.8338239970797229,0.9982425073497605
2,29,64,327|1|training,1,0,0.7235220768935896,0.49800796812749004,0.9712405003012436,0.8099501149193898,0.9995008408549726
2,29,65,328|1|training,1,1,0.5740750585317057,0.5258964143426295,0.6104904603395284,0.4859434555379667,0.32493440925939077
2,29,66,352|1|training,1,2,0.5847621249172951,0.4541832669322709,0.336032771227638,0.4715506245063461,0.779397303472188
2,29,67,353|1|training,1,4,0.7502469775655329,0.5856573705179283,0.8847062972829253,0.41141719238706714,0.5959241969285357
2,29,68,359|1|training,1,3,0.5525303529373103,0.701195219123506,0.8945797681132192,0.7166989261996981,0.9069315510914521
2,29,69,386|1|training,1,3,0.5468271444542852,0.6972111553784861,0.8422870872159651,0.8001203962551886,0.7085944606808195
2,29,70,398|1|training,1,3,0.5896654726429035,0.5936254980079682,0.6447449373420248,0.24859495877667756,0.9848088258152515
2,29,71,421|1|training,1,2,0.571919523940569,0.601593625498008,0.8084771569943213,0.6671216342723681,0.9788680476986054
2,29,72,451|1|training,1,3,0.6708649211615866,0.6653386454183267,0.9221174168247462,0.5558639445543245,0.9838784172968418
2,29,73,454|1|training,1,0,0.648351357587557,0.7290836653386454,0.868908983219829,0.8711537924174855,0.9712447783974822
2,29,74,490|1|training,1,1,0.7338519429923336,0.43824701195219123,0.7479088067060377,0.31700880127523073,0.6510757948876421
2,29,75,531|1|training,1,2,0.6868847396537763,0.7330677290836654,0.9369547903135264,0.9377099706183274,0.9994856083820353
2,29,76,549|1|training,1,4,0.7982679009377619,0.5657370517928287,0.9246532525636302,0.7753358700602638,0.9964445137967834
2,29,77,569|1|training,1,0,0.5377989823772659,0.6254980079681275,0.8133576324013164,0.813207873969067,0.9863573297905619
2,29,78,571|1|training,1,1,0.7790478919139044,0.701195219123506,0.9540944701135454,0.7862945017408842,0.9712148925793497
2,29,79,574|1|training,1,0,0.5410047185471957,0.32669322709163345,0.6254442272345792,0.28344116196301655,0.33418324667054106
2,29,80,575|1|training,1,4,0.5276804573282395,0.6892430278884463,0.5748425009712527,0.8729473534557107,0.4082977582364991
2,29,81,588|1|training,1,4,0.5023159027647749,0.450199203187251,0.36805096183452024,0.33405909972173103,0.7886530152718735
2,29,82,615|1|training,1,3,0.5761335873183605,0.5697211155378487,0.3546308066508617,0.48142737640736993,0.3590492065304468
2,29,83,618|1|training,1,2,0.6178015932250942,0.6653386454183267,0.9502830183978503,0.7441124553755399,0.9959835574278799
2,29,84,624|1|training,1,4,0.424509650255815,0.4541832669322709,0.08848067164133087,0.08597602007236958,0.00023579941254220788
2,29,85,638|1|training,1,3,0.6644404420163605,0.7051792828685259,0.9253292946986335,0.6887609156965219,0.9986054372748161
2,29,86,644|1|training,1,1,0.6651465065510996,0.5896414342629482,0.7843086099608485,0.4279081595204288,0.9955085081843326
2,29,87,659|1|training,1,3,0.772860811946466,0.7569721115537849,0.9795971523468747,0.8664576162884787,0.9998670553018558
2,29,88,681|1|training,1,0,0.5640721127919068,0.545816733067729,0.6982325707438902,0.37213019229761446,0.9592033059734906
2,29,89,706|1|training,1,0,0.48474397991502505,0.6294820717131474,0.48990284504688003,0.6771526689548522,0.13553773969369803
2,29,90,707|1|training,1,1,0.4088298897242467,0.5776892430278885,0.9764266565845074,0.6365625063261623,0.9999976399997049
2,29,91,708|1|training,1,4,0.5582190092779983,0.7211155378486056,0.9309152964797833,0.8385029241193556,0.9997266648448889
2,29,92,709|1|training,1,2,0.5832117222363855,0.7689243027888446,0.9836186695886491,0.882745091991002,0.9999958727212862
2,29,93,710|1|training,1,4,0.6144474431090089,0.6334661354581673,0.7477707688317199,0.5997365501623124,0.925301492921557
2,29,94,711|1|training,1,4,0.4837864102191645,0.6414342629482072,0.6581283101485074,0.39589620577877865,0.7115593241291883
2,29,95,712|1|training,1,3,0.6079759929284696,0.5976095617529881,0.676319563517127,0.6358327438842633,0.9938699458781828
2,29,96,713|1|training,1,1,0.7331637963090494,0.6892430278884463,0.949562842602571,0.9079117560776951,0.9981845806595814
2,29,97,714|1|training,1,4,0.506703279190119,0.4820717131474104,0.43943514275849027,0.1475340588631544,0.4549097729075519
2,29,98,715|1|training,1,0,0.5323940212370614,0.5936254980079682,0.9016334507549253,0.7628577062633068,0.9998895408287433
2,29,99,716|1|training,1,2,0.5903302760440097,0.6055776892430279,0.9272599843441724,0.933297673701995,0.9999308754082977
2,29,100,717|1|training,1,0,0.5866445932411262,0.6454183266932271,0.8516182795817089,0.4274802411845281,0.9913099893494067
2,29,101,718|1|training,1,0,0.34704132967054757,0.3745019920318725,0.1934875946512457,0.3453312773742295,0.009942102650281719
2,29,102,719|1|training,1,2,0.5374032928992406,0.5537848605577689,0.4400851084342116,0.6671952120521286,0.4156797224807982
2,29,103,720|1|training,1,2,0.6391757440713133,0.7848605577689243,0.8537660674634724,0.8041985325020566,0.7553842853257686
2,29,104,721|1|training,1,4,0.37739894790457373,0.6653386454183267,0.7279261336537208,0.6200051902302617,0.7652664018450513
2,29,105,722|1|training,1,1,0.7641530198088283,0.6454183266932271,0.9530782698813478,0.6789321534562776,0.9995977476062412
2,29,106,724|1|training,1,4,0.6171155177862014,0.701195219123506,0.6923294267949268,0.6036988967418033,0.9141903346438158
2,29,107,725|1|training,1,1,0.6110874409369628,0.601593625498008,0.6643269281179337,0.6817907140506214,0.9999446847888609
2,29,108,726|1|training,1,0,0.4588039090656575,0.2908366533864542,0.3760379550327403,0.1795573124246591,0.029287045768995018
2,29,109,727|1|training,1,2,0.4266291405403508,0.5338645418326693,0.16346846566093728,0.7276055770634576,0.1129524084877636
2,29,110,728|1|training,1,1,0.559399919825289,0.8087649402390438,0.9158228055019397,0.871714210288624,0.9291490245727504
2,29,111,729|1|training,1,4,0.6394540943157647,0.7091633466135459,0.8227454628234251,0.7620270822024918,0.9998950747225169
2,29,112,733|1|training,1,4,0.6447074750891001,0.6175298804780877,0.7373502291120713,0.8665849460080209,0.999503939426848
2,29,113,734|1|training,1,2,0.5754041806501518,0.5776892430278885,0.8364324069657154,0.5308211372422127,0.26138833263536504
2,29,114,824|1|training,1,1,0.5849361428596513,0.6812749003984063,0.8956358159565115,0.867918384277843,0.9624454617145171
2,29,115,838|1|training,1,1,0.610301312829514,0.4541832669322709,0.7958599545594928,0.4010055722353843,0.8609428125423848
2,29,116,893|1|training,1,1,0.5747942770118161,0.6414342629482072,0.7112436334332038,0.8241183468358991,0.3389963715064311
2,29,117,981|1|training,1,3,0.8156879299767389,0.7410358565737052,0.9543276490933819,0.7928322733290982,0.9977719798383685
2,29,118,982|1|training,1,4,0.5369334373830021,0.35856573705179284,0.3045830694215211,0.39510011176539,0.07409551161293379
2,29,119,995|1|training,1,1,0.6302535490673431,0.8207171314741036,0.9755987991412457,0.8882225566514041,0.9975414944069331
2,29,120,1054|1|training,1,2,0.5030153994016142,0.6135458167330677,0.8495843299628769,0.7909271591947907,0.9926647996386437
2,29,121,1095|1|training,1,3,0.5266214310541013,0.7250996015936255,0.5436423977377204,0.9124229703359724,0.8976769494456351
2,29,122,1100|1|training,1,3,0.4129200545976295,0.2948207171314741,0.1546162516275348,0.35675160946260787,0.3818578792672748
2,29,123,1115|1|training,1,3,0.4255957490044095,0.4342629482071713,0.24915656885177517,0.6230251352326164,0.019942894694511305
2,29,124,1116|1|training,1,3,0.463557986208667,0.4262948207171315,0.18170793702291435,0.4866850043089084,0.0005355541773583215
2,29,125,1126|1|training,1,0,0.5603763359398679,0.44223107569721115,0.36821061960950535,0.5067297106458457,0.5643323593746159
2,29,126,1127|1|training,1,1,0.5219227363965083,0.5657370517928287,0.689795255453207,0.5193046705220077,0.9826597972185503
2,29,127,1139|1|training,1,4,0.5913658251761672,0.4541832669322709,0.34741625328550324,0.1465293222278366,0.0506472710942345
2,29,128,1151|1|training,1,4,0.6366980289486545,0.5976095617529881,0.34586277188426756,0.5634913817536137,0.005580201893215701
2,29,129,1152|1|training,1,4,0.7646971707669312,0.4541832669322709,0.8483730698483712,0.24495531067159843,0.9585988195257389
2,29,130,1153|1|training,1,1,0.49680375846972974,0.7529880478087649,0.8709834985339295,0.6397071051395858,0.987885750332691
2,29,131,1180|1|training,1,3,0.7352383548527756,0.8366533864541833,0.9428847347153565,0.9040434011333474,0.9934933794022203
2,29,132,1233|1|training,1,2,0.4627097011956943,0.549800796812749,0.3409817905671795,0.8214441259144805,0.10153680940253919
2,29,133,1234|1|training,1,1,0.6911972794410505,0.8087649402390438,0.7302032633926498,0.8178550084402996,0.9997755574434227
2,29,134,1235|1|training,1,1,0.5614300688697615,0.3705179282868526,0.5521996095737052,0.305340605337411,0.9135679570578602
2,29,135,1236|1|training,1,0,0.5731304774685257,0.41832669322709165,0.48547222750159624,0.33645078582836035,0.22425285266743059
2,29,136,1238|1|training,1,4,0.6313153644141727,0.6095617529880478,0.6021923967359801,0.6632507578330438,0.7651642866873974
2,29,137,1245|1|training,1,4,0.8159561554272484,0.6972111553784861,0.9095843475003065,0.8738814410578086,0.9999963206870612
2,29,138,1247|1|training,1,3,0.6915253002314274,0.5378486055776892,0.8537505373056108,0.8716051516947168,0.9996590942915022
2,29,139,1256|1|training,1,4,0.6782383873503175,0.7171314741035857,0.8369413240652972,0.8441436563125061,0.9963394130590577
2,29,140,1258|1|training,1,1,0.5539124554753252,0.8565737051792829,0.9753032126657061,0.9138050693744963,0.9993928032519864
2,29,141,1260|1|training,1,0,0.4704693718532853,0.7410358565737052,0.9550695501600314,0.6421996762910054,0.7803720925183746
2,29,142,1276|1|training,1,2,0.6554150000847433,0.5059760956175299,0.7753549927614705,0.37267951143432393,0.958691855369689
2,29,143,1277|1|training,1,0,0.5223057337999388,0.6573705179282868,0.8909360230152075,0.7327630978658296,0.9951902971495712
2,29,144,1279|1|training,1,1,0.661989976327884,0.6972111553784861,0.9459730441043308,0.7799806354572387,0.9959853116739825
2,29,145,1280|1|training,1,2,0.6131541256284764,0.46215139442231074,0.5682583537047878,0.271932672283995,0.9938929518379596
2,29,146,1281|1|training,1,2,0.49307178241426136,0.7290836653386454,0.6685525228548783,0.7415454130529114,0.525216002543558
2,29,147,1289|1|training,1,3,0.7170688526034175,0.701195219123506,0.9341424163476443,0.6853878223765036,0.997906214301977
2,29,148,1303|1|training,1,3,0.4227687125882459,0.6772908366533864,0.7375138556803243,0.8417399682220725,0.9823328883688627
2,29,149,1305|1|training,1,0,0.7230882763165706,0.5219123505976095,0.8073764083461782,0.3566385263184762,0.7943405760047143
2,29,150,1307|1|training,1,1,0.7154484098430307,0.40239043824701193,0.8203882779329281,0.37357409079650883,0.971526782852853
2,29,151,1309|1|training,1,4,0.3526904932818683,0.5258964143426295,0.21780452160788383,0.44918883213375643,0.00020212869128181593
2,29,152,1320|1|training,1,4,0.6291050450761807,0.7649402390438247,0.9317955979357478,0.7276863763830529,0.9967907304775078
2,29,153,1322|1|training,1,0,0.6743258196870395,0.7171314741035857,0.9802002965578326,0.7816501783161107,0.9999505271334665
2,29,154,1324|1|training,1,1,0.7521747422802318,0.6972111553784861,0.9136601364732848,0.8039543164333406,0.9971098329955627
2,29,155,1326|1|training,1,2,0.7266182955368906,0.6852589641434262,0.9598418191556854,0.661920834638887,0.9977023501222424
2,29,156,1328|1|training,1,4,0.5750816931457037,0.5298804780876494,0.7028006374202141,0.6650673650540325,0.983728282820954
2,29,157,1330|1|training,1,1,0.6671574721364719,0.6892430278884463,0.9318240157511474,0.5738115968074484,0.9951706154618993
2,29,158,1332|1|training,1,1,0.6344771563036691,0.7928286852589641,0.9429370251014161,0.9383178900559598,0.988722678061222
2,29,159,1334|1|training,1,0,0.561470673304542,0.4063745019920319,0.5536019389877481,0.3007194403230661,0.8297827466393524
2,29,160,1336|1|training,1,0,0.5871748606601261,0.40239043824701193,0.6930680137886063,0.29302443523527805,0.999655655430331
2,29,161,1338|1|training,1,1,0.6216715673787245,0.7290836653386454,0.8262939879333497,0.7864592716783617,0.9779978299276918
2,29,162,1340|1|training,1,4,0.7195104803049929,0.7729083665338645,0.9118123591340137,0.8158434304133902,0.9975658811264047
2,29,163,1342|1|training,1,3,0.6569481120635963,0.7051792828685259,0.7776648516630663,0.5367931547714413,0.7655976216051399
2,29,164,1344|1|training,1,0,0.7214871647773337,0.5737051792828686,0.9476186414560824,0.4718362544134961,0.9978200387645862
2,29,165,1346|1|training,1,3,0.6077612631374394,0.7569721115537849,0.8844335128656912,0.810114631016905,0.9838918631577337
2,29,166,1348|1|training,1,4,0.6906297852201988,0.6653386454183267,0.9424491228450319,0.6836485369285117,0.9991577072308818
2,29,167,1350|1|training,1,3,0.6581818385085866,0.6693227091633466,0.7920149074018115,0.7130405939910212,0.7804565019799613
2,29,168,1352|1|training,1,3,0.6889936733295947,0.8326693227091634,0.976459249799398,0.8310682544040531,0.9959401156218104
2,29,169,1354|1|training,1,0,0.6545634786938517,0.7609561752988048,0.8911011134734459,0.7343448908532497,0.9637085669839182
2,29,170,1356|1|training,1,1,0.684347323829722,0.649402390438247,0.9363327647180606,0.7817836657953644,0.9898099110390068
2,29,171,1357|1|training,1,3,0.5564355543385945,0.5856573705179283,0.8377601467969059,0.6602049133060351,0.8784494094315184
2,29,172,1359|1|training,1,3,0.525968556794623,0.6892430278884463,0.9326456909968815,0.8868615042632614,0.9971267318679338
2,29,173,1361|1|training,1,3,0.4179696020534305,0.49800796812749004,0.6826319343030258,0.24769530353974897,0.9677885593896159
2,29,174,1363|1|training,1,0,0.4502348604336389,0.7370517928286853,0.9237982769494362,0.7405810817696933,0.93534288733816
2,29,175,1378|1|training,1,4,0.5719957498614323,0.5099601593625498,0.7354577795190259,0.6430412805237595,0.8720502950972558
2,29,176,1413|1|training,1,0,0.5377256586427998,0.5896414342629482,0.23658468629077659,0.6300041800138365,0.0010396978319453516
2,29,177,1550|1|training,1,4,0.587975697554465,0.6135458167330677,0.7774636520056204,0.8627644882343366,0.9998699008979698
2,29,178,1552|1|training,1,2,0.5948445669184362,0.5258964143426295,0.8141675787705948,0.6384987457935107,0.9921557133531775
2,29,179,1553|1|training,1,3,0.7938575929113943,0.6533864541832669,0.8719491615164826,0.6441982916591191,0.8460445141759023
2,29,180,1556|1|training,1,0,0.7109030637022847,0.7569721115537849,0.804613177206834,0.841634469761766,0.998118879594457
2,29,181,1560|1|training,1,3,0.46907276666784486,0.5298804780876494,0.25684615593405496,0.6189859276077374,0.08379157524193326
2,29,182,1563|1|training,1,2,0.745675555141429,0.6055776892430279,0.7292652087421858,0.6790612798094819,0.9931673051345721
2,29,183,1564|1|training,1,2,0.712853241387117,0.4541832669322709,0.7346992519980544,0.2698092345470925,0.6940134467190049
2,29,184,1571|1|training,1,0,0.7040803215473869,0.7250996015936255,0.9109439715683268,0.8574231086738341,0.9985754336958138
2,29,185,1580|1|training,1,0,0.3453567901421446,0.12749003984063745,0.04515736551182109,0.0332302239951232,1.3910180673958967e-05
2,29,186,1582|1|training,1,1,0.6676907955790742,0.6095617529880478,0.8751833728779215,0.8828787114428669,0.9999456193226134
2,29,187,1583|1|training,1,2,0.5172266316039258,0.701195219123506,0.9602167268825628,0.7827629669447668,0.9929758390490512
2,29,188,1594|1|training,1,1,0.39141654798932346,0.450199203187251,0.5467066213732326,0.3529611768259157,0.8043575795719009
2,29,189,1629|1|training,1,2,0.7823367130854929,0.5338645418326693,0.8697538962112515,0.7018254186558764,0.9981740284708975
2,29,190,1639|1|training,1,0,0.6413618484296542,0.6972111553784861,0.8521528238844591,0.772196179341382,0.9898318537077126
2,29,191,1641|1|training,1,4,0.555899679612145,0.7410358565737052,0.5183224680950606,0.7209004869252453,0.025722763164151927
2,29,192,1646|1|training,1,0,0.5114505090425545,0.32270916334661354,0.25529428595396586,0.24275223319756153,0.012078390116624088
2,29,193,1647|1|training,1,2,0.5170493149714943,0.5258964143426295,0.5192940299132396,0.4835204755407126,0.9923467805754748
2,29,194,1655|1|training,1,1,0.6810343331494162,0.6414342629482072,0.8881030045391894,0.8550045342882995,0.9976733016348532
2,29,195,1656|1|training,1,1,0.6675507480055706,0.5617529880478087,0.524417689155869,0.7683499105662153,0.2874748265413852
2,29,196,1660|1|training,1,0,0.7262270639138382,0.5697211155378487,0.9340188747117507,0.5150608437874437,0.9950432633437516
2,29,197,1662|1|training,1,3,0.5817197718874906,0.8326693227091634,0.3537658727335607,0.8607131469282009,0.02021297613046662
2,29,198,1663|1|training,1,0,0.6257749483849268,0.5936254980079682,0.9100436657618299,0.4900672869892676,0.9998290475173766
2,29,199,1671|1|training,1,3,0.6506138809851895,0.6374501992031872,0.7763761273075472,0.8983911602018863,0.9979225778489934
2,29,200,1674|1|training,1,0,0.6333262675155464,0.6693227091633466,0.6503343964557025,0.9121256322794214,0.746774707284357
2,29,201,1675|1|training,1,0,0.778029096101397,0.5338645418326693,0.7388820634961392,0.4904562208935591,0.9172548154823197
2,29,202,1680|1|training,1,1,0.6696892374044974,0.8047808764940239,0.9785748374553962,0.9295971217756622,0.9999519821012914
2,29,203,1728|1|training,1,3,0.6021838856251146,0.6215139442231076,0.3820254646184354,0.38590070920713504,0.0012016584769717928
2,29,204,1729|1|training,1,2,0.6027521455241533,0.6254980079681275,0.96477176395241,0.8235201263773754,0.9999985035957774
2,29,205,1741|1|training,1,0,0.48583846708105455,0.4541832669322709,0.48912391828819746,0.3217234812219046,0.999953509424683
2,29,206,1753|1|training,1,0,0.4812515553961046,0.6175298804780877,0.6353335681682709,0.5182812343986366,0.9970505339876382
2,29,207,1756|1|training,1,0,0.3663891012247542,0.5936254980079682,0.4486489308068634,0.4083981933095449,0.7267259162116921
2,29,208,1759|1|training,1,3,0.40107020872715515,0.46613545816733065,0.23489305380811346,0.22308846161835674,0.0005856806799229495
2,29,209,1770|1|training,1,4,0.5874707525136718,0.549800796812749,0.5296570938992913,0.6749078947413232,0.6919697467637401
2,29,210,1771|1|training,1,1,0.7342403140298804,0.5537848605577689,0.6000841180148114,0.7487204522067877,0.1502143298528097
2,29,211,1772|1|training,1,3,0.5010143179784919,0.450199203187251,0.7584914177856167,0.6722338176511978,0.9997008061774508
2,29,212,1793|1|training,1,2,0.6413151701340614,0.6812749003984063,0.8490856551411388,0.6833490608149111,0.986718761607484
2,29,213,1794|1|training,1,0,0.6027155557000614,0.6254980079681275,0.7392861248301662,0.7135289926307309,0.8136456359846199
2,29,214,1795|1|training,1,2,0.4272262868346809,0.3705179282868526,0.4290790754298119,0.32478548225607634,0.5185986487370656
2,29,215,1802|1|training,1,3,0.47651593718999014,0.7171314741035857,0.5425318078312698,0.7786826976696939,0.627792012841719
2,29,216,1833|1|training,1,1,0.5448502283163942,0.545816733067729,0.40416722248141246,0.3516738853907578,0.3010161475911442
2,29,217,1855|1|training,1,3,0.6865187594729731,0.44621513944223107,0.2981058574885638,0.6399244752815887,0.9951305911905757
2,29,218,1860|1|training,1,4,0.556586097003523,0.4262948207171315,0.3340697380065963,0.29033124868134197,0.18274535171893022
2,29,219,1875|1|training,1,3,0.7271136066851352,0.5737051792828686,0.6382341098294322,0.7416021375832085,0.9994674415464356
2,29,220,1876|1|training,1,1,0.45556439360736606,0.4262948207171315,0.7245050212055981,0.6722770412410006,0.9987210116529144
2,29,221,1877|1|training,1,3,0.6499122531198609,0.4820717131474104,0.21590277126129323,0.45077161619359646,0.00034764012313291004
2,29,222,1878|1|training,1,4,0.629710860021155,0.6294820717131474,0.8378179473520619,0.8544404773199004,0.9999990007376673
2,29,223,1879|1|training,1,4,0.6350729169543414,0.6573705179282868,0.88244550712622,0.9380538148030515,0.9998317654701443
2,29,224,1880|1|training,1,1,0.6927918674995276,0.4940239043824701,0.7821949288877742,0.6734058056408952,0.9938020838665103
2,29,225,1881|1|training,1,2,0.5183006379743466,0.3784860557768924,0.2755947985227367,0.323043393336493,0.16148389455183976
2,29,226,1882|1|training,1,4,0.5718974732630318,0.3944223107569721,0.3595038938456514,0.64093113360237,0.06529619634740327
2,29,227,2003|1|training,1,4,0.45553479220107734,0.5219123505976095,0.7314469695734002,0.7886513413844927,0.9981319579360916
2,29,228,2022|1|training,1,3,0.38608082976459035,0.4940239043824701,0.5400879003849023,0.1958175556460287,0.9434233579711698
2,29,229,2032|1|training,1,2,0.5523816210440935,0.6573705179282868,0.5305267805354927,0.8828278420327635,0.8913743423154888
2,29,230,2038|1|training,1,2,0.48286601972443133,0.5697211155378487,0.2629001280106847,0.38779237346255097,0.06546911651614001
2,29,231,2039|1|training,1,2,0.5139042446900703,0.4860557768924303,0.23110868993429742,0.289693949907673,2.326705403331633e-05
2,29,232,2050|1|training,1,0,0.5296798860567272,0.4940239043824701,0.37088270534775114,0.2498470080713579,0.8158938316647977
2,29,233,2057|1|training,1,0,0.5110661251488338,0.41434262948207173,0.4544718430667221,0.2560505273888535,0.025022756132588555
2,29,234,2060|1|training,1,2,0.5822491604365662,0.5537848605577689,0.8533227828428812,0.8337009593852188,0.9982625431890115
2,29,235,2071|1|training,1,4,0.46946329024788946,0.4103585657370518,0.25808242329974324,0.1877805327624459,0.02048472555364004
2,29,236,1|0|training,0,1,0.28799859752385515,0.1394422310756972,0.17750217032221904,0.03762467312568142,4.348318107830616e-06
2,29,237,2|0|training,0,0,0.4969208173984882,0.4581673306772908,0.28679926077757445,0.3477491865898902,0.3724009543723726
2,29,238,3|0|training,0,3,0.504155905358047,0.3944223107569721,0.2369719904789959,0.12822544834854568,0.00423172333540364
2,29,239,4|0|training,0,1,0.45894916100553007,0.16334661354581673,0.24563986322237769,0.0891050224588092,0.0001825031798588568
2,29,240,5|0|training,0,1,0.5347325010224526,0.22709163346613545,0.3141900628191529,0.21148334224436074,0.7399906085599884
2,29,241,6|0|training,0,2,0.2902521769783098,0.46613545816733065,0.2624660375107656,0.45659789791892375,0.005616550834696475
2,29,242,7|0|training,0,3,0.3850799742575076,0.43824701195219123,0.19045151349874492,0.052544890973070905,0.036516707454838974
2,29,243,8|0|training,0,3,0.3930703931182847,0.11952191235059761,0.027836002233444512,0.051445393209302095,9.417175597367868e-07
2,29,244,9|0|training,0,1,0.5451199293745758,0.4860557768924303,0.3824235980772954,0.37607716330904106,0.28346343961016524
2,29,245,10|0|training,0,0,0.2758974060752708,0.2589641434262948,0.2078500371183773,0.10373358088474084,0.9812778501238538
2,29,246,11|0|training,0,3,0.5164295588900446,0.4342629482071713,0.2738140603853502,0.2959975769345205,0.997204493916041
2,29,247,12|0|training,0,2,0.7397338869524326,0.6334661354581673,0.33895632346092885,0.6700135070790985,0.991385693626059
2,29,248,13|0|training,0,0,0.5174463684988875,0.35856573705179284,0.2559157157243803,0.2753543856879627,0.30452744119470304
2,29,249,14|0|training,0,3,0.4974685363336285,0.47410358565737054,0.45097826503239447,0.5976733663285597,0.6616960251460282
2,29,250,15|0|training,0,2,0.4570350342323634,0.44621513944223107,0.29003192729876104,0.1932324696210472,0.057974911429324226
2,29,251,16|0|training,0,2,0.213332960320818,0.14741035856573706,0.06497340099973303,0.16890960061826762,0.005393101572351689
2,29,252,17|0|training,0,1,0.4969473788675816,0.2350597609561753,0.20216139959452203,0.11075472796908135,0.029881600597291936
2,29,253,18|0|training,0,0,0.3253790693042649,0.23107569721115537,0.16896089165088427,0.10623340968605384,0.0005015127512652756
2,29,254,19|0|training,0,1,0.4384032365127615,0.4103585657370518,0.5121295230120116,0.40306406415373186,0.4231340569639194
2,29,255,20|0|training,0,4,0.30716297428776507,0.4262948207171315,0.15874068473717193,0.3271753864656785,0.0008473543056062186
2,29,256,21|0|training,0,2,0.38428794910828334,0.20318725099601595,0.2602735367932917,0.11484423833720679,0.026513218716566405
2,29,257,22|0|training,0,2,0.5018669647545685,0.6852589641434262,0.2547511262199134,0.853478683467295,0.054856150266116954
2,29,258,23|0|training,0,3,0.2744910763938743,0.08366533864541832,0.05294906222799494,0.03994978100564917,0.0013092569179506258
2,29,259,24|0|training,0,1,0.48582600309944873,0.18725099601593626,0.2979906909133158,0.054131120783780635,5.249200568574635e-10
2,29,260,25|0|training,0,2,0.2634002421326083,0.21115537848605578,0.053844854560779365,0.1622639896449364,0.0004614807088758272
2,29,261,26|0|training,0,4,0.11857759328152866,0.09561752988047809,0.10838750246311936,0.13116219157149459,0.06639989603657023
2,29,262,27|0|training,0,4,0.4979297974268501,0.5697211155378487,0.5689308815834757,0.560620719002678,0.9437029584647392
2,29,263,28|0|training,0,4,0.39489478723733645,0.32669322709163345,0.33896881234251935,0.615212944845858,0.9872928616331179
2,29,264,29|0|training,0,0,0.16961486698805467,0.13147410358565736,0.03891307058117172,0.14941838642820338,0.0001251441634613697
2,29,265,30|0|training,0,4,0.2613595199282136,0.4063745019920319,0.20747447892308013,0.32288640535224417,0.39932861965407923
2,29,266,31|0|training,0,0,0.17868810293894866,0.1593625498007968,0.020133822293587643,0.11645736090934466,6.487582478740441e-05
2,29,267,32|0|training,0,0,0.2688201192272449,0.30677290836653387,0.017573246129510427,0.14160097631022917,4.509433386845064e-05
2,29,268,33|0|training,0,3,0.2525686422670777,0.250996015936255,0.08826315095596547,0.26843229933716,0.0019529802677483847
2,29,269,34|0|training,0,4,0.5405301960374105,0.5059760956175299,0.23026846656408667,0.49649512731855017,0.04938753694328032
2,29,270,35|0|training,0,2,0.4181809327509934,0.42231075697211157,0.3927206550667266,0.30545429403530505,0.04074240576721879
2,29,271,36|0|training,0,3,0.3470457889098911,0.549800796812749,0.09975355091261838,0.3692304497997665,0.0008236515722991637
2,29,272,37|0|training,0,2,0.23547065355039146,0.3784860557768924,0.13943581850932477,0.17681064439046126,0.0001495670637452759
2,29,273,38|0|training,0,2,0.35285972430375034,0.30677290836653387,0.25667497990366234,0.3238437223853808,0.8283114221574509
2,29,274,39|0|training,0,3,0.5670153293397019,0.6533864541832669,0.4726472715941731,0.6944931068691288,0.9936538238717278
2,29,275,40|0|training,0,2,0.45159285455118947,0.5179282868525896,0.47051061908043107,0.43517424371852165,0.5868299336018572
2,29,276,41|0|training,0,1,0.3086174640917758,0.3346613545816733,0.15958501958064666,0.0823184693964893,0.031145417347013322
2,29,277,42|0|training,0,1,0.38299951556556516,0.4103585657370518,0.45602840969232344,0.2683362846133044,0.7461991529773311
2,29,278,43|0|training,0,2,0.5048752398544741,0.30677290836653387,0.20459985103559705,0.12368576054039628,0.0004494682810570569
2,29,279,44|0|training,0,0,0.38970331865296753,0.33067729083665337,0.5144723970832938,0.31945826829315443,0.999237150527147
2,29,280,45|0|training,0,3,0.3875982484121555,0.5537848605577689,0.276589932125123,0.7968345719202208,0.12764636322411996
2,29,281,46|0|training,0,4,0.4006965248731853,0.5059760956175299,0.2686648192878991,0.38788286566084396,0.018341055125961996
2,29,282,47|0|training,0,2,0.43148454844219186,0.4103585657370518,0.39668069837128955,0.08730167797684688,0.17108502793035724
2,29,283,48|0|training,0,0,0.6411543082719461,0.6693227091633466,0.7905845517828174,0.5805166729676392,0.8530225155287633
2,29,284,49|0|training,0,2,0.49464038284943546,0.3147410358565737,0.3399653484097278,0.15863511144653275,0.7975093464325228
2,29,285,50|0|training,0,1,0.5172929216224129,0.6055776892430279,0.39158540192232943,0.5105704249805921,0.06972892980366022
2,29,286,51|0|training,0,3,0.30905357941793826,0.4940239043824701,0.09487993644595206,0.4961466744790058,0.00016634822032706364
2,29,287,52|0|training,0,1,0.5735134914529345,0.50199203187251,0.6205580399025691,0.8626483031219773,0.9984418284136896
2,29,288,53|0|training,0,0,0.6568478685971018,0.6533864541832669,0.40553041467564993,0.7344170137117436,0.998352996117069
2,29,289,54|0|training,0,4,0.28828999206579164,0.47410358565737054,0.44577606896234767,0.6790575396466959,0.9968665433000093
2,29,290,55|0|training,0,0,0.4747107038041264,0.6852589641434262,0.44200356539744795,0.7019929170965047,0.746422659899846
2,29,291,56|0|training,0,3,0.6228604624805825,0.7290836653386454,0.646391626852919,0.8014311830380094,0.9605081679401272
2,29,292,57|0|training,0,2,0.39031359503343327,0.5099601593625498,0.30506004264538655,0.3044202253398329,0.010587461824916043
2,29,293,58|0|training,0,0,0.5314217697533202,0.6374501992031872,0.8608299142307598,0.7051652454487528,0.9287609250428571
2,29,294,59|0|training,0,3,0.21134319079032918,0.11952191235059761,0.052124086893612656,0.032344226182600216,2.9488833534827518e-05
2,29,295,60|0|training,0,0,0.5531684023466815,0.20318725099601595,0.26887657563556777,0.1331434951928855,0.028021842808612005
2,29,296,61|0|training,0,3,0.21969257916989438,0.13545816733067728,0.042497264262943625,0.04052250460919725,2.144362379161396e-06
2,29,297,62|0|training,0,0,0.4790974587905359,0.38645418326693226,0.40946803103259655,0.35627316012713234,0.8771602286624439
2,29,298,63|0|training,0,3,0.18541943243804107,0.27091633466135456,0.10466438793167744,0.1621998153273878,0.04921899837913666
2,29,299,64|0|training,0,1,0.5852306659463846,0.4820717131474104,0.5610943738775217,0.9150228089335085,0.9982927096540173
2,29,300,65|0|training,0,3,0.5299315644873707,0.40239043824701193,0.17954277069024877,0.5013707872786867,0.009408438566909587
2,29,301,66|0|training,0,1,0.4293430028873414,0.44223107569721115,0.28559487968999864,0.6135731697247296,0.41522308601559593
2,29,302,67|0|training,0,1,0.3768866278769514,0.1394422310756972,0.07023337088326086,0.10782959531461779,0.0001435069090898583
2,29,303,68|0|training,0,3,0.23379630053460929,0.3187250996015936,0.09592008348061626,0.12577884626381203,0.015100488531441381
2,29,304,69|0|training,0,4,0.14573419685754968,0.26693227091633465,0.1111188186578212,0.5059006693731973,0.0001797334018350047
2,29,305,70|0|training,0,4,0.19393470537927807,0.21115537848605578,0.1354179922425517,0.07259455105031752,0.007775773971075404
2,29,306,71|0|training,0,2,0.15762962714755507,0.20717131474103587,0.10850451850019673,0.138552804258068,0.28837274794902157
2,29,307,72|0|training,0,2,0.500994846566796,0.4103585657370518,0.3992908307200228,0.6588532754818305,0.7236403337080866
2,29,308,73|0|training,0,4,0.3245591800058406,0.5776892430278885,0.4063187956888671,0.4206062647193408,0.4880591991321728
2,29,309,74|0|training,0,4,0.48917463086011703,0.5298804780876494,0.6936706393275284,0.4812550395308538,0.9906868031713283
2,29,310,75|0|training,0,0,0.5213719338855003,0.5737051792828686,0.9214235851813154,0.3697387118874255,0.9995198239527687
2,29,311,76|0|training,0,3,0.5110300566368142,0.6533864541832669,0.42741897650539135,0.5516730657902824,0.9944910012632138
2,29,312,77|0|training,0,1,0.3781460981091434,0.5776892430278885,0.3300308755537436,0.7627463723542426,0.8917617628783471
2,29,313,78|0|training,0,0,0.205839493739582,0.06772908366533864,0.013581620711169947,0.01679611849764848,4.596163787998742e-09
2,29,314,79|0|training,0,2,0.24113094702586432,0.2948207171314741,0.049750394231399285,0.16732796881545406,1.7014388675039978e-05
2,29,315,80|0|training,0,2,0.46779218114260795,0.28286852589641437,0.2013382393094301,0.14518297116704632,0.007554904445129109
2,29,316,81|0|training,0,1,0.5967994708511268,0.5856573705179283,0.5387355917724267,0.7641552368685847,0.9749370802376154
2,29,317,82|0|training,0,0,0.45707026574292586,0.22310756972111553,0.10857322479745238,0.26197021659505654,0.002557460637612505
2,29,318,83|0|training,0,2,0.39784512268689354,0.549800796812749,0.12092336606468038,0.552436058916305,0.00010957175685867435
2,29,319,84|0|training,0,3,0.32976956144410224,0.17131474103585656,0.12137241973538945,0.0755260568094987,0.0002131771362462708
2,29,320,85|0|training,0,0,0.4063290543957691,0.3426294820717131,0.6793348982853499,0.13766711746825805,0.5676302147976391
2,29,321,86|0|training,0,3,0.22473837740690053,0.16733067729083664,0.05959015394667245,0.11294182723386369,0.00036268830697593204
2,29,322,87|0|training,0,1,0.4772262103644879,0.545816733067729,0.8227021700713397,0.6427570820994071,0.9996122661232806
2,29,323,88|0|training,0,0,0.5908679314261102,0.5856573705179283,0.7015019806566749,0.3876775921006281,0.8894391724892994
2,29,324,89|0|training,0,2,0.25557873864295183,0.24302788844621515,0.17350172673733416,0.049465159103205675,0.5852487462046159
2,29,325,90|0|training,0,3,0.43578405637353274,0.6294820717131474,0.7857495878983869,0.31005288951337473,0.9984147743902747
2,29,326,91|0|training,0,3,0.38265219627691766,0.6175298804780877,0.3760967910386491,0.768517504012305,0.3803981657341914
2,29,327,92|0|training,0,0,0.29868069063252123,0.3187250996015936,0.3319473864211464,0.3063148923524894,0.7992309079543868
2,29,328,93|0|training,0,0,0.4159024680213867,0.3705179282868526,0.1950706979633842,0.20417447826549642,0.00020176096328697695
2,29,329,94|0|training,0,2,0.5443903558178591,0.2749003984063745,0.29441830558376686,0.20951503894419365,0.005924937223707409
2,29,330,95|0|training,0,2,0.6420071653860202,0.6135458167330677,0.7583247834407748,0.7812159519526598,0.9836735161848743
2,29,331,96|0|training,0,1,0.5301314614827757,0.42231075697211157,0.3647363105720075,0.3149414539579933,0.33471996651138153
2,29,332,97|0|training,0,4,0.536833998958313,0.5776892430278885,0.41227583195988565,0.21798263648974162,0.030337939099216723
2,29,333,98|0|training,0,0,0.3856795572422411,0.3665338645418327,0.34768618888740616,0.14558567697365563,0.062997218609776
2,29,334,99|0|training,0,1,0.364498945793185,0.20717131474103587,0.11718604999345515,0.06266276528809993,0.0006746728959025368
2,29,335,100|0|training,0,3,0.4446994573590214,0.6733067729083665,0.8280057325522192,0.6952222728067551,0.9379706307234008
2,29,336,101|0|training,0,2,0.4016042096284616,0.5378486055776892,0.4558534033384065,0.49940508874696943,0.2714029698156583
2,29,337,102|0|training,0,2,0.40017439272247735,0.4940239043824701,0.2455509239207062,0.6009792091925534,0.012293464257364939
2,29,338,103|0|training,0,2,0.1702367914483736,0.23904382470119523,0.2600897770033867,0.1785134916432951,0.11834851957424368
2,29,339,104|0|training,0,1,0.28728700161228216,0.2350597609561753,0.0232229572835642,0.043720311786382006,0.00014996934828007436
2,29,340,105|0|training,0,0,0.4452388985179301,0.40239043824701193,0.32856011611139213,0.4160298073336676,0.07634570313617382
2,29,341,106|0|training,0,4,0.5068710865203203,0.49800796812749004,0.42903356857447345,0.4933509979199044,0.017981231146656982
2,29,342,107|0|training,0,3,0.32786132340720786,0.1593625498007968,0.04035534858860426,0.236631795041439,0.00040154504934761297
2,29,343,108|0|training,0,4,0.3526464632135801,0.250996015936255,0.07754525107918017,0.16233110855819108,0.0002460083558566598
2,29,344,109|0|training,0,0,0.4104699091959407,0.30677290836653387,0.16391014583517172,0.1629909823320248,0.01102089490393055
2,29,345,110|0|training,0,2,0.39236993942260023,0.2350597609561753,0.13623881758754142,0.12029657697790365,0.0007692559158495242
2,29,346,111|0|training,0,1,0.3210884802662093,0.22709163346613545,0.03475764209768408,0.11985333165107784,5.841732642379618e-07
2,29,347,112|0|training,0,4,0.4514382293182048,0.4900398406374502,0.28287188494691096,0.45343277220473927,0.6099031259902965
2,29,348,113|0|training,0,2,0.7453769217322729,0.7330677290836654,0.8198384179880158,0.9072769309014599,0.9843737587809741
2,29,349,114|0|training,0,1,0.5840462479775751,0.6653386454183267,0.6641332139641063,0.836244186550914,0.09134620891553426
2,29,350,115|0|training,0,0,0.34059157723990874,0.2549800796812749,0.12003695177205365,0.08313647568916648,0.05315926144747773
2,29,351,116|0|training,0,1,0.2655004267836478,0.18326693227091634,0.01941804288470921,0.05385335795813647,2.6528501908601232e-05
2,29,352,117|0|training,0,1,0.4691031875381165,0.36254980079681276,0.40688065400518225,0.6160449063954603,0.3303730376095205
2,29,353,118|0|training,0,4,0.4613076648988792,0.41434262948207173,0.3284649788240374,0.3902075842465366,0.06879539836987775
2,29,354,119|0|training,0,4,0.19085421735439534,0.22709163346613545,0.11004339486769192,0.09778975575056797,0.003501309424352905
2,29,355,120|0|training,0,2,0.2596264288971525,0.3386454183266932,0.09261529874858734,0.24201659577931992,0.0017798749971743948
2,29,356,121|0|training,0,0,0.311632305521524,0.4342629482071713,0.1455929636519791,0.5846321326279812,0.022644525947545797
2,29,357,122|0|training,0,4,0.2962621296062177,0.2908366533864542,0.08001500283957183,0.1988578273025706,0.00024672642987627304
2,29,358,123|0|training,0,3,0.47702201036072267,0.2151394422310757,0.3114618887396962,0.22102024435586956,0.017196871571367348
2,29,359,124|0|training,0,0,0.5805942176848095,0.6055776892430279,0.9027510289943317,0.9067006845100566,0.9892825707794864
2,29,360,125|0|training,0,4,0.4586038698016002,0.3784860557768924,0.2110932239951272,0.23859258159198946,0.04590885772942902
2,29,361,126|0|training,0,1,0.3662709398706079,0.42231075697211157,0.19372953862456707,0.22267400717078453,0.17061488028195784
2,29,362,127|0|training,0,1,0.4900870511687492,0.6733067729083665,0.5201780576619174,0.7805964003505153,0.03483240006030457
2,29,363,128|0|training,0,4,0.33351424457201323,0.32669322709163345,0.0748209786312241,0.22594824056214322,0.00020160725617597192
2,29,364,129|0|training,0,2,0.6159693827084493,0.6573705179282868,0.7677280864065141,0.6974140433284427,0.9642943623825303
2,29,365,130|0|training,0,3,0.21340126675305898,0.24701195219123506,0.1992665522206946,0.09657977063386235,0.35838677336478486
2,29,366,131|0|training,0,2,0.40581018421315757,0.47808764940239046,0.12743871398164192,0.5337775339092125,0.0007778912096914027
2,29,367,132|0|training,0,1,0.5661225108856903,0.5856573705179283,0.5431448405432282,0.4489844148532133,0.45208122532963535
2,29,368,133|0|training,0,0,0.22049115062494218,0.3346613545816733,0.03459032629078483,0.25087189872052823,0.0005369347320186697
2,29,369,134|0|training,0,4,0.4594438078231124,0.2868525896414343,0.2271052795805871,0.14301508973632443,0.10010774120724178
2,29,370,135|0|training,0,1,0.3766705715748494,0.4940239043824701,0.18229129969828414,0.588808039708652,0.28963509504241153
2,29,371,136|0|training,0,4,0.3388854071166154,0.3187250996015936,0.1413253984854898,0.11452534908561146,0.003239209680153683
2,29,372,137|0|training,0,0,0.20776466288725684,0.33067729083665337,0.06583039778634744,0.06864670203217908,0.0016751311283331011
2,29,373,138|0|training,0,1,0.5498107017405273,0.6294820717131474,0.9586357498963409,0.7001195467561586,0.9999514571755447
2,29,374,139|0|training,0,3,0.41254738021707504,0.7051792828685259,0.5064926262689129,0.7383753238304167,0.21490033722243151
2,29,375,140|0|training,0,3,0.3073629098693674,0.41832669322709165,0.13570616106120933,0.5613254018038561,0.06409486764272912
2,29,376,141|0|training,0,2,0.3205292439492855,0.22310756972111553,0.15757263148247594,0.22622389576158583,0.1602068014250757
2,29,377,142|0|training,0,0,0.5147856277975622,0.20717131474103587,0.13118586719296663,0.1056711743145715,0.0007554849477355432
2,29,378,143|0|training,0,1,0.3069085161689864,0.4262948207171315,0.26375067156578375,0.6890795732730993,0.7906263481112317
2,29,379,144|0|training,0,4,0.3623433069249688,0.3386454183266932,0.1902348808578448,0.19094314030392148,0.04248619533884936
2,29,380,145|0|training,0,3,0.47798514184098534,0.6135458167330677,0.5747913996833814,0.6431016249681123,0.9039550704851005
2,29,381,146|0|training,0,2,0.23096190497352265,0.21912350597609562,0.061437817820956364,0.06671629431646138,7.0258557161350745e-06
2,29,382,147|0|training,0,4,0.4531309796819766,0.5179282868525896,0.3372193975275532,0.2571492293183065,0.005838568022371185
2,29,383,148|0|training,0,3,0.4866358703101885,0.4820717131474104,0.4317469925355903,0.1935839313199789,0.36606650021630266
2,29,384,149|0|training,0,3,0.39924269123405437,0.4063745019920319,0.19310470365607196,0.47036136767821557,0.010733924903298
2,29,385,150|0|training,0,4,0.554882210354539,0.5179282868525896,0.6791591623400995,0.793782873099972,0.5740269951658987
2,29,386,151|0|training,0,1,0.4612781593614366,0.26294820717131473,0.4289477475424049,0.4244644845627936,0.9992226664223287
2,29,387,152|0|training,0,4,0.18373090064959036,0.17131474103585656,0.14009915755142044,0.09155174305851685,0.2605301615570826
2,29,388,153|0|training,0,1,0.4765451965669383,0.3665338645418327,0.08487321179341656,0.24995987947903403,3.6309979899909005e-05
2,29,389,154|0|training,0,2,0.2460626920822097,0.36254980079681276,0.2198683459790863,0.2328184000694524,0.9958388499902141
2,29,390,155|0|training,0,4,0.3593240030206364,0.5258964143426295,0.315035401735812,0.4253229730393578,0.03776018351064681
2,29,391,156|0|training,0,2,0.2904783917081999,0.29880478087649404,0.10073372092334805,0.20388966321731736,0.0006445979145212614
2,29,392,157|0|training,0,3,0.4823965317968464,0.30677290836653387,0.24468324271182218,0.2629624633367759,0.3924800159897643
2,29,393,158|0|training,0,0,0.3116564115650104,0.22310756972111553,0.0757625160567697,0.2379089598557827,1.4459181104431265e-05
2,29,394,159|0|training,0,4,0.4547320286215157,0.42231075697211157,0.2805775226129558,0.15823224006227027,0.00850607476951995
2,29,395,160|0|training,0,0,0.36534335746995705,0.7808764940239044,0.7503667118035304,0.9111031623388772,0.958981522719382
2,29,396,161|0|training,0,4,0.4900702158999653,0.5896414342629482,0.6848423472791395,0.47934770511717806,0.9934409659136594
2,29,397,162|0|training,0,2,0.3058050438264819,0.4302788844621514,0.1819204044311072,0.3620425172191563,0.01196025620945222
2,29,398,163|0|training,0,2,0.422082685450409,0.38645418326693226,0.18981359122492641,0.35931679122713583,0.00023282247254894452
2,29,399,164|0|training,0,4,0.22484258171505914,0.4581673306772908,0.08124698082197745,0.6334036529603013,7.26405558515096e-07
2,29,400,165|0|training,0,4,0.45541257877689284,0.41832669322709165,0.2833063815943512,0.16127671416704764,0.07355672854603026
2,29,401,166|0|training,0,0,0.3150205997234904,0.3386454183266932,0.1292009373849397,0.19100999643892422,0.00020989978438766042
2,29,402,167|0|training,0,4,0.22769696952700058,0.250996015936255,0.06025202286633916,0.22500447673337093,2.300490127794718e-07
2,29,403,168|0|training,0,1,0.291612843778102,0.3904382470119522,0.03657369290194727,0.1961711044886381,6.96719118191497e-07
2,29,404,169|0|training,0,2,0.4237776854595599,0.5338645418326693,0.30255917296384394,0.6514792374233577,0.41950754207130525
2,29,405,170|0|training,0,3,0.25449664344408696,0.16334661354581673,0.005301355124835946,0.08609078763549602,1.1270855373083099e-07
2,29,406,171|0|training,0,1,0.3157904415025909,0.1394422310756972,0.02207245768434038,0.08674688233575477,9.432378438662409e-07
2,29,407,172|0|training,0,1,0.2964168127838572,0.5179282868525896,0.060744586321291066,0.7698767518397575,0.00012233594653004084
2,29,408,173|0|training,0,0,0.32644198641933686,0.4063745019920319,0.07576013989953084,0.1665581063351114,0.0005377362919136732
2,29,409,174|0|training,0,0,0.41586091439003303,0.6812749003984063,0.5760209195027376,0.8457449095264177,0.5538177427430759
2,29,410,175|0|training,0,0,0.270563990783687,0.22709163346613545,0.051580453660431826,0.22532811300203592,0.00014938299468249765
2,29,411,176|0|training,0,0,0.3320622271272296,0.7211155378486056,0.6488204281051481,0.885506790403246,0.4233044266320346
2,29,412,177|0|training,0,1,0.40383056917691734,0.7171314741035857,0.6307700323620423,0.7475114824175311,0.8379772030033089
2,29,413,178|0|training,0,3,0.2217460449415741,0.250996015936255,0.04296100467078973,0.08208888917130523,0.001447292106700202
2,29,414,179|0|training,0,4,0.2992001411509076,0.42231075697211157,0.06600168337522351,0.2943916479181365,0.0018589557481286628
2,29,415,180|0|training,0,4,0.23675569016269649,0.20318725099601595,0.10015501429804018,0.13073336897987103,0.004214660069973607
2,29,416,181|0|training,0,2,0.5111270118844258,0.4541832669322709,0.43984338906588366,0.4243417795353892,0.24576964738257692
2,29,417,182|0|training,0,0,0.44481705325863335,0.549800796812749,0.5203248068382257,0.5490207756184351,0.5196589171940943
2,29,418,183|0|training,0,4,0.4518092914487544,0.4820717131474104,0.0635156346925922,0.5391556199966545,2.7631918160117755e-06
2,29,419,184|0|training,0,4,0.5324737314105069,0.46215139442231074,0.41009806211893973,0.5730450559184556,0.8313822226221057
2,29,420,185|0|training,0,0,0.26789272239568146,0.18725099601593626,0.06095953093337453,0.16460686636042252,0.0032077649661127684
2,29,421,186|0|training,0,4,0.404963087915385,0.5657370517928287,0.3045987819823459,0.7128299616312538,0.01863735156148877
2,29,422,187|0|training,0,3,0.33931137205799616,0.11155378486055777,0.16232728269738372,0.055833476527082745,0.749774769800044
2,29,423,188|0|training,0,2,0.4664793409667602,0.549800796812749,0.2225847450821861,0.7365256768014605,0.10086053163392093
2,29,424,189|0|training,0,0,0.3778152746522871,0.2549800796812749,0.43749422313449904,0.4732944225708495,0.8920865902722718
2,29,425,190|0|training,0,3,0.3386752497434733,0.22310756972111553,0.0300320602662178,0.0920377842966809,3.3065957764731053e-06
2,29,426,191|0|training,0,3,0.4934819222654218,0.4262948207171315,0.5427444364155604,0.5917396045894533,0.9416878319554922
2,29,427,192|0|training,0,0,0.29669792259387734,0.13545816733067728,0.10795050020600076,0.02738022968738873,0.001495947287791855
2,29,428,193|0|training,0,3,0.700297386877436,0.6972111553784861,0.688924438176358,0.6974618394933508,0.5009672153031569
2,29,429,194|0|training,0,3,0.4269569562879345,0.4900398406374502,0.48185316036263787,0.39675810107768367,0.37969297382408
2,29,430,195|0|training,0,4,0.4422635033715275,0.5737051792828686,0.22199973680011212,0.2369612307025089,0.03021219684062839
2,29,431,196|0|training,0,3,0.4260792476811341,0.43824701195219123,0.5106992396921982,0.2608531687333888,0.36925773808521745
2,29,432,197|0|training,0,2,0.518881804577783,0.5896414342629482,0.46116037971519686,0.6404189254226899,0.34387990379627814
2,29,433,198|0|training,0,2,0.20317290152874032,0.1952191235059761,0.0755747711543394,0.03864037471311798,5.2355218089353166e-05
2,29,434,199|0|training,0,0,0.4110054889146948,0.1593625498007968,0.2039883231855126,0.31478073942153767,0.0006441560721843255
2,29,435,200|0|training,0,4,0.38512986417462847,0.4262948207171315,0.29828310465376795,0.3845289360391822,0.006711431872987472
2,29,436,201|0|training,0,4,0.3314038317890863,0.4940239043824701,0.320216208310582,0.3069589836786971,0.5490472794793296
2,29,437,202|0|training,0,3,0.5532900034521722,0.796812749003984,0.8795655091010767,0.8523213741819607,0.8317003219484246
2,29,438,203|0|training,0,1,0.41226154342862276,0.250996015936255,0.09700126972524115,0.12323749329603145,0.003010045209746738
2,29,439,204|0|training,0,1,0.23116151031769228,0.11553784860557768,0.20075714844430637,0.037944424532725264,9.808908266409538e-07
2,29,440,205|0|training,0,4,0.3016557977550204,0.3545816733067729,0.23089837249284823,0.2291866168988194,0.30364885028210065
2,29,441,206|0|training,0,1,0.5557472294656852,0.6812749003984063,0.8619037914119303,0.842793563195269,0.9962815280780786
2,29,442,207|0|training,0,4,0.34951059665805295,0.450199203187251,0.2984472022778624,0.5610266352149987,0.0328603859156608
2,29,443,208|0|training,0,3,0.5011094631163835,0.450199203187251,0.7055342214368422,0.7734646820770413,0.7733729069261527
2,29,444,209|0|training,0,0,0.579997168818904,0.5936254980079682,0.7940345100486694,0.7308469194398173,0.49609575365167613
2,29,445,210|0|training,0,2,0.27525510054232005,0.24302788844621515,0.0452963551140911,0.16469449131740618,1.5312830383980583e-05
2,29,446,211|0|training,0,1,0.4594227785427859,0.3426294820717131,0.09634136340870594,0.23017322322540534,0.0011583269255615108
2,29,447,212|0|training,0,1,0.41002650180674394,0.17928286852589642,0.10625020027693141,0.13230285819490528,0.003944925711724347
2,29,448,213|0|training,0,2,0.3008115441100766,0.2151394422310757,0.04347488876846699,0.05439347069734967,0.037638398670138275
2,29,449,214|0|training,0,0,0.36101807184522494,0.099601593625498,0.01769301741326821,0.04639370555761264,4.1291445609534904e-06
2,29,450,215|0|training,0,3,0.4471404435462785,0.5139442231075697,0.5649223914057445,0.661823173188657,0.40747253312893816
2,29,451,216|0|training,0,3,0.410927538037306,0.50199203187251,0.27030522322869605,0.496488004478663,0.04409607395960526
2,29,452,217|0|training,0,1,0.4599496119483883,0.5737051792828686,0.7953085384299435,0.631845851887163,0.9922352724553346
2,29,453,218|0|training,0,4,0.4614633849776632,0.4701195219123506,0.6650464184764366,0.4045408799611652,0.581762494908039
2,29,454,219|0|training,0,1,0.46320334089172194,0.4820717131474104,0.44966256210916083,0.6856149165625476,0.2934637310850848
2,29,455,220|0|training,0,1,0.2676403196010701,0.12749003984063745,0.06657166956064206,0.01569014064794678,2.0249638561237986e-08
2,29,456,221|0|training,0,2,0.18815945694246183,0.08764940239043825,0.021239358889534814,0.077700685124128,0.01630320229919186
2,29,457,222|0|training,0,3,0.6738460854984925,0.5338645418326693,0.718118160496323,0.5024749330002655,0.9996010831818005
2,29,458,223|0|training,0,4,0.2788816466703402,0.21912350597609562,0.14640472322803147,0.23553410592413584,0.013062031385637638
2,29,459,224|0|training,0,1,0.43481199517749497,0.4541832669322709,0.7569463107970564,0.5177965362422348,0.8958660873665449
2,29,460,225|0|training,0,2,0.47937328797709733,0.3346613545816733,0.23383246755152243,0.23752784906675933,0.23895625298818135
2,29,461,226|0|training,0,2,0.3609794173735816,0.398406374501992,0.06971212278033115,0.43336835517040057,0.00026285856478492833
2,29,462,227|0|training,0,4,0.40762043531113534,0.4860557768924303,0.4127554548377228,0.5557141416852561,0.590941724190402
2,29,463,228|0|training,0,1,0.48160229793634074,0.6972111553784861,0.9581130958688497,0.8558555214540622,0.9920339593187819
2,29,464,229|0|training,0,0,0.5765869552225125,0.5737051792828686,0.47220488827742674,0.47093772238885984,0.0041054435885306655
2,29,465,230|0|training,0,1,0.4620890418685933,0.3705179282868526,0.46562935572364716,0.3586667360707231,0.1873636281354454
2,29,466,231|0|training,0,0,0.588774007652622,0.6812749003984063,0.8481246569919093,0.42327285239078083,0.9437822982885947
2,29,467,232|0|training,0,3,0.488752461667034,0.6693227091633466,0.4926959596633688,0.6709471869095448,0.2838074247442601
2,29,468,233|0|training,0,4,0.32337869324056856,0.33067729083665337,0.4330242653582152,0.15277392170479523,0.9656612197149584
2,29,469,234|0|training,0,0,0.5600172952064267,0.5697211155378487,0.7161907244446785,0.4286054983729242,0.08728204166087927
2,29,470,235|0|training,0,3,0.5155506964250778,0.5657370517928287,0.539706991275578,0.566325512719524,0.24868032866175513
2,29,471,236|0|training,0,1,0.35845926862251193,0.3705179282868526,0.17038436997528886,0.12847237125492897,0.07158282817501878
3,41,0,20|1|training,1,0,0.6721768715555879,0.6414342629482072,0.7163351445802733,0.405805306035075,0.43238166102038966
3,41,1,21|1|training,1,3,0.6858244093167216,0.7529880478087649,0.9825499806332038,0.8559139588708564,0.9999946784093866
3,41,2,22|1|training,1,4,0.5289048872214462,0.7450199203187251,0.9215123713543284,0.7543795924152134,0.99648904925823
3,41,3,35|1|training,1,0,0.5507493267492553,0.5139442231075697,0.8416407520629691,0.8228747362469326,0.9991269019543291
3,41,4,38|1|training,1,0,0.5782454082321747,0.7290836653386454,0.7405332402433614,0.787281693867025,0.466325755376706
3,41,5,39|1|training,1,1,0.542608605381102,0.6653386454183267,0.8680122438616542,0.7075526933633861,0.9954434388916676
3,41,6,40|1|training,1,1,0.5172467860813196,0.5896414342629482,0.4748779168707814,0.6893394911321487,0.8361929155149578
3,41,7,54|1|training,1,1,0.5858494815018654,0.5816733067729084,0.5661271122084758,0.5941240150885873,0.44584931371592096
3,41,8,55|1|training,1,0,0.5267161793549672,0.5657370517928287,0.5749810081641091,0.5119197867499979,0.0831206146526243
3,41,9,56|1|training,1,2,0.5875176752411508,0.6852589641434262,0.9419588607177556,0.8790434224732757,0.9970354570366239
3,41,10,57|1|training,1,4,0.5596384186878749,0.749003984063745,0.8961675444753882,0.9128899967267979,0.9962384441024748
3,41,11,58|1|training,1,2,0.6188939481508884,0.7131474103585658,0.6794151798129419,0.6538342074017466,0.16318513147705835
3,41,12,59|1|training,1,4,0.724050746997,0.7569721115537849,0.9466217549686323,0.8666533754206043,0.9916736569311884
3,41,13,60|1|training,1,4,0.5710893235045005,0.8047808764940239,0.9494649651970167,0.8938379302724516,0.9999332512050737
3,41,14,62|1|training,1,1,0.536927124578154,0.649402390438247,0.775629232217582,0.5876325101896959,0.6472658574954775
3,41,15,64|1|training,1,4,0.4083848359713132,0.6852589641434262,0.6452911278653346,0.6318771934902465,0.7174950066699582
3,41,16,77|1|training,1,0,0.6481863555791914,0.5099601593625498,0.2963605596689632,0.1269680086669744,0.009289029389602571
3,41,17,117|1|training,1,4,0.4109664289778202,0.18326693227091634,0.20348688649286328,0.11534590538593201,0.025836912522682033
3,41,18,118|1|training,1,0,0.49673520725119963,0.3346613545816733,0.25854950072778055,0.14373973890543687,0.06530194240084447
3,41,19,119|1|training,1,2,0.5957703817302449,0.900398406374502,0.9283747415655658,0.8692090177875634,0.9992021514318988
3,41,20,120|1|training,1,3,0.47875486364537134,0.701195219123506,0.7892541577995213,0.510423741547931,0.8666277668523463
3,41,21,121|1|training,1,0,0.6873703095716307,0.6533864541832669,0.9686783038325162,0.5708827649817525,0.9994811764266743
3,41,22,123|1|training,1,3,0.5620804385630583,0.8725099601593626,0.9943772803066452,0.9663189563644137,0.9999888704976531
3,41,23,124|1|training,1,4,0.5227317256927588,0.5976095617529881,0.5857356887150968,0.6102278660949778,0.9836649665550257
3,41,24,125|1|training,1,2,0.539362364249473,0.6852589641434262,0.6470273494391763,0.6484601493865232,0.5652392964604412
3,41,25,126|1|training,1,1,0.6658087546547585,0.6254980079681275,0.8562350603539939,0.571122323559107,0.9969775009355388
3,41,26,128|1|training,1,3,0.6910234012291211,0.6852589641434262,0.7212050699245239,0.7565404512617407,0.9684484143969061
3,41,27,129|1|training,1,3,0.5800231019779711,0.7928286852589641,0.835007352482481,0.9451788295392048,0.9566765293770562
3,41,28,130|1|training,1,4,0.5908408170554674,0.6772908366533864,0.8815351403093139,0.8029236527661737,0.9937983229819217
3,41,29,131|1|training,1,4,0.5404858151017088,0.4940239043824701,0.6170462351098253,0.584366441510005,0.9292508949209191
3,41,30,133|1|training,1,1,0.5599510020109704,0.7091633466135459,0.9242133022760273,0.8344022709648352,0.991864027698402
3,41,31,134|1|training,1,2,0.6073602479029716,0.7649402390438247,0.8148827780088324,0.730889136969142,0.9776667123508073
3,41,32,135|1|training,1,3,0.4412757503863127,0.5298804780876494,0.4396688470014492,0.29615706026285893,0.0811218964242498
3,41,33,136|1|training,1,2,0.5023808070401043,0.7569721115537849,0.9466102393771622,0.7191211323806698,0.9999510314450349
3,41,34,143|1|training,1,1,0.6516958263424282,0.649402390438247,0.8203654459742103,0.7828671279872911,0.9998461860974223
3,41,35,145|1|training,1,1,0.5852613389013015,0.549800796812749,0.5640005388473415,0.5664206377683803,0.9983580560834749
3,41,36,155|1|training,1,4,0.4426512243433845,0.6135458167330677,0.29674205494347916,0.4104107462016167,0.05107385781745734
3,41,37,169|1|training,1,2,0.3966736328657993,0.4302788844621514,0.14528899125697808,0.30227838995252104,0.00018429932204861132
3,41,38,172|1|training,1,2,0.4799478166909265,0.6294820717131474,0.6121309012871003,0.8126397923664072,0.9536763473623772
3,41,39,173|1|training,1,4,0.3741810379845032,0.4541832669322709,0.10841419927571504,0.23029374899357039,0.0005438784081346089
3,41,40,174|1|training,1,4,0.5934734972923901,0.601593625498008,0.7447025707300857,0.6879108890942567,0.9447523436750683
3,41,41,177|1|training,1,4,0.6293062488076452,0.5378486055776892,0.3014951924291994,0.7207884554288106,0.052080971000926166
3,41,42,179|1|training,1,0,0.6808488554605608,0.43824701195219123,0.6964436246152423,0.24186912851108608,0.9939424389490876
3,41,43,200|1|training,1,0,0.28460683760126004,0.5298804780876494,0.15370458230758385,0.714024028215233,0.003110909413168548
3,41,44,201|1|training,1,3,0.596219562589807,0.5418326693227091,0.5084984518985785,0.6317817689901711,0.15960627261636842
3,41,45,202|1|training,1,2,0.5761759390709605,0.5657370517928287,0.6404189961778861,0.716763741624171,0.9590982907037059
3,41,46,299|1|training,1,1,0.35396178302981857,0.3745019920318725,0.12109366113597272,0.30519810721518775,2.4007060207315955e-06
3,41,47,300|1|training,1,4,0.43142782643900535,0.4342629482071713,0.23920000453145557,0.5703535226476774,0.0018277628182120022
3,41,48,301|1|training,1,0,0.6043116288941225,0.4900398406374502,0.5,0.2792720250372537,0.5895312094277508
3,41,49,302|1|training,1,1,0.6224502740603118,0.4701195219123506,0.45992671072497626,0.6523986978605384,0.20758534577101373
3,41,50,309|1|training,1,3,0.6525737610590646,0.6613545816733067,0.9658530265625658,0.866153789009116,0.9999995300367374
3,41,51,310|1|training,1,2,0.5464486026377164,0.7410358565737052,0.8968572880140224,0.8879299998385893,0.9639730665505587
3,41,52,311|1|training,1,0,0.5630724019786586,0.5378486055776892,0.37228108096563123,0.3621774743217242,0.04487265909082021
3,41,53,312|1|training,1,3,0.619180328020701,0.5099601593625498,0.6584169150575693,0.24231239976012164,0.9785177248536107
3,41,54,313|1|training,1,4,0.6572780742962921,0.41434262948207173,0.5925454531614952,0.43630287508758786,0.6784145698258423
3,41,55,315|1|training,1,1,0.5393614476649722,0.7290836653386454,0.7338885196301843,0.7402602313280626,0.21255858353163432
3,41,56,318|1|training,1,4,0.8073563748660265,0.8605577689243028,0.913562384410083,0.9511364612657317,0.9718909642290277
3,41,57,320|1|training,1,3,0.4677383232519416,0.38645418326693226,0.6815397752911697,0.27082998718282114,0.9838367359652316
3,41,58,321|1|training,1,2,0.6185919604581136,0.41434262948207173,0.5754290665748655,0.4535088942110089,0.9974929899232222
3,41,59,322|1|training,1,0,0.378241494929721,0.250996015936255,0.2442598782122121,0.14867848335752568,0.731798201868038
3,41,60,323|1|training,1,1,0.5640444538301482,0.6334661354581673,0.85051984367869,0.7065985233148089,0.9940020449692228
3,41,61,324|1|training,1,2,0.627908124809555,0.5378486055776892,0.7327653856696498,0.5018953852542613,0.9549487687182118
3,41,62,325|1|training,1,4,0.6567068463234497,0.35856573705179284,0.6183741348898584,0.4764553168003401,0.2614273318514698
3,41,63,326|1|training,1,3,0.6663381066761552,0.5657370517928287,0.9329652874186327,0.5540043644073955,0.9998366054854485
3,41,64,327|1|training,1,0,0.7244488604885018,0.43824701195219123,0.9590639298937834,0.8482390515926219,0.9996842461220774
3,41,65,328|1|training,1,4,0.5876137953224361,0.5298804780876494,0.5424877100132848,0.5386920016795844,0.42344476325339664
3,41,66,352|1|training,1,0,0.4347561002331017,0.41832669322709165,0.2766439210464132,0.6398762072609966,0.6010893759125192
3,41,67,353|1|training,1,3,0.7305484385503088,0.5537848605577689,0.9188398474932933,0.5677406640334562,0.8656330382520255
3,41,68,359|1|training,1,2,0.5887998944052207,0.8366533864541833,0.9342733038687686,0.7809333263689859,0.9373605931498983
3,41,69,386|1|training,1,1,0.6109154215206518,0.7410358565737052,0.7426408312949611,0.7934597183546364,0.6345694881032558
3,41,70,398|1|training,1,3,0.5787813628184449,0.5896414342629482,0.8124410085181606,0.470421422005872,0.999745492541304
3,41,71,421|1|training,1,3,0.702700542242998,0.701195219123506,0.7831218045186397,0.5578085109127648,0.9931885011637851
3,41,72,451|1|training,1,0,0.49400393633522693,0.5697211155378487,0.762680677476826,0.44698449911340243,0.8324817717316886
3,41,73,454|1|training,1,4,0.6780241219805291,0.7051792828685259,0.7807276402445168,0.6676745194476738,0.9387737799444573
3,41,74,490|1|training,1,2,0.7419154149013283,0.41434262948207173,0.7580627188220861,0.21176337246749258,0.9961453715670247
3,41,75,531|1|training,1,1,0.6276079274098919,0.7091633466135459,0.7970109072257513,0.896287698464448,0.9606031288825342
3,41,76,549|1|training,1,1,0.7493729742275461,0.6055776892430279,0.9195953334842826,0.6256414590348536,0.9859910710211427
3,41,77,569|1|training,1,2,0.4969026615874365,0.7211155378486056,0.8661211568891309,0.8552522244795552,0.9786333421514886
3,41,78,571|1|training,1,0,0.7575426246449828,0.7370517928286853,0.9419723767601161,0.728883316020395,0.959868975282411
3,41,79,574|1|training,1,2,0.4630326452423401,0.46215139442231074,0.5757467171364022,0.29141456093148904,0.6467969949895485
3,41,80,575|1|training,1,4,0.6313303256279723,0.7808764940239044,0.7195633171772795,0.7450054883918882,0.8726359623203174
3,41,81,588|1|training,1,3,0.5215100548983316,0.4860557768924303,0.5409221524231821,0.3234868609166317,0.9821012826704846
3,41,82,615|1|training,1,0,0.6155152355665258,0.5219123505976095,0.5,0.17751152767339387,0.9218529991602481
3,41,83,618|1|training,1,1,0.6709405542299134,0.6972111553784861,0.8783051481079504,0.6598216155684521,0.9954657218351725
3,41,84,624|1|training,1,1,0.5889746813702605,0.5577689243027888,0.2839992755479474,0.4258505009614566,0.12143244533890044
3,41,85,638|1|training,1,0,0.554496245040913,0.6175298804780877,0.9087347112899109,0.7255882327326257,0.9994975440937754
3,41,86,644|1|training,1,0,0.6107366359931343,0.5338645418326693,0.8197570562738751,0.4013710995334742,0.9926885433063347
3,41,87,659|1|training,1,3,0.7788795685026165,0.796812749003984,0.979933974043684,0.8839361831771703,0.9998866337799551
3,41,88,681|1|training,1,0,0.6239453446035509,0.5896414342629482,0.7754105969137465,0.614644237203147,0.9199722723164594
3,41,89,706|1|training,1,3,0.5292305287547439,0.701195219123506,0.5,0.8552993183606513,0.12738926054400504
3,41,90,707|1|training,1,2,0.5191383123966898,0.5816733067729084,0.9430593284629333,0.569025329200861,0.9999545730508013
3,41,91,708|1|training,1,0,0.6565737499633757,0.7410358565737052,0.9609891398855406,0.8866674534313831,0.9999599392849764
3,41,92,709|1|training,1,2,0.6951651863683869,0.7609561752988048,0.9724903993425349,0.8456731851912684,0.9999441016232827
3,41,93,710|1|training,1,4,0.6053286323386436,0.6573705179282868,0.8575786587952581,0.7167987300834352,0.995080737322454
3,41,94,711|1|training,1,3,0.6705127435476711,0.701195219123506,0.8462465327458891,0.730709076514894,0.994723148015885
3,41,95,712|1|training,1,1,0.5727814734554396,0.5936254980079682,0.5876453550348973,0.561060460044132,0.950380843083162
3,41,96,713|1|training,1,4,0.7559460717377214,0.7171314741035857,0.9670659001153858,0.790587304811581,0.9997950731466575
3,41,97,714|1|training,1,3,0.5697842769944698,0.5378486055776892,0.5901644037729635,0.5403371706444823,0.859704815744632
3,41,98,715|1|training,1,3,0.5228367766847987,0.5657370517928287,0.7310815709254004,0.7159906595097701,0.9961796607807857
3,41,99,716|1|training,1,4,0.5057741069731531,0.5737051792828686,0.8057569388786543,0.6285426385926904,0.9949474819351088
3,41,100,717|1|training,1,1,0.6433933900099541,0.6573705179282868,0.9110281130166712,0.842741108016005,0.9985565920549291
3,41,101,718|1|training,1,0,0.405445007948233,0.4342629482071713,0.23215458199233835,0.14477250794357602,0.011616139842438838
3,41,102,719|1|training,1,3,0.374715512560815,0.42231075697211157,0.36168565855855317,0.4050673368877412,0.7732821212789113
3,41,103,720|1|training,1,2,0.5288215203459996,0.7131474103585658,0.7429414888955264,0.824829321549999,0.4777375147180877
3,41,104,721|1|training,1,2,0.5886592101519578,0.7131474103585658,0.9346997738837707,0.7753676160493668,0.9988220076261547
3,41,105,722|1|training,1,2,0.757445144204068,0.6454183266932271,0.9460788027307514,0.5512756920184465,0.9989202833968956
3,41,106,724|1|training,1,0,0.5959077605383889,0.6454183266932271,0.7471133425750573,0.851559045011167,0.87146225964978
3,41,107,725|1|training,1,0,0.5648273655825997,0.6055776892430279,0.5540771209603835,0.7136750072539694,0.9677844241037059
3,41,108,726|1|training,1,1,0.4705526690765654,0.3745019920318725,0.47938570902201016,0.12973047616799283,0.6662591182463544
3,41,109,727|1|training,1,3,0.34431040275997554,0.545816733067729,0.16953231995609397,0.5993193119221744,0.06187656917724534
3,41,110,728|1|training,1,4,0.6847997932042399,0.8087649402390438,0.7880394611019454,0.8707966724021438,0.6745686583548763
3,41,111,729|1|training,1,3,0.5604376385929859,0.749003984063745,0.7522433203455998,0.8490485560038589,0.9826705486742031
3,41,112,733|1|training,1,0,0.6895496967651417,0.5378486055776892,0.6488085543326134,0.7771687608954047,0.9739603685300644
3,41,113,734|1|training,1,0,0.6190347062739419,0.6254980079681275,0.9274505358034447,0.780687916780057,0.9703466754070097
3,41,114,824|1|training,1,1,0.7246088833489062,0.6972111553784861,0.9308726805776191,0.9100330843657805,0.9981085044934922
3,41,115,838|1|training,1,2,0.7093936476250511,0.6454183266932271,0.9481748447282402,0.7108262630354226,0.9964158939956701
3,41,116,893|1|training,1,0,0.602762790491159,0.6055776892430279,0.9028787682970598,0.819548189171243,0.9951679166832931
3,41,117,981|1|training,1,4,0.8453221206116925,0.7848605577689243,0.9658419898917021,0.791858978210053,0.9994619345214124
3,41,118,982|1|training,1,0,0.5335783762003472,0.4103585657370518,0.289315681701613,0.19380952472109259,0.2069804803041289
3,41,119,995|1|training,1,1,0.6678048928895273,0.8406374501992032,0.9928212908266522,0.8722903631083581,0.9997948750088916
3,41,120,1054|1|training,1,1,0.4850974331442964,0.545816733067729,0.7566452752150077,0.7369946613183959,0.9373462585259953
3,41,121,1095|1|training,1,0,0.5552880100285231,0.7091633466135459,0.5862554252246372,0.9482162300374186,0.9726021510907145
3,41,122,1100|1|training,1,0,0.4053114861465045,0.32669322709163345,0.0846146908483492,0.13278360525499433,0.01741080732872962
3,41,123,1115|1|training,1,1,0.6444938543459675,0.4541832669322709,0.48922117764743484,0.23422899671280054,0.7982132019557734
3,41,124,1116|1|training,1,4,0.6703302117462718,0.5099601593625498,0.46312073480955324,0.6106434678714918,0.054382272153472064
3,41,125,1126|1|training,1,2,0.5923585135112202,0.398406374501992,0.4032219177212725,0.30968169647984933,0.9758726733529247
3,41,126,1127|1|training,1,0,0.5094386180454153,0.5737051792828686,0.7895283659069801,0.8649666364981025,0.9977506304180164
3,41,127,1139|1|training,1,4,0.5752133497407637,0.2868525896414343,0.3317207518687771,0.2777568968986223,0.08603810574046296
3,41,128,1151|1|training,1,1,0.613439748753732,0.5856573705179283,0.26618016722301646,0.6865904623739227,0.006212960191741242
3,41,129,1152|1|training,1,3,0.7878270807855272,0.6215139442231076,0.8553442101650166,0.5101810744846854,0.9650726796676643
3,41,130,1153|1|training,1,0,0.396004956116821,0.7689243027888446,0.754082678073846,0.8640314634050501,0.8000060090939046
3,41,131,1180|1|training,1,2,0.7199454321074092,0.8207171314741036,0.9395871123711842,0.867794926490192,0.9958790675937471
3,41,132,1233|1|training,1,0,0.3911294364412102,0.5896414342629482,0.29842781867122953,0.6100440504147226,0.06940171901212765
3,41,133,1234|1|training,1,3,0.6189981304355395,0.7609561752988048,0.7829218143265121,0.8571083922834088,0.9993763585730363
3,41,134,1235|1|training,1,4,0.5815434501250818,0.5139442231075697,0.5219680558302701,0.47629465082465416,0.41738764927389993
3,41,135,1236|1|training,1,3,0.5968601949718392,0.32669322709163345,0.6112199587923756,0.4509944602109938,0.7976211945621999
3,41,136,1238|1|training,1,2,0.6339733381176738,0.5896414342629482,0.7706565553846404,0.7399358683238195,0.9859341011442859
3,41,137,1245|1|training,1,1,0.7716706484106037,0.6414342629482072,0.9147146064414753,0.8748118046323692,0.9996075575044292
3,41,138,1247|1|training,1,2,0.7330627294687861,0.4820717131474104,0.8531981709889312,0.5820428428751342,0.9999846774877258
3,41,139,1256|1|training,1,2,0.7056089459085481,0.7649402390438247,0.7969378186498828,0.8189059067416706,0.9618206480629966
3,41,140,1258|1|training,1,0,0.5707607902612163,0.8326693227091634,0.9371368067250249,0.9310584856784494,0.9903694368824256
3,41,141,1260|1|training,1,1,0.5150497792616946,0.6533864541832669,0.8895131388337687,0.5749125915511669,0.9564871377344039
3,41,142,1276|1|training,1,3,0.6660230399137498,0.42231075697211157,0.7513303632784346,0.17095355451535543,0.782118085607212
3,41,143,1277|1|training,1,0,0.5609137412816673,0.6095617529880478,0.6476392050983324,0.6625347956705798,0.994809356415876
3,41,144,1279|1|training,1,0,0.49727057763270627,0.6573705179282868,0.7930791054792479,0.8938828177682252,0.9788667595233499
3,41,145,1280|1|training,1,3,0.5268763012862682,0.42231075697211157,0.42047921644888636,0.24884889963959225,0.9507857379263319
3,41,146,1281|1|training,1,4,0.5234886614158791,0.7250996015936255,0.6483025690811838,0.806702367990012,0.6774488908865263
3,41,147,1289|1|training,1,2,0.7142312268095576,0.7450199203187251,0.9296050461430545,0.7480746543523433,0.9949407982053009
3,41,148,1303|1|training,1,2,0.4957862509321687,0.749003984063745,0.7248313964646683,0.8152144425928742,0.8459567973067595
3,41,149,1305|1|training,1,4,0.7155822974545533,0.5059760956175299,0.744587994947789,0.48422244816554166,0.20988694711769604
3,41,150,1307|1|training,1,3,0.6208783522549891,0.44621513944223107,0.7622317841752208,0.3651353235090073,0.9746608547021787
3,41,151,1309|1|training,1,1,0.3945526100087388,0.4581673306772908,0.16625747045059552,0.38913696416102,0.001358930522653902
3,41,152,1320|1|training,1,1,0.5822107733931453,0.7211155378486056,0.8124655213868074,0.7065071011618248,0.4842585976578672
3,41,153,1322|1|training,1,1,0.6687783991991397,0.6932270916334662,0.9435229721310613,0.6941935929599764,0.9998435625596082
3,41,154,1324|1|training,1,2,0.6283158431472291,0.6095617529880478,0.8839215303763314,0.5978912358523422,0.9983343035876902
3,41,155,1326|1|training,1,2,0.5358971693502833,0.6852589641434262,0.9145082806675341,0.5579842855896817,0.9931001411709224
3,41,156,1328|1|training,1,1,0.5879729109280015,0.6254980079681275,0.7768034274603807,0.8036016386701093,0.9976484196737249
3,41,157,1330|1|training,1,0,0.6245379083048745,0.7689243027888446,0.9587750601350655,0.7092868251251102,0.9986223061389888
3,41,158,1332|1|training,1,3,0.581928056335791,0.8326693227091634,0.9587258653378689,0.8774695399787601,0.9988545400964811
3,41,159,1334|1|training,1,4,0.6225602882537152,0.41832669322709165,0.4496779184150711,0.40461682396461884,0.5507994139055352
3,41,160,1336|1|training,1,2,0.6024499794676071,0.46215139442231074,0.7505380752269879,0.24890039430136218,0.9999842470389364
3,41,161,1338|1|training,1,4,0.6796266146752956,0.7290836653386454,0.8569856589163112,0.7584758176746975,0.9385280476524767
3,41,162,1340|1|training,1,2,0.5436410747889121,0.6573705179282868,0.808918216643556,0.8565329660848827,0.7971239547055893
3,41,163,1342|1|training,1,3,0.4593289837266356,0.49800796812749004,0.2171757942516596,0.279532044405193,0.009426106109974464
3,41,164,1344|1|training,1,3,0.5327723270388915,0.4940239043824701,0.3558188794342877,0.23464331648626902,0.014080400589684733
3,41,165,1346|1|training,1,4,0.5256472977717799,0.6533864541832669,0.7740492265097597,0.5525992358025763,0.9119009669036138
3,41,166,1348|1|training,1,1,0.64588905793102,0.7649402390438247,0.8600992432898393,0.8195303492852685,0.977754139006161
3,41,167,1350|1|training,1,0,0.6102584968635448,0.6693227091633466,0.7395704264532369,0.6401914332286814,0.7319730251747663
3,41,168,1352|1|training,1,4,0.6223288137733409,0.8007968127490039,0.9343119734834096,0.7564965317670862,0.9870512026204306
3,41,169,1354|1|training,1,0,0.5300655752673319,0.7649402390438247,0.7725615032643774,0.8329281663643442,0.8208749071533827
3,41,170,1356|1|training,1,0,0.5703951470641522,0.6733067729083665,0.7912231086270002,0.8238218971176887,0.7297605285700662
3,41,171,1357|1|training,1,3,0.6741041326493691,0.5179282868525896,0.9212329355740246,0.34757225428044347,0.986109349736373
3,41,172,1359|1|training,1,1,0.6885640318135107,0.6454183266932271,0.9351721677426971,0.7435629362856104,0.9915315832669906
3,41,173,1361|1|training,1,1,0.480957472986792,0.5139442231075697,0.5705197571524318,0.24790590344989602,0.6761049349456917
3,41,174,1363|1|training,1,4,0.44254815440667955,0.8167330677290837,0.8476433504146382,0.7932169562373739,0.9688711550674493
3,41,175,1378|1|training,1,1,0.6173414289806366,0.50199203187251,0.5961342982912884,0.43072437229822197,0.6899166864144856
3,41,176,1413|1|training,1,2,0.3374339313786408,0.5577689243027888,0.1390664651154223,0.6612282036470208,0.0004301515675221137
3,41,177,1550|1|training,1,1,0.5814503000083557,0.6653386454183267,0.667087240040758,0.9213919110027814,0.9996989688048055
3,41,178,1552|1|training,1,2,0.6208216460261877,0.549800796812749,0.744448787867069,0.6937680817424927,0.5939438075958898
3,41,179,1553|1|training,1,2,0.7235539790163765,0.6533864541832669,0.8640897300093551,0.7969321591002156,0.9776551377267332
3,41,180,1556|1|training,1,2,0.6530474292986986,0.649402390438247,0.7096036185025459,0.8458259445251838,0.9892085707743022
3,41,181,1560|1|training,1,0,0.4337888256286862,0.41832669322709165,0.13737180204017693,0.21411366735791934,0.0016774191437240286
3,41,182,1563|1|training,1,0,0.5806761758355896,0.5657370517928287,0.6798388440012861,0.785970263496981,0.76761302315279
3,41,183,1564|1|training,1,1,0.6167778868028124,0.38645418326693226,0.5499204867281842,0.1931103534105986,0.4090974845737559
3,41,184,1571|1|training,1,4,0.7727248255385939,0.7330677290836654,0.8333285080765725,0.8423313661359636,0.9993323724633822
3,41,185,1580|1|training,1,3,0.3674175304569603,0.09163346613545817,0.03734191015908738,0.047607206723409776,5.516043039962975e-06
3,41,186,1582|1|training,1,4,0.515769438608586,0.6135458167330677,0.8083973446822469,0.7712948386655792,0.9996917460446111
3,41,187,1583|1|training,1,3,0.5539661176908239,0.7131474103585658,0.911476411646867,0.899919657012505,0.9958318321378067
3,41,188,1594|1|training,1,3,0.5325313368039497,0.6374501992031872,0.6467935160397525,0.5857570431450435,0.9246897484722956
3,41,189,1629|1|training,1,2,0.8432354192329015,0.5737051792828686,0.8652405653028115,0.632134386662379,0.9875180780446393
3,41,190,1639|1|training,1,0,0.5129319373172035,0.5418326693227091,0.5083741501442296,0.664898035506868,0.2000501651369693
3,41,191,1641|1|training,1,3,0.604119903530732,0.7330677290836654,0.7132288617853836,0.8137746656749425,0.3433305998609532
3,41,192,1646|1|training,1,2,0.42420704157592526,0.3665338645418327,0.13704250063617246,0.17399092694835086,0.0024419482395341206
3,41,193,1647|1|training,1,4,0.6179941114531046,0.5617529880478087,0.7946814862023472,0.8800481699478245,0.9998742774615659
3,41,194,1655|1|training,1,2,0.4824321559010947,0.5139442231075697,0.6589627999419013,0.7047826693885854,0.8362500321743406
3,41,195,1656|1|training,1,0,0.5832390760005908,0.5776892430278885,0.43088476645856955,0.7728001266340658,0.02949633212160832
3,41,196,1660|1|training,1,1,0.5706518257335892,0.5378486055776892,0.7818198249372941,0.33885392879034143,0.9562028354570967
3,41,197,1662|1|training,1,2,0.5117674512343342,0.796812749003984,0.40591428958450854,0.8899125177873259,0.0304273938786755
3,41,198,1663|1|training,1,1,0.6141097191408991,0.5657370517928287,0.9207409894323875,0.31274759252404205,0.9999786668315419
3,41,199,1671|1|training,1,0,0.6876413367764044,0.6095617529880478,0.6872408892741809,0.9409434365330875,0.9460006352656523
3,41,200,1674|1|training,1,3,0.6584601495257102,0.6135458167330677,0.756306519371094,0.769600661695434,0.9676172552189073
3,41,201,1675|1|training,1,3,0.6741780564527761,0.6414342629482072,0.6416501787609333,0.44550475909643106,0.4854176644338597
3,41,202,1680|1|training,1,4,0.7634548288660994,0.8844621513944223,0.9622602729762879,0.9324510809952504,0.9998151026412426
3,41,203,1728|1|training,1,4,0.6134072079197493,0.6414342629482072,0.5235550338423919,0.7206114587122525,0.5579426404792485
3,41,204,1729|1|training,1,2,0.6359923431575114,0.6653386454183267,0.8778420195255281,0.8215510752807185,0.9997497662724332
3,41,205,1741|1|training,1,0,0.6068988663329374,0.5776892430278885,0.5966408011924552,0.70481590876024,0.99991924602931
3,41,206,1753|1|training,1,1,0.5245357974141439,0.5697211155378487,0.6270753115386682,0.5609020226550924,0.996963145316091
3,41,207,1756|1|training,1,0,0.5007172097391959,0.5378486055776892,0.5334774232579644,0.18745687181391466,0.44349572169651535
3,41,208,1759|1|training,1,2,0.49532242010743127,0.4900398406374502,0.2770022941305965,0.6595940324014317,0.1501480995796359
3,41,209,1770|1|training,1,3,0.5355307096469741,0.5896414342629482,0.5481845304617539,0.35358651499657745,0.6941242907415897
3,41,210,1771|1|training,1,3,0.7003536275608583,0.49800796812749004,0.51515241147809,0.6447256913061198,0.05558021370605647
3,41,211,1772|1|training,1,3,0.5160641229524897,0.5816733067729084,0.781161022458612,0.7425603897264516,0.9999684136280947
3,41,212,1793|1|training,1,1,0.6105493147707654,0.7609561752988048,0.8181699786456001,0.5610295126346699,0.9689977653225456
3,41,213,1794|1|training,1,4,0.657169056977478,0.5976095617529881,0.6931783958354473,0.6472762163389353,0.5120187221972406
3,41,214,1795|1|training,1,1,0.33036988176217597,0.450199203187251,0.22571714010322272,0.4071428744090523,0.010244659548688913
3,41,215,1802|1|training,1,3,0.5182102201621946,0.6653386454183267,0.6202459114842883,0.45960066864237353,0.9658062568983828
3,41,216,1833|1|training,1,2,0.4600284196943779,0.6294820717131474,0.2589032441746501,0.4995217923053627,0.9071140924148694
3,41,217,1855|1|training,1,4,0.559088195678315,0.42231075697211157,0.40138688129945627,0.268448546926105,0.9989043583792994
3,41,218,1860|1|training,1,1,0.6256402330386777,0.43824701195219123,0.3432612784108889,0.4404819504607094,0.8298701120856304
3,41,219,1875|1|training,1,1,0.7526013640475252,0.6254980079681275,0.6953264435735196,0.5236484642619839,0.9992169923665689
3,41,220,1876|1|training,1,4,0.46495513324588816,0.5258964143426295,0.6450506835955324,0.490621617421572,0.9794117925073472
3,41,221,1877|1|training,1,3,0.6525239577184151,0.5936254980079682,0.3025429539459481,0.41715740302039883,0.00401556424520113
3,41,222,1878|1|training,1,4,0.6791335220394876,0.6892430278884463,0.9046672220807999,0.7813579458588816,0.9999987960168556
3,41,223,1879|1|training,1,2,0.6667166863526036,0.7729083665338645,0.9616825570134901,0.9592396883453056,0.9999430909613416
3,41,224,1880|1|training,1,3,0.6150657682155612,0.4701195219123506,0.7713500195830596,0.6342890436297265,0.9930063260393083
3,41,225,1881|1|training,1,2,0.5451546018774838,0.3147410358565737,0.3874531725624315,0.4516019310748937,0.10103468949047163
3,41,226,1882|1|training,1,0,0.5933308956524813,0.3784860557768924,0.2288257785428076,0.4913046814736314,0.5529404818854181
3,41,227,2003|1|training,1,4,0.4231746875014324,0.4820717131474104,0.5411024371843377,0.49221084977680085,0.8398956796759416
3,41,228,2022|1|training,1,3,0.5076003771101864,0.5537848605577689,0.5838871552469744,0.41667526663339344,0.9780001994776447
3,41,229,2032|1|training,1,1,0.5170086736244575,0.601593625498008,0.3093396305960045,0.6831759045661064,0.5156642738525873
3,41,230,2038|1|training,1,1,0.5858213620412772,0.5179282868525896,0.3294603544329376,0.4079873542886339,0.3328070077642949
3,41,231,2039|1|training,1,1,0.5677034853587303,0.4103585657370518,0.2340801433623825,0.17615439806678257,9.830430128438837e-05
3,41,232,2050|1|training,1,4,0.5965332201464151,0.5617529880478087,0.5931724323220527,0.5515248486001308,0.9909477275988663
3,41,233,2057|1|training,1,2,0.5356211460708086,0.5139442231075697,0.5765756687909628,0.16500548236219056,0.17069601397342626
3,41,234,2060|1|training,1,3,0.6748638731098996,0.6294820717131474,0.6910581980154449,0.762873385882538,0.9809140640911951
3,41,235,2071|1|training,1,4,0.4860276061058162,0.3784860557768924,0.2724107316912071,0.09678047409684828,0.07384085202925393
3,41,236,1|0|training,0,1,0.3051533184229183,0.099601593625498,0.1178821404236501,0.04654949712947206,1.0980796750576044e-06
3,41,237,2|0|training,0,4,0.48793811897921036,0.46613545816733065,0.35719979326733153,0.11142696269726934,0.805698525029761
3,41,238,3|0|training,0,1,0.44552723281163853,0.38645418326693226,0.15999242668736746,0.2170445730147601,0.00014271484129617325
3,41,239,4|0|training,0,4,0.4284899234818471,0.1752988047808765,0.2609439075306796,0.09797983969079026,0.0023893245951968974
3,41,240,5|0|training,0,1,0.5590071415146654,0.3386454183266932,0.2712551639502957,0.11574120102731636,0.08235535612381811
3,41,241,6|0|training,0,0,0.38485013599954243,0.5139442231075697,0.2233762511552517,0.471339406870115,0.0018420977381668872
3,41,242,7|0|training,0,0,0.4302365440982674,0.42231075697211157,0.1905272145991219,0.3942156134768545,0.00020796314790899075
3,41,243,8|0|training,0,0,0.29875074931917206,0.1553784860557769,0.022587226746539887,0.03631409717768561,7.125000352381091e-07
3,41,244,9|0|training,0,3,0.5973266411880519,0.49800796812749004,0.36129804595989995,0.3017234802960556,0.37090995948119
3,41,245,10|0|training,0,2,0.2271588002704089,0.3346613545816733,0.2711542441462975,0.24339240364529385,0.9967184928170694
3,41,246,11|0|training,0,3,0.5059697256711485,0.5139442231075697,0.3280559541496439,0.6937102729360194,0.9837952167503595
3,41,247,12|0|training,0,2,0.7025482980825315,0.5856573705179283,0.44922202055881066,0.34082866986940485,0.9928658668185437
3,41,248,13|0|training,0,2,0.460671653232938,0.40239043824701193,0.31133243420943973,0.41428841164204716,0.7536055647296772
3,41,249,14|0|training,0,0,0.5484535858686138,0.4581673306772908,0.6107028638867634,0.8366195937277863,0.9714609844117449
3,41,250,15|0|training,0,1,0.4668834324869115,0.40239043824701193,0.32305167730486356,0.4568130216152662,0.9570369448384481
3,41,251,16|0|training,0,4,0.19245860840994755,0.14741035856573706,0.09745975458700555,0.18349728765528112,0.10657710599066679
3,41,252,17|0|training,0,2,0.4540354275752605,0.26693227091633465,0.15529095988624905,0.2645457907151535,0.5096086386259165
3,41,253,18|0|training,0,4,0.2961480224745039,0.20717131474103587,0.303558096602443,0.11757488074000381,0.7268823536201311
3,41,254,19|0|training,0,4,0.5030510329114923,0.47808764940239046,0.3541875163697978,0.43744400247986204,0.041342620557101535
3,41,255,20|0|training,0,0,0.5337673978726908,0.44621513944223107,0.16967998179958232,0.36493933366458725,0.00031425666824322086
3,41,256,21|0|training,0,3,0.29324947292198594,0.10756972111553785,0.12059919821583102,0.07035010325747797,0.00048674829044071836
3,41,257,22|0|training,0,4,0.4788825932454298,0.5139442231075697,0.2490817894294836,0.6987382784367397,0.32484550888048636
3,41,258,23|0|training,0,2,0.29972197198143835,0.07569721115537849,0.06451128870485305,0.04149397393620705,0.0023485367456782427
3,41,259,24|0|training,0,1,0.42278294132761984,0.199203187250996,0.21593620925147264,0.060228448238854336,4.4302016656104045e-08
3,41,260,25|0|training,0,0,0.2025289506683055,0.22709163346613545,0.04681146415789758,0.2094323676006647,0.004415495675923535
3,41,261,26|0|training,0,0,0.1836463883571961,0.16334661354581673,0.07656361578408426,0.17080889752444428,0.06374672563533164
3,41,262,27|0|training,0,3,0.6220544326131818,0.649402390438247,0.7755293082437804,0.6852448282595349,0.9997508669739231
3,41,263,28|0|training,0,4,0.4907799379010317,0.3665338645418327,0.4117439186823058,0.4380848184301083,0.845287945210616
3,41,264,29|0|training,0,0,0.23792100094670618,0.12350597609561753,0.06454671196346733,0.12235814278360371,0.0022331341490027254
3,41,265,30|0|training,0,3,0.22077587763465512,0.2908366533864542,0.19830254985007867,0.35548395607889444,0.27606253664341424
3,41,266,31|0|training,0,3,0.1901932811418305,0.13545816733067728,0.0431146434188185,0.11979754747248435,0.0003977292289620127
3,41,267,32|0|training,0,1,0.2658022704999251,0.2151394422310757,0.041737938331592124,0.16401715389416271,0.00023827779257631841
3,41,268,33|0|training,0,3,0.4608299145353771,0.7051792828685259,0.4059785108386341,0.7391794042963579,0.9176408507423574
3,41,269,34|0|training,0,3,0.5599171371666105,0.6374501992031872,0.4173778343246631,0.5757417598928568,0.9433970292561124
3,41,270,35|0|training,0,1,0.4726650368311306,0.46215139442231074,0.4364350385435085,0.2372503444996213,0.19558341145115218
3,41,271,36|0|training,0,3,0.2922300058674377,0.49800796812749004,0.10933408032011739,0.5239419001741557,0.0007056384804993741
3,41,272,37|0|training,0,3,0.5947406538242502,0.7091633466135459,0.5313198159207557,0.652171844086365,0.8050301028902768
3,41,273,38|0|training,0,2,0.44446012773354876,0.398406374501992,0.48625953011903666,0.6076089942421674,0.9962310039009094
3,41,274,39|0|training,0,2,0.4690420922159362,0.5378486055776892,0.5165286992880851,0.4502014012642783,0.9780892849288124
3,41,275,40|0|training,0,0,0.4795059317119674,0.46613545816733065,0.48564280560638445,0.536598004441035,0.9955613109250487
3,41,276,41|0|training,0,0,0.3235557467671153,0.2948207171314741,0.18081095801631572,0.10143156987147897,0.5336840735641984
3,41,277,42|0|training,0,3,0.414730490180438,0.5418326693227091,0.4270950737156995,0.5615434565070044,0.5805529653855253
3,41,278,43|0|training,0,3,0.3773200314717383,0.30677290836653387,0.2330693796908917,0.16550881361414757,0.39452688928075863
3,41,279,44|0|training,0,1,0.3971253681564824,0.35856573705179284,0.5,0.10534199417575658,0.9982417711995767
3,41,280,45|0|training,0,4,0.37316090285065456,0.5139442231075697,0.19373371864496744,0.6598959931751329,0.0038766131549835027
3,41,281,46|0|training,0,4,0.5432932590858638,0.549800796812749,0.5165252152822231,0.5971621829872004,0.9925307104425849
3,41,282,47|0|training,0,3,0.5868138967624172,0.5298804780876494,0.41848697465638607,0.12794652640503365,0.9888620607021956
3,41,283,48|0|training,0,3,0.7089880558853431,0.5896414342629482,0.6473004422702683,0.4428837523783349,0.641136709246368
3,41,284,49|0|training,0,0,0.533609465930745,0.3346613545816733,0.3111492995664375,0.27191307894196554,0.6636583955960904
3,41,285,50|0|training,0,0,0.47942819859866637,0.5896414342629482,0.3204499724981656,0.7754819520170626,0.9376463303458769
3,41,286,51|0|training,0,4,0.2522692935514841,0.44621513944223107,0.06561580602916671,0.4690032127376869,0.0003169095328362623
3,41,287,52|0|training,0,2,0.400508426192067,0.44223107569721115,0.35552973107127167,0.4839999353301277,0.9929976469413151
3,41,288,53|0|training,0,1,0.5336171434483334,0.5856573705179283,0.22192858989233707,0.7032920146205862,0.2434070503074032
3,41,289,54|0|training,0,3,0.4262664010691865,0.749003984063745,0.6426206422859139,0.9195647889995975,0.9980999793462796
3,41,290,55|0|training,0,0,0.526834055623098,0.6573705179282868,0.4474447861059733,0.6325060121337307,0.41454174032402547
3,41,291,56|0|training,0,4,0.62451318005323,0.6733067729083665,0.6785134402321414,0.8335202986618996,0.9799736364479879
3,41,292,57|0|training,0,4,0.4769240285641648,0.44223107569721115,0.27690070057446986,0.32438398363991383,0.000621557060865204
3,41,293,58|0|training,0,0,0.5532946364822438,0.5976095617529881,0.7736360754260836,0.4993755194157943,0.9948425000455512
3,41,294,59|0|training,0,4,0.10100948521731154,0.06772908366533864,0.046767247461332276,0.1134345785122813,0.0051438577960814524
3,41,295,60|0|training,0,3,0.5352450910677753,0.1553784860557769,0.13080835736994062,0.02730676116056554,0.002379147781949893
3,41,296,61|0|training,0,1,0.10108877667642398,0.05976095617529881,0.03227158296812788,0.05474643708279188,0.0006409903009264809
3,41,297,62|0|training,0,2,0.47440810416136786,0.40239043824701193,0.5109145987205802,0.3072890044358276,0.6382210192692425
3,41,298,63|0|training,0,3,0.1400607802732937,0.13545816733067728,0.02174616284316857,0.08570903551113201,0.003705188664518607
3,41,299,64|0|training,0,2,0.5170866530235168,0.46613545816733065,0.3223533052650567,0.6232145334461152,0.6899224950933591
3,41,300,65|0|training,0,0,0.43554689419792236,0.44621513944223107,0.11238695767237615,0.49360756729852723,0.0024602755452106163
3,41,301,66|0|training,0,4,0.48190511088451937,0.3944223107569721,0.31543700751020526,0.44045281228761346,0.7397270581243321
3,41,302,67|0|training,0,0,0.3644197988843645,0.14741035856573706,0.055621985535055304,0.05108475452590468,0.007016859778085236
3,41,303,68|0|training,0,1,0.28916634070695146,0.35856573705179284,0.11157586145695898,0.5967630719058066,0.025060025532655454
3,41,304,69|0|training,0,1,0.17570511791967688,0.3426294820717131,0.10690723673523603,0.22999405877158477,0.0002563186449020592
3,41,305,70|0|training,0,4,0.38638061257262,0.3147410358565737,0.22505508085844766,0.28245817040871274,0.08306866028051366
3,41,306,71|0|training,0,4,0.3467113873152113,0.44223107569721115,0.2531673762360691,0.46236613109815417,0.3934137305479684
3,41,307,72|0|training,0,0,0.37919255815131225,0.35856573705179284,0.16373471732312245,0.379635719700064,0.06649415264753045
3,41,308,73|0|training,0,1,0.36038427408795465,0.5896414342629482,0.3864289272113874,0.5210586623361383,0.4436073442473293
3,41,309,74|0|training,0,2,0.556784295912743,0.44621513944223107,0.7704673983081027,0.4806012358991213,0.9866400941462784
3,41,310,75|0|training,0,3,0.436439304252157,0.49800796812749004,0.7053673200017275,0.6606250257650202,0.9979986319048585
3,41,311,76|0|training,0,3,0.4396624798520155,0.6812749003984063,0.36345194909869555,0.814677490075541,0.38646401846830647
3,41,312,77|0|training,0,3,0.3686346373878683,0.5617529880478087,0.4531573223560945,0.8188153449310526,0.9940296132787939
3,41,313,78|0|training,0,4,0.24141823524771314,0.11952191235059761,0.05560370719095116,0.04462277821459086,1.2254922920046648e-06
3,41,314,79|0|training,0,0,0.2313723234746201,0.20318725099601595,0.04073337219547965,0.1946118200924966,8.762090819755294e-06
3,41,315,80|0|training,0,0,0.48679414502731505,0.3944223107569721,0.22735196345048136,0.12416511734912267,0.0020241848353150472
3,41,316,81|0|training,0,3,0.5261879954122397,0.5258964143426295,0.4768677595657229,0.7062857185669811,0.3832193074288135
3,41,317,82|0|training,0,2,0.387210241428518,0.3346613545816733,0.1976340831285002,0.37512082783142214,0.008152974711936533
3,41,318,83|0|training,0,1,0.3322680312807076,0.46215139442231074,0.15827004432213976,0.4310068775648684,0.0016817337634020108
3,41,319,84|0|training,0,3,0.3530479817677255,0.20318725099601595,0.24947382115080552,0.1908578694889405,0.02579247391436571
3,41,320,85|0|training,0,1,0.3071174741483085,0.33067729083665337,0.2492674690613746,0.22620230053343857,0.014857466324582779
3,41,321,86|0|training,0,1,0.21405822861067042,0.13545816733067728,0.08203397008702315,0.14326968595773085,4.492311296174896e-05
3,41,322,87|0|training,0,2,0.5240023975400765,0.549800796812749,0.813410087668132,0.7588044954117322,0.9998894595881309
3,41,323,88|0|training,0,1,0.6178354378636773,0.5976095617529881,0.5657679170404587,0.5664206226226974,0.9799292915346018
3,41,324,89|0|training,0,1,0.2553826643221409,0.23904382470119523,0.2615780323965418,0.17806516855130253,0.8941726010178308
3,41,325,90|0|training,0,4,0.524835787453932,0.5219123505976095,0.7696803359290506,0.6150838393181837,0.9963940021048867
3,41,326,91|0|training,0,0,0.3966398971388479,0.5816733067729084,0.46292915994877365,0.7669056158023012,0.23591764781314284
3,41,327,92|0|training,0,0,0.4213135788628437,0.50199203187251,0.4563532142542329,0.5901777572659324,0.7867519349946014
3,41,328,93|0|training,0,1,0.46992385288254473,0.47410358565737054,0.3319675502069827,0.19742270060786188,0.603629684864027
3,41,329,94|0|training,0,1,0.521613845763488,0.3705179282868526,0.4043663848576995,0.1558884196880055,0.24168708346974405
3,41,330,95|0|training,0,2,0.5685423804332712,0.7091633466135459,0.8282595534762073,0.8312188061865255,0.9586326602633094
3,41,331,96|0|training,0,1,0.4755125178482043,0.5657370517928287,0.5224964606523621,0.4870146844696623,0.5814460656851174
3,41,332,97|0|training,0,0,0.5408333365070189,0.5258964143426295,0.3469245498053219,0.31728134014824266,0.07790822015130926
3,41,333,98|0|training,0,3,0.35886600649718786,0.36254980079681276,0.42824993617897933,0.2837495381855881,0.7413667104012813
3,41,334,99|0|training,0,4,0.3151113116586908,0.22310756972111553,0.13933160895193478,0.1767520546846597,0.02845951563420431
3,41,335,100|0|training,0,1,0.5783544773172146,0.749003984063745,0.7606320009062945,0.8310751459043548,0.9970735407529899
3,41,336,101|0|training,0,4,0.3865565489995156,0.5179282868525896,0.28324820345992446,0.6292228009077968,0.021039548806241464
3,41,337,102|0|training,0,4,0.3336956032536619,0.4581673306772908,0.2050029237707166,0.47265296851000244,0.04895001766633916
3,41,338,103|0|training,0,0,0.2500868029647995,0.199203187250996,0.24253707816685446,0.04184993116228375,0.37704519865909936
3,41,339,104|0|training,0,2,0.2601451941640118,0.15139442231075698,0.026401196773737493,0.04331155303754035,0.0005164729434759624
3,41,340,105|0|training,0,0,0.41761845974538325,0.350597609561753,0.16820935124460726,0.3693265021463603,0.01905293557369512
3,41,341,106|0|training,0,1,0.42246768363502946,0.5059760956175299,0.40610818359131223,0.3316182711795529,0.01756814305866192
3,41,342,107|0|training,0,1,0.3654539105258641,0.2868525896414343,0.0534226801858456,0.09209907999487277,0.001188347984486653
3,41,343,108|0|training,0,4,0.30101406824557914,0.23107569721115537,0.017683447799227706,0.14212044196376372,9.118755837799045e-07
3,41,344,109|0|training,0,2,0.34384009845076896,0.22709163346613545,0.11064111644245293,0.10771774250077411,0.0017712604443860859
3,41,345,110|0|training,0,2,0.48439735821877344,0.2948207171314741,0.189037231333821,0.2595927359869228,0.009254921576892037
3,41,346,111|0|training,0,1,0.35073624814625143,0.1553784860557769,0.01928827539449559,0.07192191178205291,1.960539513682617e-06
3,41,347,112|0|training,0,2,0.2846799688587375,0.32669322709163345,0.1865342894130635,0.23583328741014684,0.1771123886415707
3,41,348,113|0|training,0,4,0.4587347588891853,0.7171314741035857,0.31818168176207895,0.8601473060804056,0.41876993322768225
3,41,349,114|0|training,0,3,0.48844195276820046,0.6294820717131474,0.8041362541912428,0.751675488117515,0.9890599312361275
3,41,350,115|0|training,0,0,0.42517140242260926,0.350597609561753,0.2393337952352519,0.628268356700617,0.583194222934952
3,41,351,116|0|training,0,1,0.324721364740303,0.2350597609561753,0.07681472150001928,0.14929937816962868,0.0028649613825557324
3,41,352,117|0|training,0,1,0.37447122087180673,0.4063745019920319,0.30552171963559793,0.20431648730779362,0.19831629332262987
3,41,353,118|0|training,0,2,0.4948215268003163,0.5298804780876494,0.5,0.7099594567012383,0.1973521470139869
3,41,354,119|0|training,0,4,0.26160653406069423,0.27091633466135456,0.12530295132230085,0.14902724735803186,0.016447670698902375
3,41,355,120|0|training,0,2,0.2627426521504758,0.2908366533864542,0.10247546645480518,0.11312151705673833,0.00232026955971755
3,41,356,121|0|training,0,3,0.37400370029619745,0.5139442231075697,0.33562971921848656,0.36757009920634776,0.5051343365338823
3,41,357,122|0|training,0,1,0.32269821166344437,0.33067729083665337,0.11915338548462971,0.32954455246362574,0.001976563138080008
3,41,358,123|0|training,0,2,0.5540445555125628,0.1593625498007968,0.287979075540151,0.21434921095741702,0.020947297265524894
3,41,359,124|0|training,0,0,0.5292196066659192,0.5936254980079682,0.8610679500289107,0.7861043075788167,0.9803151876414826
3,41,360,125|0|training,0,2,0.47309149412912,0.4063745019920319,0.23506691032143567,0.16274841724484848,0.04079476546285356
3,41,361,126|0|training,0,0,0.3922357869938426,0.41832669322709165,0.41804892478079236,0.5808711820523755,0.998138877166996
3,41,362,127|0|training,0,2,0.5228236683232214,0.7091633466135459,0.690127548526782,0.7148551490779425,0.08410926489938282
3,41,363,128|0|training,0,2,0.2939734814740314,0.26294820717131473,0.14952117602930215,0.26603282321343197,0.032025199741804636
3,41,364,129|0|training,0,1,0.36655269171838684,0.47410358565737054,0.2865603690295359,0.49884608997994667,0.10203336535963918
3,41,365,130|0|training,0,4,0.19189159452161864,0.15139442231075698,0.07838614795581746,0.12389573225253298,0.0870170423092903
3,41,366,131|0|training,0,0,0.4226990623435608,0.5179282868525896,0.2829935668412476,0.4530076698364522,0.3304061874997617
3,41,367,132|0|training,0,3,0.5602220802842564,0.5976095617529881,0.6272858260482947,0.5207271491826645,0.9931161520350946
3,41,368,133|0|training,0,1,0.2788390482912584,0.3466135458167331,0.048310209467275204,0.2536937008802123,1.0264932405399792e-05
3,41,369,134|0|training,0,0,0.3438508957533727,0.26294820717131473,0.13020556930370683,0.1620221685172093,0.07084379285628135
3,41,370,135|0|training,0,4,0.34882708611748875,0.4581673306772908,0.2598620369364375,0.5432935145236732,0.6689825890676397
3,41,371,136|0|training,0,1,0.2562587529976107,0.24302788844621515,0.061907122232824,0.07037925064338323,0.005889210055833403
3,41,372,137|0|training,0,2,0.22588489133550568,0.3426294820717131,0.13046013266325376,0.25092958455179837,0.05373214528433114
3,41,373,138|0|training,0,1,0.5402512357540692,0.6414342629482072,0.9192866819701446,0.8505025535621344,0.9992316240833155
3,41,374,139|0|training,0,2,0.47800867004938447,0.6374501992031872,0.6835178019304431,0.6362758028860316,0.45424971942930653
3,41,375,140|0|training,0,3,0.3369202313590285,0.4860557768924303,0.27926993597428335,0.37790290748576666,0.5462465366022407
3,41,376,141|0|training,0,1,0.35582646354536757,0.18725099601593626,0.10496387741599181,0.11050215733865697,0.002539170493676328
3,41,377,142|0|training,0,1,0.47552225612244203,0.26294820717131473,0.1933164167560195,0.2963459160541032,0.03385521980716647
3,41,378,143|0|training,0,2,0.27178087642067555,0.4541832669322709,0.2770541796019901,0.3830782777418232,0.6050629574679033
3,41,379,144|0|training,0,4,0.3098068179506608,0.44621513944223107,0.3279548521668243,0.4310112564174505,0.34461165560160223
3,41,380,145|0|training,0,1,0.4976359381695067,0.649402390438247,0.5972751680805977,0.7161936547476377,0.9952183670002308
3,41,381,146|0|training,0,4,0.37719304766197775,0.32270916334661354,0.12012001461889063,0.11025793027790898,5.2735275227043896e-05
3,41,382,147|0|training,0,3,0.4302211300723234,0.44621513944223107,0.19125036056721587,0.2555075346596263,0.0002961936860620253
3,41,383,148|0|training,0,3,0.4254056998237404,0.5657370517928287,0.6032215595204311,0.6102981447200229,0.9679286360392154
3,41,384,149|0|training,0,4,0.44523386938873566,0.47410358565737054,0.3537641423953187,0.4871463837170378,0.006454266306106378
3,41,385,150|0|training,0,4,0.4901822086079594,0.38247011952191234,0.4260607642737655,0.6314420844827723,0.042468063815084445
3,41,386,151|0|training,0,3,0.49559526595655207,0.32270916334661354,0.3331246567048734,0.24032727298986575,0.9911802509232839
3,41,387,152|0|training,0,1,0.18176156937247034,0.18725099601593626,0.13732947647667165,0.2788630874901426,0.2707788880671254
3,41,388,153|0|training,0,0,0.4043056840626033,0.250996015936255,0.06606694255111316,0.17700486542090746,0.0004437048257758465
3,41,389,154|0|training,0,0,0.33069734395754524,0.44223107569721115,0.20851275149396956,0.4476624545932905,0.9744997114670477
3,41,390,155|0|training,0,3,0.4330801785132521,0.4581673306772908,0.4811736145031017,0.49220356780207164,0.3365370795577099
3,41,391,156|0|training,0,3,0.27754462805696933,0.3107569721115538,0.08204844711446552,0.21046966361485697,0.0004499078744674693
3,41,392,157|0|training,0,2,0.5128648236343584,0.3386454183266932,0.27647727976797865,0.10753082393926226,0.7096678471737478
3,41,393,158|0|training,0,3,0.396957878272105,0.26294820717131473,0.10053174787819352,0.11018393932263082,5.519106604172894e-05
3,41,394,159|0|training,0,3,0.37546577507044676,0.4900398406374502,0.4189145367425366,0.225781889390971,0.7126037759491691
3,41,395,160|0|training,0,0,0.4857637057375076,0.7569721115537849,0.7482935824557813,0.9266996259174596,0.997403061069218
3,41,396,161|0|training,0,2,0.4116664975498136,0.6533864541832669,0.43568829568215345,0.8067162033950734,0.13997927973953678
3,41,397,162|0|training,0,0,0.363396138501224,0.46215139442231074,0.23880665135004714,0.2592341024361445,0.028063322279259895
3,41,398,163|0|training,0,4,0.4154981477206393,0.3187250996015936,0.13017893715705092,0.2398143465663659,0.0001492533032349586
3,41,399,164|0|training,0,3,0.18895561759286725,0.38645418326693226,0.06467299503315374,0.4356819374516203,1.1723663552777731e-05
3,41,400,165|0|training,0,4,0.3492983668134844,0.4302788844621514,0.2335843459237673,0.5338011926093057,0.01577670285243183
3,41,401,166|0|training,0,4,0.28535316635510666,0.3386454183266932,0.23874170900907374,0.17078306555315298,0.007762053392556084
3,41,402,167|0|training,0,0,0.2802881777136683,0.22310756972111553,0.14802184422478779,0.14625089993389737,0.01694032902199301
3,41,403,168|0|training,0,1,0.30205005189166406,0.4342629482071713,0.04403755319323337,0.311436224157713,9.232772881443406e-07
3,41,404,169|0|training,0,4,0.32214742512607486,0.398406374501992,0.1864728247440044,0.15745191793536983,0.06716399818309594
3,41,405,170|0|training,0,3,0.2224670581038083,0.11155378486055777,0.006333397421617108,0.01901866670436901,1.5145024128260897e-07
3,41,406,171|0|training,0,4,0.3142215835360077,0.17131474103585656,0.0430247273736454,0.08691798903659988,9.962691491339335e-05
3,41,407,172|0|training,0,4,0.2687916520877304,0.44621513944223107,0.05933074677927867,0.6798976326325151,1.5923531280708385e-05
3,41,408,173|0|training,0,1,0.3645692412317694,0.46215139442231074,0.10495708603880509,0.4389375559706279,0.0006758677220134045
3,41,409,174|0|training,0,2,0.36705574192685486,0.6374501992031872,0.5597510252167396,0.6998293111199918,0.3902855001011056
3,41,410,175|0|training,0,0,0.2615585215891733,0.20717131474103587,0.05252631121532027,0.03072257399007525,0.00022639337978378195
3,41,411,176|0|training,0,3,0.48285735810065816,0.6852589641434262,0.5277523965678058,0.8407724990287883,0.006086234116575336
3,41,412,177|0|training,0,3,0.5534742394150942,0.7091633466135459,0.6158382560501802,0.8501109230973253,0.9968608965125901
3,41,413,178|0|training,0,3,0.268969132158657,0.23904382470119523,0.0907007636822958,0.11807819085337186,0.0010888823324703045
3,41,414,179|0|training,0,1,0.3965856926664967,0.40239043824701193,0.08603496701289373,0.27573856950662123,0.0011314856361750714
3,41,415,180|0|training,0,2,0.30055770225053186,0.14342629482071714,0.07906816669903563,0.08421699599232232,0.0002890374870891448
3,41,416,181|0|training,0,4,0.44166888408807214,0.4701195219123506,0.2893041266733331,0.5223882338489382,0.004476556706698719
3,41,417,182|0|training,0,1,0.47947041589454326,0.5219123505976095,0.5178268780448753,0.5065162082321328,0.91927519286603
3,41,418,183|0|training,0,1,0.5140607010873245,0.4900398406374502,0.0812719399196996,0.41082054101831805,1.1485284787601581e-05
3,41,419,184|0|training,0,0,0.5227996851033642,0.5139442231075697,0.6727126192309102,0.6896549168322772,0.9998681833323161
3,41,420,185|0|training,0,1,0.2635555512939736,0.22310756972111553,0.06815905126781778,0.364292326656022,0.0009231545792800213
3,41,421,186|0|training,0,3,0.44793612852364434,0.649402390438247,0.4050083275552,0.8281982796474037,0.7114150438062917
3,41,422,187|0|training,0,0,0.35420454896790526,0.22310756972111553,0.16104095880384417,0.07730893087291957,0.10515419212068584
3,41,423,188|0|training,0,2,0.4511012407247914,0.5298804780876494,0.31099052373330344,0.837580272210617,0.019818699424401044
3,41,424,189|0|training,0,4,0.4872413178926153,0.32270916334661354,0.38045213926522703,0.31645835263181393,0.42308306498926673
3,41,425,190|0|training,0,2,0.33038475346699897,0.16733067729083664,0.03168618065337559,0.08744603404290358,2.40703019772849e-06
3,41,426,191|0|training,0,4,0.3252012406832472,0.3187250996015936,0.4542927113977125,0.47737281296574835,0.862110472548731
3,41,427,192|0|training,0,4,0.33003403116095215,0.199203187250996,0.17503595881799341,0.132976070695118,0.00636093136569382
3,41,428,193|0|training,0,2,0.6096684012017126,0.7051792828685259,0.6507303890451132,0.8220276125647815,0.32541752147064723
3,41,429,194|0|training,0,4,0.4354477190386023,0.4541832669322709,0.46625924949097,0.5434349882223629,0.6505809703122774
3,41,430,195|0|training,0,4,0.4339643553017706,0.5577689243027888,0.14381735316914815,0.25876949659619325,0.006569856447803876
3,41,431,196|0|training,0,3,0.4956762738504894,0.41832669322709165,0.4917410137168291,0.21831940956103524,0.35796690471760023
3,41,432,197|0|training,0,1,0.4899729928827464,0.5059760956175299,0.4596368016939277,0.5090540217292783,0.6234373396976208
3,41,433,198|0|training,0,0,0.26389973091258245,0.2589641434262948,0.07526655728752898,0.08452220250639156,0.0017372521137848744
3,41,434,199|0|training,0,4,0.48505985519028694,0.2749003984063745,0.29621238836250374,0.35265417541861305,0.056917181144047084
3,41,435,200|0|training,0,2,0.37634781796398087,0.41832669322709165,0.2551128433402574,0.5436736813857673,0.014758453839872648
3,41,436,201|0|training,0,4,0.27289457405217865,0.3705179282868526,0.08912110270125594,0.47474624580182445,0.029102502612823773
3,41,437,202|0|training,0,2,0.6031435198134005,0.7808764940239044,0.8385622919968251,0.7982557601103643,0.649112451474109
3,41,438,203|0|training,0,4,0.4345103355559306,0.13545816733067728,0.1304428417030392,0.09809577526737039,0.011787729336314707
3,41,439,204|0|training,0,1,0.2651865955252557,0.09561752988047809,0.15416901698285945,0.031739482719111436,8.560462289880255e-06
3,41,440,205|0|training,0,3,0.3484134363883637,0.4541832669322709,0.2915291933054767,0.08038886273997119,0.8561546925827843
3,41,441,206|0|training,0,2,0.3912117590293609,0.6892430278884463,0.8294809581312566,0.7828081744520097,0.9942457220447368
3,41,442,207|0|training,0,1,0.4169550260225496,0.47808764940239046,0.22206173780190916,0.43423845533205474,0.12223803195604332
3,41,443,208|0|training,0,4,0.4808723056032991,0.4541832669322709,0.5138732779462348,0.7362698779411632,0.8688038510391558
3,41,444,209|0|training,0,2,0.4896903820046738,0.6812749003984063,0.8100230016064089,0.8072689601822012,0.47329231868131555
3,41,445,210|0|training,0,2,0.35314804933223326,0.3107569721115538,0.13314252051569506,0.2652232974277583,0.00013422390147659654
3,41,446,211|0|training,0,2,0.43102834528858824,0.3386454183266932,0.10067119116463799,0.19043929067126267,5.647067866375414e-05
3,41,447,212|0|training,0,2,0.37792168015448463,0.250996015936255,0.0795542224629631,0.1328600370257598,0.00016109265675685956
3,41,448,213|0|training,0,1,0.26099301778694506,0.23107569721115537,0.08178928618857506,0.06111181777504694,0.010290546563666882
3,41,449,214|0|training,0,2,0.29541100146050675,0.18326693227091634,0.014872553443406539,0.0880287455379871,8.909692187221299e-07
3,41,450,215|0|training,0,0,0.6181466390970985,0.6294820717131474,0.38842753859032075,0.6824963788115698,0.3562242099718757
3,41,451,216|0|training,0,0,0.3177180127985276,0.5059760956175299,0.2538691748061678,0.5951043071930345,0.010411888034404024
3,41,452,217|0|training,0,2,0.5216193355647222,0.5418326693227091,0.7868088795441323,0.6440692291683953,0.9961740821794428
3,41,453,218|0|training,0,4,0.5480630347527579,0.41434262948207173,0.5103812353751347,0.21717560551609613,0.5134496715211039
3,41,454,219|0|training,0,3,0.5260250344182998,0.42231075697211157,0.5372787625389124,0.7394929888916484,0.6530508570154537
3,41,455,220|0|training,0,0,0.23975838177544256,0.09163346613545817,0.022265062056616654,0.038290282292227196,1.1594234640560713e-06
3,41,456,221|0|training,0,3,0.19786782619850168,0.06772908366533864,0.02220168427396655,0.049755780405113345,0.012746952747918077
3,41,457,222|0|training,0,1,0.5838467558936151,0.5617529880478087,0.7208984618889244,0.5473064961427747,0.9999066144060034
3,41,458,223|0|training,0,0,0.2608390652255986,0.12350597609561753,0.05998652482738668,0.24488350864538744,0.010890531208552908
3,41,459,224|0|training,0,0,0.5266969714303014,0.4302788844621514,0.7863088911856007,0.40870919696550817,0.9374531668808985
3,41,460,225|0|training,0,0,0.4102754077018062,0.30278884462151395,0.10834748790852566,0.4607067620521173,0.0015364273731783926
3,41,461,226|0|training,0,0,0.4855518813755754,0.4342629482071713,0.06117855674908491,0.5863534751609338,3.1945512470788204e-05
3,41,462,227|0|training,0,0,0.4118676714986131,0.3745019920318725,0.2606973257633009,0.4681594244808265,0.001310355589000297
3,41,463,228|0|training,0,2,0.585480114205242,0.796812749003984,0.9848436647266048,0.8967318231935694,0.9995900693285095
3,41,464,229|0|training,0,2,0.6144417933938298,0.6374501992031872,0.5980229082968559,0.4586427693460952,0.018285899417186974
3,41,465,230|0|training,0,0,0.49115083052224395,0.26693227091633465,0.5,0.27492215305381823,0.17975879315925344
3,41,466,231|0|training,0,2,0.6781332532979083,0.6374501992031872,0.737655028867162,0.42057028296091536,0.7702005287936705
3,41,467,232|0|training,0,2,0.5028777747791325,0.7171314741035857,0.4429333089574729,0.7004800399872969,0.05920378047677408
3,41,468,233|0|training,0,3,0.3062742945729568,0.2868525896414343,0.34837863812055025,0.1726128347574739,0.6641610785242466
3,41,469,234|0|training,0,3,0.4691186362249056,0.6215139442231076,0.5258293791072269,0.2979448206553418,0.35021295242280076
3,41,470,235|0|training,0,3,0.5818674971594191,0.450199203187251,0.3911888792495948,0.3908784685672328,0.07640587795069426
3,41,471,236|0|training,0,1,0.4910747309507465,0.35856573705179284,0.47053261496565235,0.13383401805870357,0.14155089705164464
4,53,0,20|1|training,1,3,0.6952762419031412,0.6573705179282868,0.6794338182450189,0.7422890358024066,0.37255634857054265
4,53,1,21|1|training,1,0,0.6927724544879654,0.701195219123506,0.977536192417009,0.8335872562684755,0.9999850564317709
4,53,2,22|1|training,1,3,0.5076966770635293,0.749003984063745,0.9362438482199752,0.6920161828887442,0.9969187203116838
4,53,3,35|1|training,1,1,0.6008154404780728,0.5697211155378487,0.7789646361870974,0.7878953990470444,0.991236223768853
4,53,4,38|1|training,1,4,0.6470663238912465,0.7171314741035857,0.7006214244590403,0.7831307988624918,0.48141791263855666
4,53,5,39|1|training,1,1,0.4816577353933684,0.5976095617529881,0.7664660153204512,0.6306688679004172,0.8571741017385187
4,53,6,40|1|training,1,3,0.5963887679295966,0.6533864541832669,0.6771649750989912,0.6000859283574466,0.9944618200633948
4,53,7,54|1|training,1,2,0.5137313391291285,0.5737051792828686,0.6740375201848554,0.7572995817744328,0.4402485499610794
4,53,8,55|1|training,1,3,0.604726470274914,0.6533864541832669,0.6348313223526382,0.6895106427112269,0.37457415335057304
4,53,9,56|1|training,1,2,0.5382745646053624,0.796812749003984,0.9763799047158213,0.898436617343974,0.9995749197061472
4,53,10,57|1|training,1,2,0.4930563806872775,0.7689243027888446,0.9514514048443318,0.9428793554372796,0.9995975381457104
4,53,11,58|1|training,1,1,0.49457717241266413,0.5976095617529881,0.5727623071948558,0.40693975503539187,0.2925973047750664
4,53,12,59|1|training,1,4,0.7705706597556037,0.8326693227091634,0.9819998944503803,0.847030232425053,0.9960883532738688
4,53,13,60|1|training,1,3,0.5882963186210416,0.7928286852589641,0.8786873206109547,0.6751477307833568,0.9549053620578258
4,53,14,62|1|training,1,2,0.6678914217184648,0.6254980079681275,0.8033423240976357,0.5978327220379254,0.7535470009505563
4,53,15,64|1|training,1,3,0.5825344225570062,0.6374501992031872,0.7943752004831491,0.621904540580911,0.9939215760036959
4,53,16,77|1|training,1,3,0.4843850191880595,0.47808764940239046,0.2294116274640683,0.13982103549104047,0.0160539043361227
4,53,17,117|1|training,1,0,0.45342718187557357,0.24302788844621515,0.15655078377426737,0.1855138898512872,0.000861112396704574
4,53,18,118|1|training,1,4,0.5251533063173467,0.4262948207171315,0.23348967474162854,0.1719494177868716,0.029638874772352133
4,53,19,119|1|training,1,2,0.6675342912579474,0.852589641434263,0.8810334887232258,0.8676719626426094,0.9871354447757563
4,53,20,120|1|training,1,0,0.527340628629759,0.7290836653386454,0.7867071809752035,0.7540674706254646,0.3408906445204642
4,53,21,121|1|training,1,1,0.704438513456128,0.5737051792828686,0.9389945649354188,0.623863483349671,0.9995077508716294
4,53,22,123|1|training,1,4,0.6635112593725522,0.8565737051792829,0.9932309024283879,0.9258481155366723,0.9992807138783322
4,53,23,124|1|training,1,3,0.5250577813594395,0.5697211155378487,0.7573201216699502,0.41896194685093135,0.9843573239650163
4,53,24,125|1|training,1,3,0.5232975863837864,0.6693227091633466,0.6931074849786173,0.6618894650191184,0.7597551765809498
4,53,25,126|1|training,1,3,0.6843861756939754,0.749003984063745,0.9288138469590098,0.6645762623252826,0.9916667642500103
4,53,26,128|1|training,1,2,0.5778062135110048,0.6454183266932271,0.743629206498672,0.7556550447767498,0.9966281220341786
4,53,27,129|1|training,1,3,0.566460948191757,0.7290836653386454,0.36958257810904377,0.8881487920726985,0.0599241879835763
4,53,28,130|1|training,1,2,0.6822652106869947,0.6892430278884463,0.9176168044129565,0.8770338983485778,0.9996171382860723
4,53,29,131|1|training,1,4,0.6292711592113585,0.5737051792828686,0.5496314854987606,0.5070577524248896,0.5093799563068064
4,53,30,133|1|training,1,0,0.6081630075320212,0.6733067729083665,0.9055590321958035,0.6340329470356597,0.9927332910467979
4,53,31,134|1|training,1,3,0.6347535629423356,0.7211155378486056,0.8530367733729993,0.8978087548616334,0.974189792277288
4,53,32,135|1|training,1,4,0.48273053197941107,0.5976095617529881,0.835516008067646,0.6308663328098395,0.7879243179828215
4,53,33,136|1|training,1,4,0.4965589451924873,0.7729083665338645,0.9416249714433615,0.5923963715156941,0.9991976727880337
4,53,34,143|1|training,1,4,0.6859349932297049,0.7290836653386454,0.890007373147645,0.8601344131873399,0.9994333667507524
4,53,35,145|1|training,1,2,0.7008008028841286,0.4302788844621514,0.59226470614259,0.18662221304471674,0.8396529670367765
4,53,36,155|1|training,1,4,0.4799577350027629,0.5896414342629482,0.29600449763302866,0.6939073670941142,0.09271303269238669
4,53,37,169|1|training,1,1,0.3690431096986833,0.41832669322709165,0.1363842610568827,0.13062744920491268,1.198119104070671e-05
4,53,38,172|1|training,1,3,0.5258057964445876,0.47808764940239046,0.5,0.5401347956665842,0.7318424886447937
4,53,39,173|1|training,1,4,0.4463114983901914,0.4860557768924303,0.14896168398582027,0.4896980768772408,0.06537843381167459
4,53,40,174|1|training,1,3,0.5970195629356854,0.6374501992031872,0.8370921920704374,0.5357484609845683,0.9021228657358147
4,53,41,177|1|training,1,2,0.5836004822369845,0.6454183266932271,0.3973881969632494,0.8697806216179622,0.30079586197559616
4,53,42,179|1|training,1,4,0.46266334309152496,0.36254980079681276,0.23334732652320675,0.1904303863395697,0.07541357903739555
4,53,43,200|1|training,1,1,0.2649796668086225,0.5418326693227091,0.19861143820979693,0.574154555594129,8.763179581621215e-06
4,53,44,201|1|training,1,4,0.5733081581665795,0.6892430278884463,0.7054348448899618,0.7529223749465453,0.9078354652703171
4,53,45,202|1|training,1,2,0.5730701943320357,0.5537848605577689,0.3727405524794473,0.4689173340791623,0.019032574287307202
4,53,46,299|1|training,1,0,0.343919935473744,0.38247011952191234,0.1623710753160118,0.5276234137061542,0.00039562756806329504
4,53,47,300|1|training,1,1,0.4484538163681844,0.4103585657370518,0.21925545412471106,0.266906399024949,0.0017410232515982214
4,53,48,301|1|training,1,4,0.5850880427780878,0.4940239043824701,0.5148177879630441,0.5380120881125782,0.7319212825412635
4,53,49,302|1|training,1,3,0.5877304755334726,0.5776892430278885,0.5662932768413318,0.6845183268232975,0.8667007683555331
4,53,50,309|1|training,1,4,0.4716453401489112,0.5856573705179283,0.9356105207300727,0.8607832305213056,0.999881597156781
4,53,51,310|1|training,1,3,0.6456210643116082,0.7888446215139442,0.8476912921898943,0.8447092572916169,0.5955616139848647
4,53,52,311|1|training,1,2,0.5148114652537459,0.5776892430278885,0.5957784605333134,0.45556200320018564,0.9458787080744806
4,53,53,312|1|training,1,4,0.6828182357688549,0.5856573705179283,0.8783555616109248,0.750325068019511,0.999687912487076
4,53,54,313|1|training,1,0,0.6862350336857742,0.4581673306772908,0.6518531290957889,0.3499460004192514,0.9617226075410861
4,53,55,315|1|training,1,0,0.6077789187663956,0.6892430278884463,0.7192998366659082,0.8566017098444978,0.44618437739972866
4,53,56,318|1|training,1,4,0.7719711541847702,0.8725099601593626,0.9500176048637751,0.9327390928560917,0.9994389251071861
4,53,57,320|1|training,1,4,0.429479855989375,0.5139442231075697,0.6170385731290825,0.2834795075460155,0.9961047489026706
4,53,58,321|1|training,1,0,0.5899227627221747,0.5099601593625498,0.36085670829600464,0.4584198994267195,0.6222708480426832
4,53,59,322|1|training,1,4,0.4370262508276223,0.20717131474103587,0.2851440741338914,0.06148818612756941,0.0025808980849065756
4,53,60,323|1|training,1,2,0.6482612203964918,0.7928286852589641,0.9270548831889778,0.8339558355291641,0.9949863435141136
4,53,61,324|1|training,1,1,0.6618459709141368,0.44621513944223107,0.6884884226876697,0.27081779271576883,0.9761797164065327
4,53,62,325|1|training,1,3,0.6505949558077349,0.40239043824701193,0.6201841379303674,0.673748783866937,0.1072254001684463
4,53,63,326|1|training,1,4,0.5378800919330302,0.5896414342629482,0.9620218076937374,0.7891835472196107,0.9999219891029872
4,53,64,327|1|training,1,3,0.7392730259087762,0.5657370517928287,0.9677171042577349,0.5147229971705858,0.999645967265627
4,53,65,328|1|training,1,4,0.5673824289454302,0.4541832669322709,0.42324323421967813,0.6344333043958924,0.5215690353519478
4,53,66,352|1|training,1,3,0.5589527437160943,0.5059760956175299,0.23758785504469393,0.6012408634634698,0.17233380056982558
4,53,67,353|1|training,1,2,0.7071965358999829,0.5697211155378487,0.9228536825257748,0.47678188461958143,0.7742439112221814
4,53,68,359|1|training,1,4,0.5282203870983866,0.7211155378486056,0.8237069860316827,0.7530429019070498,0.9128797260090039
4,53,69,386|1|training,1,2,0.6313252233027542,0.6414342629482072,0.6887810259796406,0.45554581439194,0.1716052750917155
4,53,70,398|1|training,1,1,0.5912188614981537,0.5378486055776892,0.8082480740129342,0.6755283526292621,0.9997532846927534
4,53,71,421|1|training,1,0,0.5143878634341416,0.6414342629482072,0.8518598729156427,0.4500498725047149,0.9964574112471256
4,53,72,451|1|training,1,2,0.6182318051255442,0.5896414342629482,0.6683284049935356,0.5384666492832713,0.7185443328998358
4,53,73,454|1|training,1,2,0.5991050460709475,0.6414342629482072,0.7511519288061826,0.643265466316344,0.9951845686031217
4,53,74,490|1|training,1,2,0.7343733705780663,0.4262948207171315,0.7422440143418745,0.3478214999029669,0.9596895254984917
4,53,75,531|1|training,1,4,0.680009394033996,0.6613545816733067,0.9124646255238889,0.857696055424058,0.9953930624661891
4,53,76,549|1|training,1,1,0.7956931295934151,0.6294820717131474,0.88731161977109,0.6347065919090887,0.98477394075202
4,53,77,569|1|training,1,2,0.45044880369965973,0.5896414342629482,0.6921919134434081,0.8325987257523373,0.9678335607380126
4,53,78,571|1|training,1,3,0.7467745069686027,0.6932270916334662,0.9645650873070176,0.77211609620546,0.97029966169511
4,53,79,574|1|training,1,3,0.43607387495674577,0.3745019920318725,0.5064138969673928,0.1404528017680394,0.30092933557170864
4,53,80,575|1|training,1,0,0.5103136327511812,0.701195219123506,0.6743093617806486,0.9077278493861107,0.8977395641099842
4,53,81,588|1|training,1,0,0.5194645483834996,0.4860557768924303,0.2937443017882095,0.448633266231331,0.6451653583472001
4,53,82,615|1|training,1,2,0.6297691703182998,0.6175298804780877,0.7792880018176129,0.8427236522930266,0.999867254231136
4,53,83,618|1|training,1,3,0.6807273775681252,0.7171314741035857,0.9704835901651928,0.8329963182097954,0.9983786628407354
4,53,84,624|1|training,1,2,0.4758908822025292,0.5338645418326693,0.2090894497330588,0.3185950268380505,0.011410406642521164
4,53,85,638|1|training,1,3,0.5923420701334574,0.6812749003984063,0.8655554198070794,0.7533220941355783,0.9777289526762949
4,53,86,644|1|training,1,0,0.6374286763945338,0.6095617529880478,0.7598537590223422,0.6592518269146003,0.8744733009811696
4,53,87,659|1|training,1,3,0.7879148211065532,0.8087649402390438,0.9902609242225666,0.7903672612106185,0.9999906653957134
4,53,88,681|1|training,1,1,0.6934367024361486,0.5537848605577689,0.514202084297289,0.311225298854423,0.2411103298335055
4,53,89,706|1|training,1,0,0.5322853585616432,0.6334661354581673,0.5860490623568075,0.8530054452534901,0.6951283150926447
4,53,90,707|1|training,1,1,0.40257024857885787,0.6175298804780877,0.887158570073469,0.7807965233441702,0.9998839597952502
4,53,91,708|1|training,1,0,0.6216154323873265,0.6374501992031872,0.9047571605877399,0.7005140190318442,0.9966112641789595
4,53,92,709|1|training,1,3,0.6937720135545706,0.8167330677290837,0.9932836899010605,0.897798613212042,0.9999978120568225
4,53,93,710|1|training,1,0,0.6555171706176501,0.6215139442231076,0.6020709305405875,0.8161513780837316,0.39595485446911277
4,53,94,711|1|training,1,2,0.5738786436381005,0.601593625498008,0.6547247807276938,0.5583639024596633,0.878264302207652
4,53,95,712|1|training,1,0,0.5933655903052412,0.6095617529880478,0.6470775822669094,0.6422633572913674,0.8594427223796992
4,53,96,713|1|training,1,3,0.7419816307775443,0.7888446215139442,0.9668527894415038,0.864701636836454,0.9994469469703546
4,53,97,714|1|training,1,0,0.536814973181024,0.5418326693227091,0.6017423109310306,0.6390469658089268,0.695625712588652
4,53,98,715|1|training,1,1,0.4903732271781559,0.5298804780876494,0.8248194541136193,0.5041723197062341,0.9994128469268543
4,53,99,716|1|training,1,3,0.5036272920709493,0.6892430278884463,0.9129735157270119,0.8872861915604814,0.9997757077173931
4,53,100,717|1|training,1,0,0.4826244931204334,0.6653386454183267,0.7558951059702333,0.49564837736041256,0.9172418473990824
4,53,101,718|1|training,1,4,0.4638859549998869,0.41832669322709165,0.40445154659173393,0.3175225878772702,0.7721528056947263
4,53,102,719|1|training,1,2,0.44414083053971837,0.5099601593625498,0.4343151937674789,0.661177774064872,0.8258870225826968
4,53,103,720|1|training,1,2,0.5007214739448994,0.6573705179282868,0.7947921695894795,0.792940807149797,0.8088181872320171
4,53,104,721|1|training,1,4,0.4538734840123523,0.7450199203187251,0.8788198981270672,0.8163640696376144,0.7990327930756995
4,53,105,722|1|training,1,0,0.6933502928678398,0.5856573705179283,0.8919859937623916,0.48538696565886,0.9919043161599844
4,53,106,724|1|training,1,1,0.6134303063674754,0.6972111553784861,0.7760898882807288,0.6126204432868037,0.9365184173832558
4,53,107,725|1|training,1,1,0.5279207583764801,0.5617529880478087,0.482846188967499,0.7769720832119523,0.9998263813860083
4,53,108,726|1|training,1,2,0.4598825566338968,0.41832669322709165,0.4336646653943364,0.2181556109530855,0.07562456241495248
4,53,109,727|1|training,1,2,0.4492650801533983,0.6135458167330677,0.19232241231963612,0.6633827511017448,0.0450621380234997
4,53,110,728|1|training,1,1,0.5131329533144661,0.796812749003984,0.8972735720623457,0.740924605841573,0.97218290076978
4,53,111,729|1|training,1,2,0.5616663179312374,0.6852589641434262,0.8102478749719049,0.85067524347052,0.9985242583419213
4,53,112,733|1|training,1,2,0.6994885393391441,0.5856573705179283,0.7709880572423654,0.807148167933798,0.8691254284184828
4,53,113,734|1|training,1,1,0.4773839007771322,0.6573705179282868,0.7854145810701673,0.4593748570401387,0.4848193533292811
4,53,114,824|1|training,1,2,0.5675653199823957,0.6812749003984063,0.7571141306393842,0.8476577482690537,0.5912911343628717
4,53,115,838|1|training,1,1,0.6069362014902792,0.6613545816733067,0.9027413650872143,0.7085180081059473,0.9984281365886989
4,53,116,893|1|training,1,4,0.583502346044771,0.6454183266932271,0.7903404593067479,0.6631957537754345,0.5908344015795268
4,53,117,981|1|training,1,4,0.8225094141357944,0.796812749003984,0.9825715746648696,0.8862836337714852,0.9991533262898756
4,53,118,982|1|training,1,4,0.5364240758085613,0.35856573705179284,0.27589192184862854,0.07572917415217012,0.0015696960983168583
4,53,119,995|1|training,1,0,0.5416194455256638,0.848605577689243,0.9772521901447014,0.845910037812968,0.9992037078885625
4,53,120,1054|1|training,1,4,0.6257804959341422,0.7250996015936255,0.9025359213304682,0.7648332514683556,0.9997992007119972
4,53,121,1095|1|training,1,4,0.6598783225408381,0.6812749003984063,0.8339119479207519,0.9476310051377962,0.9968737981596649
4,53,122,1100|1|training,1,1,0.33485768261214255,0.2589641434262948,0.07557873835771291,0.1649443120577473,0.0199078255296215
4,53,123,1115|1|training,1,2,0.5894934173313224,0.43824701195219123,0.6411004219393021,0.7720080017558288,0.9375655024177864
4,53,124,1116|1|training,1,3,0.6921157237878129,0.5219123505976095,0.5704006849263179,0.4437210403835061,0.7712067220295226
4,53,125,1126|1|training,1,1,0.4267226913997697,0.27091633466135456,0.20425320262263424,0.09314455718972224,0.0001786859483564934
4,53,126,1127|1|training,1,0,0.5179989711188727,0.6653386454183267,0.7500367577184042,0.8546519090912973,0.9993940580887716
4,53,127,1139|1|training,1,1,0.2790110349353804,0.3346613545816733,0.13783786857242544,0.07184640232270037,7.95230698157316e-05
4,53,128,1151|1|training,1,1,0.4969320655674025,0.5896414342629482,0.4601074779884639,0.37752871858386217,0.10524577312168774
4,53,129,1152|1|training,1,4,0.6086022544651991,0.4581673306772908,0.31937267906265376,0.4564262432299913,0.242337061978653
4,53,130,1153|1|training,1,4,0.476892963008806,0.7211155378486056,0.8851462945680292,0.8460429622807303,0.9695408679150351
4,53,131,1180|1|training,1,0,0.6482890045629328,0.8167330677290837,0.85726531211184,0.8272791388021543,0.9749381249838011
4,53,132,1233|1|training,1,0,0.4290932008491028,0.6175298804780877,0.46447325964579034,0.84286398370596,0.9659704049183019
4,53,133,1234|1|training,1,0,0.6536967293019893,0.852589641434263,0.719523449726416,0.8559805073452744,0.9776946960287417
4,53,134,1235|1|training,1,2,0.598518554544289,0.4900398406374502,0.6879904051566874,0.2178696813788323,0.9182316481080667
4,53,135,1236|1|training,1,1,0.5914806743422438,0.4581673306772908,0.5868529162338042,0.5115856430500526,0.7057555016623238
4,53,136,1238|1|training,1,0,0.49804542636144117,0.5179282868525896,0.5764036527357209,0.6844448074270106,0.8156694592773258
4,53,137,1245|1|training,1,4,0.8163678059403464,0.6573705179282868,0.9122738788566847,0.926378549322882,0.9995437619146368
4,53,138,1247|1|training,1,1,0.7402406791039223,0.4860557768924303,0.6327814725807598,0.5383315240375423,0.9993486991333287
4,53,139,1256|1|training,1,3,0.6797915195243316,0.7848605577689243,0.7950894375784924,0.8616188969731748,0.8143813588949007
4,53,140,1258|1|training,1,0,0.6897933940843463,0.8406374501992032,0.9441256464450863,0.9323059714902849,0.9990883952105535
4,53,141,1260|1|training,1,0,0.4028064975944911,0.6693227091633466,0.7300674661688887,0.5987844341002108,0.48152779844925836
4,53,142,1276|1|training,1,4,0.6521403128737987,0.4103585657370518,0.7373894547011413,0.35080813787836446,0.5725270320893043
4,53,143,1277|1|training,1,1,0.49575086217118497,0.549800796812749,0.6866235193165997,0.4070109490933009,0.9868775325390451
4,53,144,1279|1|training,1,1,0.5979059294338056,0.6175298804780877,0.7064382701530192,0.7394766764529563,0.45633512564464956
4,53,145,1280|1|training,1,1,0.41219725151556774,0.32270916334661354,0.28462273966736235,0.13576017833145046,0.09785780384112291
4,53,146,1281|1|training,1,3,0.6122195760186028,0.7649402390438247,0.6802424480228697,0.8051867942374793,0.9001319156425133
4,53,147,1289|1|training,1,3,0.6296577325181854,0.6733067729083665,0.9211462387732178,0.5395000148682143,0.9990895889400394
4,53,148,1303|1|training,1,0,0.5138072517388759,0.7928286852589641,0.6174726715198118,0.9220701509426786,0.43990181311156223
4,53,149,1305|1|training,1,0,0.7352543438333354,0.4581673306772908,0.7686422330767272,0.5326751196196503,0.8288365095895377
4,53,150,1307|1|training,1,2,0.7415276431233595,0.4302788844621514,0.8424901188164609,0.4840698361816034,0.9995020072649858
4,53,151,1309|1|training,1,0,0.3527915174254555,0.5298804780876494,0.29138052512306806,0.45086372964150007,0.020408886378956746
4,53,152,1320|1|training,1,1,0.6572352663662009,0.7370517928286853,0.9115051738193568,0.7461725426601881,0.9971397062953957
4,53,153,1322|1|training,1,4,0.5012156431826605,0.7330677290836654,0.9817825343639623,0.9095383933744241,0.9999969952527821
4,53,154,1324|1|training,1,4,0.6984026146802589,0.6414342629482072,0.9225163566174778,0.6881090366070554,0.9996398387760895
4,53,155,1326|1|training,1,0,0.6391346503173011,0.6613545816733067,0.8782939270453065,0.5992244357336841,0.8955097238992035
4,53,156,1328|1|training,1,0,0.6349112618575091,0.6414342629482072,0.8101061054038177,0.7387090160852497,0.9972244403764956
4,53,157,1330|1|training,1,2,0.6746256253395515,0.7250996015936255,0.9473830470356119,0.411549083650497,0.999754111794257
4,53,158,1332|1|training,1,4,0.6233699996461096,0.8247011952191236,0.9780508902758162,0.9509237239817733,0.9982268134980464
4,53,159,1334|1|training,1,0,0.6338389514467814,0.5338645418326693,0.6219651674501234,0.4877452984002358,0.9040559395394691
4,53,160,1336|1|training,1,3,0.5359664580034093,0.38247011952191234,0.16219319551921174,0.15108187392968428,0.0034908881200819237
4,53,161,1338|1|training,1,3,0.5173562443208487,0.649402390438247,0.25554586701149234,0.5723642925237556,0.003821565342207952
4,53,162,1340|1|training,1,3,0.655924813377786,0.7330677290836654,0.925227736069791,0.746569815109211,0.9869752363583576
4,53,163,1342|1|training,1,1,0.4085748492844907,0.47410358565737054,0.21773847319405062,0.3874051730028888,0.002110617802320047
4,53,164,1344|1|training,1,1,0.3303591209274556,0.4581673306772908,0.24176843396649852,0.5767534050822328,0.0027002607542900726
4,53,165,1346|1|training,1,1,0.544737860879679,0.7848605577689243,0.8144908520551513,0.927248896246066,0.9845188928224962
4,53,166,1348|1|training,1,3,0.5390887727800775,0.6294820717131474,0.7942820897578337,0.6783869209946546,0.9750164651896347
4,53,167,1350|1|training,1,3,0.4612439258245196,0.5537848605577689,0.4888497717354359,0.6032266454295492,0.2742493051200893
4,53,168,1352|1|training,1,1,0.611294590945842,0.796812749003984,0.9638245520442417,0.7852042709577564,0.9992231221890705
4,53,169,1354|1|training,1,4,0.6233184926679834,0.7569721115537849,0.8513598669343848,0.9121834284645405,0.9382422281967161
4,53,170,1356|1|training,1,4,0.43317259354983617,0.5936254980079682,0.784675888630644,0.8090909887129808,0.9590999952765666
4,53,171,1357|1|training,1,4,0.6162931169452076,0.6055776892430279,0.8464881029642064,0.45230346382714165,0.7365204399702998
4,53,172,1359|1|training,1,1,0.6220461361123163,0.6254980079681275,0.898607946687605,0.6374098291252142,0.9759060759187614
4,53,173,1361|1|training,1,3,0.44285147251754997,0.5936254980079682,0.621820584632243,0.6258509047928774,0.6013267506610882
4,53,174,1363|1|training,1,4,0.4980820734057892,0.8087649402390438,0.9386700785829932,0.7347595861833537,0.9759651198905148
4,53,175,1378|1|training,1,2,0.520257793367887,0.47808764940239046,0.6837630870644649,0.11120676299280007,0.7512216053218428
4,53,176,1413|1|training,1,2,0.5558940715182639,0.545816733067729,0.30836552663108874,0.5012961885879437,0.000927848418052916
4,53,177,1550|1|training,1,2,0.520676806989593,0.4860557768924303,0.6248535230864771,0.7723820361409661,0.9827922858457055
4,53,178,1552|1|training,1,3,0.5541881815044778,0.601593625498008,0.7532774077079719,0.6064423233044344,0.900817237483553
4,53,179,1553|1|training,1,2,0.7756399059754572,0.5737051792828686,0.7673716747343915,0.5962104096338432,0.5863314025319634
4,53,180,1556|1|training,1,3,0.7082593472990898,0.701195219123506,0.9089231070983904,0.8500061614397645,0.9999852818652517
4,53,181,1560|1|training,1,1,0.4084234919627846,0.5219123505976095,0.2504993454826748,0.41050088166718357,0.26634041790760704
4,53,182,1563|1|training,1,3,0.7391062523650526,0.6733067729083665,0.8570733413795043,0.8340565516693168,0.9615283926097572
4,53,183,1564|1|training,1,4,0.7255745612311408,0.46215139442231074,0.7894772179309186,0.4047842093031952,0.7758993133114294
4,53,184,1571|1|training,1,2,0.7401474087777203,0.6533864541832669,0.8724697568985106,0.8005121169223306,0.9989038902904098
4,53,185,1580|1|training,1,3,0.3074986048903839,0.11155378486055777,0.08669050086430674,0.038903593501479906,0.007669534582158951
4,53,186,1582|1|training,1,1,0.6524025935911837,0.6215139442231076,0.8624004655559477,0.7137264207943466,0.9998465616812302
4,53,187,1583|1|training,1,1,0.5111092522201728,0.6215139442231076,0.8637874718050668,0.9498218713621928,0.9879075182821347
4,53,188,1594|1|training,1,2,0.5410156610894665,0.46613545816733065,0.44774044597454565,0.3240353978924546,0.8513434723486779
4,53,189,1629|1|training,1,3,0.8246089147146982,0.6294820717131474,0.8697140077845256,0.5817300558270182,0.9785284955266874
4,53,190,1639|1|training,1,2,0.4999524289945202,0.5936254980079682,0.6511496517831373,0.7624310398610434,0.982460909958429
4,53,191,1641|1|training,1,1,0.6383356128567191,0.7290836653386454,0.7521628814604087,0.7813354563783625,0.7724366527579489
4,53,192,1646|1|training,1,4,0.3539354917088922,0.36254980079681276,0.1155756791609638,0.2326204479509199,0.0006138387621574425
4,53,193,1647|1|training,1,2,0.5865526536891799,0.4820717131474104,0.6119413432072648,0.29696532004406734,0.9965047104506829
4,53,194,1655|1|training,1,1,0.6630906154738997,0.5816733067729084,0.7854997457070313,0.6848809001287184,0.9972732522515358
4,53,195,1656|1|training,1,2,0.7406898317357472,0.5298804780876494,0.6579900093566406,0.5788378375164553,0.9671507970450525
4,53,196,1660|1|training,1,0,0.687621052641049,0.5179282868525896,0.8678760869329624,0.522706148964607,0.979130310856781
4,53,197,1662|1|training,1,3,0.48694528846255736,0.749003984063745,0.3670628630560359,0.8284888088900915,0.09852748215608365
4,53,198,1663|1|training,1,1,0.47010699691252383,0.5896414342629482,0.6576794116740666,0.5474431467449735,0.9835181635635303
4,53,199,1671|1|training,1,1,0.7815459023728254,0.5418326693227091,0.6756634761883893,0.5931179042468391,0.9872555846891286
4,53,200,1674|1|training,1,2,0.5790738925120373,0.5219123505976095,0.525814176622046,0.6327306614981656,0.211011845391269
4,53,201,1675|1|training,1,0,0.7555895907710469,0.6215139442231076,0.667619091260029,0.5096655413269039,0.993939720706297
4,53,202,1680|1|training,1,0,0.6586925199660573,0.8605577689243028,0.9765959454665224,0.9461320494534764,0.9999200211418747
4,53,203,1728|1|training,1,0,0.6648018633076074,0.6932270916334662,0.5233049568420338,0.8193888470586022,0.3976936650471319
4,53,204,1729|1|training,1,1,0.6767909495798312,0.6772908366533864,0.9144981826443997,0.815186040556995,0.9999899336454423
4,53,205,1741|1|training,1,0,0.6638438876818116,0.36254980079681276,0.5217657392205866,0.1687034176701257,0.9999595292429508
4,53,206,1753|1|training,1,0,0.47800328668269065,0.6294820717131474,0.532032018067248,0.9102745009641672,0.9459468411271184
4,53,207,1756|1|training,1,0,0.48627852115061626,0.545816733067729,0.5286416807647261,0.493766359443729,0.9243579227630749
4,53,208,1759|1|training,1,4,0.3831693904680531,0.42231075697211157,0.29043147300347244,0.17927287750630816,0.007275037304489061
4,53,209,1770|1|training,1,3,0.5639954184083037,0.6294820717131474,0.532209253666397,0.822618663194824,0.4855412820468889
4,53,210,1771|1|training,1,0,0.6836140135055108,0.4860557768924303,0.4513563151577294,0.31870991560665535,0.005075847201041271
4,53,211,1772|1|training,1,0,0.49654068549462393,0.41434262948207173,0.7003209336915669,0.7193740198655468,0.9985978544475622
4,53,212,1793|1|training,1,0,0.6198605954723174,0.7171314741035857,0.8224030539661912,0.6311973154181034,0.9892844127387096
4,53,213,1794|1|training,1,1,0.6699910686892137,0.5537848605577689,0.6509353697592525,0.5433104317266712,0.21441841049952784
4,53,214,1795|1|training,1,0,0.36613567266735547,0.41434262948207173,0.3315424066504663,0.32368183414131885,0.06617279268367864
4,53,215,1802|1|training,1,0,0.5051919914726509,0.7569721115537849,0.48120261785287133,0.6866718539015444,0.020180481281345287
4,53,216,1833|1|training,1,4,0.5659791943743212,0.5776892430278885,0.46573574534620016,0.30837295203462284,0.8986444201567986
4,53,217,1855|1|training,1,4,0.5474049068499288,0.43824701195219123,0.33680905507700326,0.36623308163371315,0.9681151386594107
4,53,218,1860|1|training,1,1,0.48628123143253826,0.4940239043824701,0.36172575110949984,0.46130255750031085,0.6910015082179486
4,53,219,1875|1|training,1,2,0.6738327948682843,0.6653386454183267,0.7683226649599255,0.6061370733420435,0.9998793625834466
4,53,220,1876|1|training,1,0,0.43214837278687146,0.5338645418326693,0.6291692766858611,0.5574938820907239,0.9547400280790306
4,53,221,1877|1|training,1,4,0.57024456223023,0.6374501992031872,0.16042509186310258,0.6975913390084639,0.00029773622034960314
4,53,222,1878|1|training,1,1,0.7319538165630247,0.7529880478087649,0.9453247865775357,0.9057471175089248,0.9999999604696901
4,53,223,1879|1|training,1,2,0.5899421592947343,0.6374501992031872,0.9392651230409016,0.9708360259674941,0.9997939238501874
4,53,224,1880|1|training,1,2,0.669861685973503,0.5179282868525896,0.7586860580495275,0.7930377141238756,0.9913322969831921
4,53,225,1881|1|training,1,3,0.5525607295180509,0.3745019920318725,0.30995075681720385,0.21664022621582993,0.5086590201959497
4,53,226,1882|1|training,1,1,0.6133823122068945,0.4541832669322709,0.38225520770900834,0.6837407227111882,0.8330173096145077
4,53,227,2003|1|training,1,1,0.47043086279398044,0.6215139442231076,0.7464336989523467,0.6319984968502563,0.9790304009881498
4,53,228,2022|1|training,1,2,0.5948508185020661,0.5099601593625498,0.5839958220597832,0.5555262123133126,0.9222890426093865
4,53,229,2032|1|training,1,1,0.6115138155425808,0.6055776892430279,0.5,0.738042809201216,0.9974559265988366
4,53,230,2038|1|training,1,3,0.5667097381333347,0.6294820717131474,0.5472141225592179,0.5213428662486643,0.9922511442942304
4,53,231,2039|1|training,1,4,0.5670113377820388,0.50199203187251,0.32019362395489065,0.46169713653244554,0.5006018602859247
4,53,232,2050|1|training,1,3,0.5964504373565805,0.5657370517928287,0.6865691870314029,0.6797736883738924,0.9980671889765831
4,53,233,2057|1|training,1,2,0.5247862982475991,0.47808764940239046,0.328088008183041,0.10670915646809535,0.015225426615323251
4,53,234,2060|1|training,1,0,0.6504842206104513,0.601593625498008,0.6928461596059619,0.7316128504165637,0.929697329688624
4,53,235,2071|1|training,1,0,0.5219716707760979,0.3426294820717131,0.2184439002184584,0.11522812189901357,0.011088107213714976
4,53,236,1|0|training,0,4,0.33736335451501365,0.12749003984063745,0.14642401651384604,0.022327470047437174,0.0007907104664618294
4,53,237,2|0|training,0,4,0.6087743888929016,0.4820717131474104,0.4233393641390463,0.2163723905471469,0.9891000063942111
4,53,238,3|0|training,0,1,0.45139507333607704,0.47410358565737054,0.25476759193162324,0.1687984524582584,0.008809881389750744
4,53,239,4|0|training,0,2,0.4872688712063606,0.14342629482071714,0.34767570283211097,0.07655233499956794,0.05470552168136262
4,53,240,5|0|training,0,0,0.5435068321386765,0.27091633466135456,0.23771049202201128,0.09584668577579634,0.0067467080642707
4,53,241,6|0|training,0,4,0.5924636425913936,0.4701195219123506,0.3506390367238487,0.5204503773691685,0.9847934315177596
4,53,242,7|0|training,0,4,0.37505110310880624,0.4302788844621514,0.2506411475628681,0.22689536024993054,0.11158298315923164
4,53,243,8|0|training,0,2,0.3272302203500663,0.10756972111553785,0.04058397058855289,0.029669403338450712,1.4836850041812196e-06
4,53,244,9|0|training,0,4,0.5175530764583769,0.4701195219123506,0.31473147508067806,0.4994575942999965,0.7341829259415656
4,53,245,10|0|training,0,4,0.459745182219785,0.35856573705179284,0.3947373779155406,0.2968857122557727,0.9999429503541132
4,53,246,11|0|training,0,2,0.5003270769238848,0.5219123505976095,0.3849738453916905,0.45996684009183597,0.9975457676807074
4,53,247,12|0|training,0,2,0.6694710210454337,0.6135458167330677,0.5399181912913184,0.7542482619923565,0.9929782558963832
4,53,248,13|0|training,0,2,0.4809881592563948,0.4103585657370518,0.3058737799178474,0.40125391217652145,0.016135797123045532
4,53,249,14|0|training,0,3,0.5105840812083675,0.5219123505976095,0.36800485709043634,0.43019033736201967,0.17219203920578766
4,53,250,15|0|training,0,2,0.5183212538309839,0.5617529880478087,0.5,0.38591815056081913,0.9996864507027244
4,53,251,16|0|training,0,1,0.15273644800748548,0.16733067729083664,0.13572839110178295,0.1729190083270091,0.05091873785216755
4,53,252,17|0|training,0,0,0.3341121979218442,0.21115537848605578,0.13970633371022656,0.08433165469518095,0.06265500899283082
4,53,253,18|0|training,0,2,0.5616786818297828,0.2788844621513944,0.40743230497152877,0.2753568143651006,0.9955864825108883
4,53,254,19|0|training,0,2,0.39984738129336367,0.4302788844621514,0.39980862908429926,0.569396326743936,0.10043301323632563
4,53,255,20|0|training,0,2,0.35513318986542713,0.5298804780876494,0.20729960935313846,0.5565494250479839,0.000837642673193359
4,53,256,21|0|training,0,3,0.2474454754873818,0.10756972111553785,0.13518329300732207,0.055739054219124944,0.004091165029537339
4,53,257,22|0|training,0,2,0.5102106564620794,0.5776892430278885,0.31329355252749613,0.7115122164044325,0.9803787879859606
4,53,258,23|0|training,0,1,0.2831265644845407,0.13545816733067728,0.08935916797281063,0.04949542463566042,2.8341040812297584e-05
4,53,259,24|0|training,0,1,0.39676035608850874,0.18326693227091634,0.24915907999820494,0.048120444214244794,3.155809126242365e-08
4,53,260,25|0|training,0,3,0.22539241092850273,0.21115537848605578,0.051089269638299475,0.07409845009031456,0.0014619580831229215
4,53,261,26|0|training,0,4,0.13166377575542,0.09163346613545817,0.056219919291526185,0.1518264523861136,0.2048198600389637
4,53,262,27|0|training,0,1,0.6126365900396049,0.5617529880478087,0.6525233583915081,0.7434634154677235,0.5572301329038771
4,53,263,28|0|training,0,4,0.3092986786671316,0.350597609561753,0.31467095151445124,0.1498436902018134,0.9879071867306479
4,53,264,29|0|training,0,2,0.16109884159246218,0.099601593625498,0.041239040790626964,0.11941404816275435,0.000268101801403957
4,53,265,30|0|training,0,2,0.5224998537210873,0.41832669322709165,0.3616678049238844,0.5389243090434713,0.9996219020870294
4,53,266,31|0|training,0,3,0.19684767529008979,0.1593625498007968,0.03872708930630425,0.1512227215737232,0.0006987341159956067
4,53,267,32|0|training,0,4,0.37416206942338853,0.3187250996015936,0.14938028253777677,0.27486132628841126,0.019377025359089348
4,53,268,33|0|training,0,1,0.22338213965003545,0.2749003984063745,0.1718052650218209,0.32461090979061885,0.02118527067700106
4,53,269,34|0|training,0,1,0.46438283901646515,0.50199203187251,0.41213496066264815,0.4777059351723774,0.45653760675156446
4,53,270,35|0|training,0,1,0.5987029489540503,0.4820717131474104,0.5,0.33893288545895206,0.8544728094793378
4,53,271,36|0|training,0,4,0.42274996090225414,0.5179282868525896,0.2962793104932227,0.610215341266874,0.18806931789715692
4,53,272,37|0|training,0,3,0.2813580441933998,0.32270916334661354,0.24908531866836817,0.17717919692077297,0.008194377698233293
4,53,273,38|0|training,0,0,0.3821388592081246,0.2908366533864542,0.34088997022909034,0.28614291412302584,0.815151475769083
4,53,274,39|0|training,0,3,0.42953379630962363,0.5737051792828686,0.5273902380880978,0.6582872712804132,0.973101249482914
4,53,275,40|0|training,0,3,0.4740324238011342,0.5219123505976095,0.5617138771108943,0.4908922624612654,0.9448351447174297
4,53,276,41|0|training,0,1,0.2949036667041739,0.38645418326693226,0.16010740441908966,0.296422677027395,0.014646268347454836
4,53,277,42|0|training,0,0,0.4829398195380272,0.5179282868525896,0.5798591285503736,0.4798904409815171,0.9179805241417978
4,53,278,43|0|training,0,1,0.46459126275490525,0.3346613545816733,0.2511851766823763,0.25491169524108476,0.0041915823560842
4,53,279,44|0|training,0,4,0.46353868947277505,0.4302788844621514,0.41569311855695734,0.6831925701549624,0.8682331853977543
4,53,280,45|0|training,0,0,0.43233699872727743,0.5617529880478087,0.4747844794835444,0.7191074020082902,0.774060498218725
4,53,281,46|0|training,0,1,0.3136009369250928,0.49800796812749004,0.44297486350568366,0.26012469527358917,0.9902592026325177
4,53,282,47|0|training,0,4,0.4603647180659273,0.3944223107569721,0.42911271552139896,0.16284419386241164,0.8124025146209964
4,53,283,48|0|training,0,1,0.6611109482435902,0.5856573705179283,0.6462691790806413,0.37445949565792086,0.5942452584230474
4,53,284,49|0|training,0,0,0.4706739805556785,0.2908366533864542,0.23938155388637528,0.352605707453263,0.38936853102006513
4,53,285,50|0|training,0,4,0.575995840502854,0.6254980079681275,0.39804928483231233,0.8108649095680313,0.9855263139666062
4,53,286,51|0|training,0,4,0.258693159754775,0.47808764940239046,0.03781124087993907,0.3982633146138916,1.560342785843581e-05
4,53,287,52|0|training,0,4,0.5019943761813938,0.47808764940239046,0.5,0.6003948926037912,0.9984166510934971
4,53,288,53|0|training,0,4,0.4723030749971773,0.7091633466135459,0.4724227631894657,0.7799916913149799,0.9928608825261628
4,53,289,54|0|training,0,0,0.2822848358714314,0.5219123505976095,0.41622385525454514,0.7335558131403279,0.9827465647069866
4,53,290,55|0|training,0,4,0.6050705274392215,0.6733067729083665,0.681927783217702,0.8331795069442803,0.9071424776405759
4,53,291,56|0|training,0,4,0.5618616256782446,0.6932270916334662,0.7199615027593957,0.7821350356061126,0.8650866362688091
4,53,292,57|0|training,0,1,0.3775089694855089,0.44223107569721115,0.25726058803983554,0.4000337123973023,0.0015412179434388846
4,53,293,58|0|training,0,3,0.5145323191112251,0.6533864541832669,0.7358042648389075,0.6661258082127555,0.9538355923429986
4,53,294,59|0|training,0,3,0.11174753024974082,0.09561752988047809,0.030464497587134293,0.0506211096300032,5.9270287720915466e-05
4,53,295,60|0|training,0,3,0.5662033019712918,0.1752988047808765,0.26152758840286355,0.1351426941625437,0.015292613400751236
4,53,296,61|0|training,0,1,0.09975344778525219,0.08366533864541832,0.05429685058666596,0.09743662873744142,0.0023197036835580216
4,53,297,62|0|training,0,2,0.44128123761023047,0.3784860557768924,0.4126582493526902,0.18607515240783065,0.5193332144701264
4,53,298,63|0|training,0,0,0.16854124998346373,0.23904382470119523,0.11656159447817144,0.14375307882041194,0.05640270318917018
4,53,299,64|0|training,0,1,0.4955220333278738,0.46215139442231074,0.4041201052467481,0.5036455525136577,0.9086293268429436
4,53,300,65|0|training,0,1,0.5694073454197583,0.40239043824701193,0.17600083913839742,0.461749018793142,0.0005894255058428528
4,53,301,66|0|training,0,2,0.4697614649249248,0.4262948207171315,0.2170753950188071,0.4397455660876756,0.24287317086482413
4,53,302,67|0|training,0,3,0.27074773440711397,0.0796812749003984,0.027900594462226123,0.049098575299116584,3.008958193457384e-05
4,53,303,68|0|training,0,2,0.32907458919321253,0.35856573705179284,0.14905105934034232,0.06452192371729118,0.0008326605493063035
4,53,304,69|0|training,0,4,0.17031070269773604,0.2589641434262948,0.08658558752294142,0.06719081415865266,9.89158626997892e-05
4,53,305,70|0|training,0,0,0.16862226891599463,0.2788844621513944,0.09566476697853935,0.11030768616947988,0.0011848758356540388
4,53,306,71|0|training,0,3,0.1800233866822278,0.26693227091633465,0.11762405590306582,0.2294426097857366,0.6065738939303752
4,53,307,72|0|training,0,0,0.39741497978926116,0.398406374501992,0.3758238548058434,0.7104992676973243,0.863063471645271
4,53,308,73|0|training,0,2,0.4520084894550556,0.5697211155378487,0.37920625197354574,0.5661928878980671,0.2407401970942116
4,53,309,74|0|training,0,1,0.5210207090467812,0.4900398406374502,0.5352361561371901,0.4436708176365387,0.8135796397592394
4,53,310,75|0|training,0,1,0.42122866955726046,0.5258964143426295,0.6680283637388372,0.6925547574345727,0.9980766450970968
4,53,311,76|0|training,0,0,0.48924975435137974,0.6135458167330677,0.339030645370151,0.569712192380746,0.3637249088073367
4,53,312,77|0|training,0,4,0.4303670922081458,0.5179282868525896,0.34100229255308845,0.5882595367854355,0.9611999439998798
4,53,313,78|0|training,0,2,0.33328781865834484,0.13147410358565736,0.0817993446320018,0.057000366875117635,2.80680149374306e-05
4,53,314,79|0|training,0,2,0.2290810046423167,0.2549800796812749,0.06092020567663156,0.25275765457408145,0.00018831146195213527
4,53,315,80|0|training,0,1,0.3302781815109727,0.38645418326693226,0.2954096354661442,0.29235618947806885,0.020423978127762497
4,53,316,81|0|training,0,2,0.4655671176573808,0.5617529880478087,0.3666614164568267,0.7748127133501178,0.013436926513931491
4,53,317,82|0|training,0,3,0.3130881108840838,0.350597609561753,0.15609293981145858,0.5617610367435364,0.009736526066383287
4,53,318,83|0|training,0,0,0.2873672896941486,0.4262948207171315,0.14034320438633638,0.4463600316040638,0.00033053447246480453
4,53,319,84|0|training,0,0,0.34519842805968004,0.2549800796812749,0.14085882793816848,0.11865960728402297,0.0001753857592259033
4,53,320,85|0|training,0,4,0.30745526785830557,0.33067729083665337,0.17685159561031413,0.17942468997815142,0.005374262429380321
4,53,321,86|0|training,0,3,0.22813539596472096,0.1553784860557769,0.04377662780156794,0.06411399882872555,0.00012094019879766539
4,53,322,87|0|training,0,2,0.5510305374744396,0.5338645418326693,0.8124502073580632,0.661965203510868,0.9999997742686214
4,53,323,88|0|training,0,1,0.6143873092660657,0.6812749003984063,0.6705887122255425,0.7879882926918408,0.9861552882626464
4,53,324,89|0|training,0,1,0.3308127463182787,0.21912350597609562,0.24271098969108912,0.1855590484973946,0.9978333334057853
4,53,325,90|0|training,0,3,0.4705819872583049,0.5577689243027888,0.9366196328505563,0.6905943036839335,0.9999954700782894
4,53,326,91|0|training,0,1,0.38044908797954474,0.6852589641434262,0.3094492536068991,0.6976240384040016,0.08659318520130616
4,53,327,92|0|training,0,0,0.2364983775146107,0.36254980079681276,0.3206343955583954,0.3524068193333636,0.038507189919907
4,53,328,93|0|training,0,0,0.38768176355389905,0.42231075697211157,0.2543802506029817,0.13361259232624245,0.0011890488725908974
4,53,329,94|0|training,0,1,0.43608227000244637,0.30278884462151395,0.32810622410536194,0.23006063035549645,0.03256911999480682
4,53,330,95|0|training,0,2,0.6348955680938446,0.6294820717131474,0.8476313725637757,0.8800831808065235,0.9915939088706037
4,53,331,96|0|training,0,3,0.4898667921738706,0.49800796812749004,0.5149838488827799,0.36774151722239407,0.2781153469787326
4,53,332,97|0|training,0,0,0.5824453969783194,0.5418326693227091,0.6047130208945465,0.19926079112264466,0.9432218356127483
4,53,333,98|0|training,0,4,0.5310294317447372,0.3944223107569721,0.3855874078209064,0.17994581628262107,0.8431985414324502
4,53,334,99|0|training,0,0,0.3022174668931957,0.2549800796812749,0.20146625436906485,0.27453554062935376,0.038367182754404684
4,53,335,100|0|training,0,4,0.5125603601749382,0.5737051792828686,0.7068393815332048,0.6498895365315992,0.6255277731422804
4,53,336,101|0|training,0,3,0.3758895533900272,0.5856573705179283,0.36422523051863714,0.6249950030030349,0.46013110042219124
4,53,337,102|0|training,0,2,0.41951555971578997,0.4541832669322709,0.35108034029043816,0.42073231653017024,0.1946623245005448
4,53,338,103|0|training,0,3,0.32015517566149926,0.35856573705179284,0.3386857713393036,0.11614730525147439,0.568253436800316
4,53,339,104|0|training,0,4,0.35002431687919966,0.18326693227091634,0.06099952584589942,0.07137098928536943,0.057868761424299774
4,53,340,105|0|training,0,3,0.4868052665494042,0.398406374501992,0.15400791200895453,0.6977191955441053,0.007324294949258865
4,53,341,106|0|training,0,3,0.5365354852469287,0.549800796812749,0.5312971473358922,0.7012717723936341,0.09723017838638759
4,53,342,107|0|training,0,4,0.48224489604664555,0.2908366533864542,0.03567266647728657,0.22271814488129807,0.0013923741257321016
4,53,343,108|0|training,0,0,0.25709131681623315,0.24302788844621515,0.02988014725530804,0.05441337727113693,2.5650709705536887e-06
4,53,344,109|0|training,0,1,0.4110885472771095,0.30677290836653387,0.25553531813850855,0.19681006176620924,0.00174720944498446
4,53,345,110|0|training,0,2,0.42461925863821887,0.3187250996015936,0.14620931288187497,0.21734426784585406,0.0002675635964680811
4,53,346,111|0|training,0,4,0.31985619986354624,0.17928286852589642,0.014642128319303721,0.021403709231704753,1.037046698179216e-05
4,53,347,112|0|training,0,3,0.30431884080793353,0.43824701195219123,0.07907544345031656,0.2803294138590719,0.019335918613384292
4,53,348,113|0|training,0,3,0.47860870138510325,0.7131474103585658,0.3032371637723528,0.8996366690927436,0.07121487085670157
4,53,349,114|0|training,0,0,0.5295664956626499,0.6414342629482072,0.5463732025508289,0.7018603832933418,0.3474130535014058
4,53,350,115|0|training,0,0,0.35748636189514355,0.2908366533864542,0.1665915664740565,0.1915436088832252,0.01704664814133867
4,53,351,116|0|training,0,4,0.3536291976536725,0.1952191235059761,0.05306681086757417,0.08286362779727247,0.022383530785344857
4,53,352,117|0|training,0,0,0.3935925853890045,0.33067729083665337,0.3703042139306792,0.25721194307458844,0.624971689581273
4,53,353,118|0|training,0,2,0.4865010308329702,0.3904382470119522,0.21392153009955583,0.3023723003102278,0.0009762216667303546
4,53,354,119|0|training,0,2,0.15563991213864406,0.22310756972111553,0.029117984130992668,0.12463659542162053,0.0006073109652766641
4,53,355,120|0|training,0,1,0.26231606434953014,0.30278884462151395,0.09162828315629905,0.16085911125429403,0.00028847144623493463
4,53,356,121|0|training,0,3,0.3076579514082659,0.4820717131474104,0.12936207579484793,0.3989072487809367,0.11521703492451926
4,53,357,122|0|training,0,0,0.24706962926614687,0.22310756972111553,0.08732396969070146,0.062266207828655086,0.00012163679256976943
4,53,358,123|0|training,0,2,0.5372643318990945,0.2868525896414343,0.328516429960008,0.23612030927682395,0.02877291880648813
4,53,359,124|0|training,0,0,0.6329629269869984,0.6175298804780877,0.8896815352115637,0.813113824867174,0.9946047768590902
4,53,360,125|0|training,0,0,0.46384637312829563,0.41832669322709165,0.26681757056294564,0.0961898266879032,0.025101990846921232
4,53,361,126|0|training,0,3,0.4316115556490762,0.5298804780876494,0.2718362065045055,0.4804638091707483,0.9157443421324546
4,53,362,127|0|training,0,4,0.6595254985356701,0.7290836653386454,0.4150795262606788,0.7378250909055024,0.010745374524026737
4,53,363,128|0|training,0,3,0.27452341993747803,0.3187250996015936,0.04322705775855618,0.20103385576766236,0.00029041125503787485
4,53,364,129|0|training,0,4,0.35875997116671837,0.5657370517928287,0.26885218673253136,0.24433989787580015,0.013936365207080454
4,53,365,130|0|training,0,0,0.19812018281932306,0.22310756972111553,0.23213627349466454,0.20637393640090826,0.31044953458143526
4,53,366,131|0|training,0,4,0.44910872580643824,0.35856573705179284,0.23054541061858014,0.6027598052196126,0.03914516444033313
4,53,367,132|0|training,0,0,0.4827540440976817,0.545816733067729,0.5786971727953288,0.6417475200351446,0.9911781044799242
4,53,368,133|0|training,0,2,0.1445371337868223,0.30278884462151395,0.05441998520571187,0.1437686305298726,0.0001640455812563439
4,53,369,134|0|training,0,1,0.46037488677584515,0.3147410358565737,0.1992752783060009,0.384431150809816,0.003117192286151875
4,53,370,135|0|training,0,0,0.5421313781239817,0.549800796812749,0.4940103451357655,0.6495216566819004,0.9863613714926637
4,53,371,136|0|training,0,0,0.2800524098680837,0.22709163346613545,0.13231040768389485,0.12382096441236103,0.00021524199638239428
4,53,372,137|0|training,0,2,0.3136910528626062,0.3784860557768924,0.1431863326774818,0.0706748554433161,0.0013341646801562493
4,53,373,138|0|training,0,3,0.5384872161452563,0.5776892430278885,0.9531324936169856,0.8677579984086331,0.9999548761509232
4,53,374,139|0|training,0,2,0.4325205951455021,0.6254980079681275,0.5308443326245503,0.7632059017049393,0.16684344048338182
4,53,375,140|0|training,0,2,0.23713139932554916,0.3944223107569721,0.1883248197336459,0.6678444644853768,0.543671524941447
4,53,376,141|0|training,0,0,0.439075719554294,0.20318725099601595,0.16959650567496773,0.12383470305321921,0.034627427797806504
4,53,377,142|0|training,0,1,0.4773201153986531,0.2948207171314741,0.2440995853229243,0.13638459878501796,0.008122571337583692
4,53,378,143|0|training,0,1,0.2001809212077073,0.44223107569721115,0.47675172937537974,0.6376210271076556,0.9708979073634719
4,53,379,144|0|training,0,2,0.3813768831624366,0.36254980079681276,0.14842557717761437,0.39645757777819296,0.10156180588310111
4,53,380,145|0|training,0,3,0.6086002287351828,0.6812749003984063,0.7491893640229377,0.803730102730943,0.9981061698377989
4,53,381,146|0|training,0,1,0.23733506508708738,0.2868525896414343,0.11126717929244244,0.14544650415090768,4.355082510897373e-06
4,53,382,147|0|training,0,3,0.3336281881866139,0.3904382470119522,0.08604541921318297,0.11579943937109104,0.0007022438589558214
4,53,383,148|0|training,0,0,0.5361040749782725,0.5537848605577689,0.5696216096128519,0.4106284407875927,0.8714474645158996
4,53,384,149|0|training,0,3,0.36177159041170776,0.38247011952191234,0.19120245104814135,0.3773817349331553,0.034395893713159334
4,53,385,150|0|training,0,1,0.4426593313143171,0.50199203187251,0.5,0.652341525851153,0.8318639027077738
4,53,386,151|0|training,0,1,0.4193243353718163,0.2868525896414343,0.31849227920421336,0.1951567672573002,0.7562172744529498
4,53,387,152|0|training,0,1,0.1515518474247836,0.13147410358565736,0.1582471714380532,0.21197700101100383,0.2817751020218484
4,53,388,153|0|training,0,1,0.3453410669549807,0.30677290836653387,0.08262929704857384,0.3303656172408168,0.00015136221700649032
4,53,389,154|0|training,0,3,0.318619349039226,0.3745019920318725,0.1454220568798517,0.3022518594376772,0.5556961679712915
4,53,390,155|0|training,0,0,0.36645073387885446,0.5219123505976095,0.2581061652477313,0.44343027858635453,0.0023436986924510847
4,53,391,156|0|training,0,3,0.3432744145249655,0.42231075697211157,0.15452537152999662,0.49918049413977333,0.0656286939685704
4,53,392,157|0|training,0,2,0.46538260940285087,0.3784860557768924,0.27530931563531724,0.1620445663406152,0.08456760179022198
4,53,393,158|0|training,0,3,0.40593253546576863,0.2749003984063745,0.22773240928259397,0.2267351717876617,0.018182362656970166
4,53,394,159|0|training,0,4,0.4382881413746396,0.450199203187251,0.15428633359783672,0.2777265904987852,0.027467833421818695
4,53,395,160|0|training,0,0,0.5275152890714409,0.7729083665338645,0.6385314826101404,0.8982700581683265,0.9862921857759598
4,53,396,161|0|training,0,3,0.45462784331897826,0.5577689243027888,0.23061063358308007,0.5901339999827445,0.05733993919037352
4,53,397,162|0|training,0,3,0.3711723856874372,0.5737051792828686,0.277279126936639,0.4405532366331386,0.04704147082015296
4,53,398,163|0|training,0,0,0.3396586086659827,0.32270916334661354,0.1622592568428183,0.2506658842345956,0.00013425730003241472
4,53,399,164|0|training,0,3,0.20112933344237746,0.5219123505976095,0.04910496285620167,0.45482192766074847,1.0559257852636566e-05
4,53,400,165|0|training,0,2,0.48669602486129704,0.42231075697211157,0.23527814727255716,0.21548569353930294,0.01580022079602955
4,53,401,166|0|training,0,4,0.22658173894326186,0.3346613545816733,0.13838684999056752,0.14831916817393284,0.007684448002923528
4,53,402,167|0|training,0,4,0.21497926140009477,0.1593625498007968,0.044065695579107965,0.08076373383215632,1.5698724603830184e-06
4,53,403,168|0|training,0,1,0.2774822794689907,0.46215139442231074,0.08208582506326148,0.26925185409128327,3.4120583804613255e-07
4,53,404,169|0|training,0,4,0.33045021284608445,0.398406374501992,0.19008119943169882,0.37543619694343594,0.254897041824358
4,53,405,170|0|training,0,3,0.26304718963814877,0.14342629482071714,0.013095108664285144,0.043046757296440835,1.2489827008267975e-06
4,53,406,171|0|training,0,4,0.27809960972194203,0.16733067729083664,0.04251100635514424,0.12927440137662108,0.0003697028813695608
4,53,407,172|0|training,0,2,0.26868292950334605,0.5139442231075697,0.03999185460964156,0.6030527633319197,3.989287277764891e-07
4,53,408,173|0|training,0,0,0.38098862141317896,0.4900398406374502,0.3306539436414841,0.33963963201513353,0.06284045295578412
4,53,409,174|0|training,0,0,0.334748873078908,0.7091633466135459,0.6576024570250213,0.791775281058639,0.9854689562596215
4,53,410,175|0|training,0,1,0.25821182231086987,0.2350597609561753,0.1348273862094734,0.08672676612925134,0.0004930318929663064
4,53,411,176|0|training,0,2,0.2929911614309455,0.7051792828685259,0.5055821334859851,0.8895209693604162,0.33998563042872104
4,53,412,177|0|training,0,4,0.4449873009463569,0.7410358565737052,0.4846543998388792,0.8551592455042517,0.980896655022925
4,53,413,178|0|training,0,0,0.2610783105109895,0.27091633466135456,0.06967588420906771,0.24521859124451797,0.0005115740699218996
4,53,414,179|0|training,0,1,0.30149557249297776,0.2868525896414343,0.059777026634566945,0.178451866733851,0.0024257069916534123
4,53,415,180|0|training,0,3,0.24274847639765912,0.13545816733067728,0.07413932047246471,0.05481158362652207,0.004616329910187855
4,53,416,181|0|training,0,1,0.4566766852577454,0.5258964143426295,0.5388390252755392,0.5435317237292991,0.7683341736974648
4,53,417,182|0|training,0,1,0.47785037267764996,0.5697211155378487,0.5446498300752524,0.4667204320175725,0.6586576225639554
4,53,418,183|0|training,0,2,0.5136105796158623,0.46215139442231074,0.08712718266301178,0.45046811472973325,0.00011361132110712384
4,53,419,184|0|training,0,2,0.4161258201058515,0.5059760956175299,0.4798736649539215,0.6725549787218011,0.9633882652212036
4,53,420,185|0|training,0,3,0.2949267632462213,0.22310756972111553,0.044320496353864064,0.3329115037067039,0.0006560671344775542
4,53,421,186|0|training,0,4,0.4322371423401805,0.5737051792828686,0.40521907653748057,0.6118148645568229,0.47612312753211117
4,53,422,187|0|training,0,2,0.31152263850636075,0.20717131474103587,0.1332350644965947,0.12872913898134092,0.03886432166155044
4,53,423,188|0|training,0,3,0.4871890159823786,0.5219123505976095,0.21739249386345882,0.6718742303401334,0.012245531923567426
4,53,424,189|0|training,0,2,0.4824236990014214,0.3665338645418327,0.4132328403721112,0.21823186815279907,0.15378834128777932
4,53,425,190|0|training,0,0,0.3451905641729372,0.16733067729083664,0.0547654248138779,0.08112620132841825,1.3358406457967712e-06
4,53,426,191|0|training,0,3,0.37237595328163,0.4103585657370518,0.3685459935709895,0.5868233213835974,0.1877615810987194
4,53,427,192|0|training,0,2,0.26848225110286295,0.13545816733067728,0.09820584087288227,0.13819112634475555,0.0004625482991428277
4,53,428,193|0|training,0,1,0.4918230757835532,0.7330677290836654,0.7342078707720796,0.911208175786815,0.7140591449236753
4,53,429,194|0|training,0,1,0.4148776877365843,0.5617529880478087,0.6037511516308671,0.7196787971554494,0.9068375597400335
4,53,430,195|0|training,0,0,0.41698850106885255,0.6254980079681275,0.3215198828524948,0.34045595360395586,0.3703208876664578
4,53,431,196|0|training,0,4,0.48998760344083264,0.41434262948207173,0.453632798759283,0.41801536590434246,0.4444480225358828
4,53,432,197|0|training,0,4,0.5548112991330759,0.6215139442231076,0.6906733907684647,0.8668297911987531,0.9786054628503852
4,53,433,198|0|training,0,3,0.36467938012073325,0.250996015936255,0.10853008962465968,0.07767868952989511,0.005426764482600688
4,53,434,199|0|training,0,1,0.4143998407627831,0.22310756972111553,0.22102668739998285,0.2963175977137645,0.10357976152594447
4,53,435,200|0|training,0,1,0.38588766076729897,0.4701195219123506,0.4676098502849043,0.5921055585332385,0.08030794962956744
4,53,436,201|0|training,0,1,0.25126595029503124,0.4302788844621514,0.10873277676365731,0.35342003626945334,0.1033210588569016
4,53,437,202|0|training,0,2,0.5812128857262093,0.6932270916334662,0.5591652100981188,0.7130210483348854,0.06753591168162817
4,53,438,203|0|training,0,2,0.32687970216619067,0.2350597609561753,0.08964362034879447,0.22303298394574858,0.005765765407564012
4,53,439,204|0|training,0,3,0.28022299081309315,0.06374501992031872,0.1365714504655208,0.039307201994624466,3.1888563444884514e-06
4,53,440,205|0|training,0,3,0.3879941783154608,0.3107569721115538,0.23877878029393532,0.16336383669070262,0.9964379287518462
4,53,441,206|0|training,0,2,0.5532517908720493,0.7450199203187251,0.7885509688797725,0.8661358820867866,0.994365489762131
4,53,442,207|0|training,0,0,0.4546177061316397,0.42231075697211157,0.40889369021414645,0.3213394029490552,0.36802114284162973
4,53,443,208|0|training,0,0,0.40097572436110374,0.4581673306772908,0.6250788396724518,0.6869474344936253,0.8187013635199624
4,53,444,209|0|training,0,4,0.5522878860159252,0.6932270916334662,0.8363774036727369,0.6531638177158191,0.7598143695424435
4,53,445,210|0|training,0,2,0.43531916061136894,0.3147410358565737,0.2528090255295988,0.5241131196807769,0.02856113887956117
4,53,446,211|0|training,0,2,0.4752901463491468,0.3426294820717131,0.09700842524651461,0.29873373794701985,5.01400019798659e-05
4,53,447,212|0|training,0,2,0.3958379661529577,0.19123505976095617,0.16075402779047204,0.2217035305499381,0.004407718332097684
4,53,448,213|0|training,0,1,0.3061242721362534,0.26294820717131473,0.07835104221054467,0.09198345649220009,0.019020908035828853
4,53,449,214|0|training,0,4,0.39621789245786254,0.12749003984063745,0.026352041246470122,0.07374171851868301,4.305137955866684e-06
4,53,450,215|0|training,0,1,0.6637592612444528,0.5298804780876494,0.5490361654680606,0.6957406620771025,0.22029820729450805
4,53,451,216|0|training,0,4,0.39335768798596016,0.44621513944223107,0.2182844366190045,0.5351225799700157,0.026758992537074765
4,53,452,217|0|training,0,3,0.5890084265658821,0.6374501992031872,0.8913900423313668,0.8336215688163519,0.9999065648000041
4,53,453,218|0|training,0,4,0.5117191648796653,0.4820717131474104,0.5401521190999922,0.31030233674015867,0.6380258862733477
4,53,454,219|0|training,0,0,0.47631840896147537,0.4302788844621514,0.6145689319852187,0.45740202876557506,0.8053330825456813
4,53,455,220|0|training,0,1,0.15420619863722076,0.09561752988047809,0.05913560702650859,0.08536723782218697,1.0631666813615733e-05
4,53,456,221|0|training,0,1,0.2442842173305924,0.14741035856573706,0.05743700670042725,0.13809279430454202,0.03562141391623181
4,53,457,222|0|training,0,0,0.6516943394796144,0.5537848605577689,0.6524782344491126,0.4720876539079433,0.9873343319783912
4,53,458,223|0|training,0,2,0.2414421746845627,0.11155378486055777,0.07085436738615214,0.18513213191366656,0.0008461724213694406
4,53,459,224|0|training,0,4,0.5134627304815471,0.5258964143426295,0.8085487156904141,0.537141761196136,0.9050283809947439
4,53,460,225|0|training,0,1,0.513041953701615,0.38645418326693226,0.43652466242505233,0.3363594773102251,0.1755951291323946
4,53,461,226|0|training,0,0,0.435635400024729,0.450199203187251,0.10777811287686968,0.32675923634355014,0.00024966713327132195
4,53,462,227|0|training,0,0,0.49183187338965545,0.4541832669322709,0.3732457204708713,0.4518074384039163,0.10236847023160293
4,53,463,228|0|training,0,4,0.5834169965289657,0.7211155378486056,0.9623076424175807,0.7895811204086912,0.9928445895472114
4,53,464,229|0|training,0,3,0.6316661780680182,0.5896414342629482,0.38396719912950567,0.16642343124631614,0.0008821487393799902
4,53,465,230|0|training,0,3,0.4084494971752792,0.3745019920318725,0.4110152157420651,0.08705711656254075,0.2462185786798941
4,53,466,231|0|training,0,0,0.5740443641674106,0.6812749003984063,0.7996563593141747,0.5838892909023065,0.9019214923786079
4,53,467,232|0|training,0,0,0.46750301041240944,0.6374501992031872,0.5464010893073781,0.5547851775316709,0.7234517657894182
4,53,468,233|0|training,0,4,0.3899152123544373,0.3545816733067729,0.27921672415854293,0.14488843352675873,0.31360792190414705
4,53,469,234|0|training,0,0,0.4823865451041147,0.6294820717131474,0.6661062740423885,0.45959388001319096,0.26844191646229565
4,53,470,235|0|training,0,4,0.5367523775004547,0.5776892430278885,0.529020758124663,0.4964645945514797,0.16968494793065858
4,53,471,236|0|training,0,3,0.44561066676247624,0.3147410358565737,0.2017176422292444,0.14465773348800845,0.014450163648608327
