repeat,seed,index,identifier,label,test_fold,PCA160-SRC (proposed),DeepLSE160-SRC,AE160-SRC,CKSAAP-KPCA160-MP,CKSAAP-KPCA160-L1-SRC,AWMKPCA160-L1-SRC
0,6,0,20|1|training,1,3,0.6078214065849324,0.8319946903507495,0.6885901715220262,0.8229637499576742,0.8821996764776264,0.680105574157707
0,6,1,21|1|training,1,2,0.6217238213897807,0.872804834227887,0.6092127112357142,0.6675926251933404,0.6966520256255267,0.6118627449605795
0,6,2,22|1|training,1,3,0.4860800431795323,0.7898737584625563,0.4921201125109095,0.5529872273824403,0.5294587353720495,0.5981178545121968
0,6,3,35|1|training,1,2,0.6030362265908528,0.8163472103457433,0.5376479455422102,0.5078745647051014,0.5077725574369284,0.5132988081322668
0,6,4,38|1|training,1,1,0.6031291449662775,0.21707009280318662,0.522380631695501,0.7657211539919504,0.805842168741199,0.5518487026855594
0,6,5,39|1|training,1,4,0.5257253550679948,0.7441888130908073,0.3912868916880996,0.47231016135918985,0.5044932435232815,0.5357268230598387
0,6,6,40|1|training,1,0,0.4889036425077419,0.7595359996023131,0.6628468244695204,0.4909691743167214,0.505959939585676,0.5821934749040087
0,6,7,54|1|training,1,4,0.5514769675884266,0.6684052812753947,0.4770279816101327,0.4813655617440132,0.39918437584198424,0.5500011087161594
0,6,8,55|1|training,1,1,0.5066367894524397,0.6167450861624666,0.49750374000859116,0.5045306735669323,0.5314767257978792,0.49226662319929587
0,6,9,56|1|training,1,3,0.6280443310699051,0.8128341516588539,0.45151550502917365,0.5552664644498406,0.596202407033569,0.6670095395461573
0,6,10,57|1|training,1,1,0.5967314216536208,0.9172062606998226,0.720178216913249,0.633938693389628,0.6669821766573266,0.6092352978239216
0,6,11,58|1|training,1,1,0.5458604214156781,0.5852683429197955,0.4663145079378256,0.4604305635017579,0.4787567477950375,0.6030118104733522
0,6,12,59|1|training,1,3,0.725795558377225,0.8609621588547486,0.8354194957367675,0.5749960790974243,0.6375291997806596,0.7824543168713791
0,6,13,60|1|training,1,0,0.5411330813847243,0.9022287615722435,0.7630143530064344,0.4244224334864366,0.4731337995767196,0.7085317167642398
0,6,14,62|1|training,1,3,0.4505931098352798,0.49066943670008073,0.5044856114942502,0.6089630571471835,0.5529988340305235,0.6495181482438118
0,6,15,64|1|training,1,3,0.4208581965102935,0.608796239526144,0.6808912416940529,0.433255114235597,0.35951062317236543,0.5187216665541712
0,6,16,77|1|training,1,3,0.6326794421490936,0.5936174445110548,0.6021597355256587,0.6680741356489758,0.6727339166389352,0.6035329717974777
0,6,17,117|1|training,1,1,0.4452791371617552,0.1731182209172921,0.3123566858941482,0.48257998503134975,0.4289393852225983,0.40782465191704526
0,6,18,118|1|training,1,1,0.5283120644724734,0.24247507053197184,0.4119212663592617,0.4938997901244441,0.453802375127377,0.4528037484565633
0,6,19,119|1|training,1,1,0.6196893799755142,0.9141508699335193,0.8500069303948333,0.48481592718381006,0.519937617879428,0.7008740009895472
0,6,20,120|1|training,1,2,0.5396625710781875,0.6221751971648519,0.5025807860154087,0.5423858246460791,0.49598126394455366,0.5597964397379208
0,6,21,121|1|training,1,4,0.5795242889544547,0.7319257349568135,0.6821192052711618,0.40523939364170536,0.3991385540108778,0.5556910418302214
0,6,22,123|1|training,1,0,0.7247063352408923,0.9249925426953401,0.7265312457079511,0.6145133804389047,0.667220791397739,0.6595727164227918
0,6,23,124|1|training,1,3,0.5887180716128377,0.8139695523294606,0.6224237518004582,0.542420793133679,0.5444369570330384,0.515981876544842
0,6,24,125|1|training,1,0,0.5012807086021263,0.6277552054931326,0.7109427277576768,0.5782244681597033,0.5721685593129564,0.672021075211097
0,6,25,126|1|training,1,3,0.619045129846444,0.8117795318069316,0.6846414631967058,0.44420916096449053,0.4708794715405736,0.5386452111103565
0,6,26,128|1|training,1,2,0.5194800497842788,0.6029287034140342,0.681185305902102,0.583260641305125,0.5927347597465784,0.5425393114867382
0,6,27,129|1|training,1,2,0.49765277152877857,0.3770699587746077,0.5364165227458095,0.5488165190309926,0.5865193599342012,0.609255147371512
0,6,28,130|1|training,1,0,0.5464172934684335,0.8573480624926372,0.6363287410344934,0.5743832744743258,0.6368867846454602,0.6586807621138512
0,6,29,131|1|training,1,4,0.5343147907177748,0.40478432649639307,0.7070490979369797,0.5868920279269223,0.578923999855102,0.5301710811072371
0,6,30,133|1|training,1,1,0.5682997638449456,0.8796146357745049,0.7685373084746824,0.5694847193179743,0.5704998392181997,0.7073470995227423
0,6,31,134|1|training,1,0,0.5364860604842081,0.5061304097467539,0.5693848563108767,0.6012835589006732,0.6170446935648873,0.6783358509592903
0,6,32,135|1|training,1,2,0.5409281048781958,0.6758487519845282,0.5066614604617189,0.5608168085430435,0.492272797590013,0.580061984547497
0,6,33,136|1|training,1,3,0.5124253218948285,0.8135753269457595,0.7236109150983815,0.5623008203313022,0.5481105600095333,0.6018178816706822
0,6,34,143|1|training,1,4,0.6236226557556781,0.8849267935516635,0.7584318360672391,0.641574531427041,0.6874462683626944,0.641011541424209
0,6,35,145|1|training,1,0,0.5931377468266172,0.5461671294185763,0.7619055239847633,0.7111427754209669,0.7478608663395577,0.5656958699535487
0,6,36,155|1|training,1,2,0.47289010172783286,0.20785133832772468,0.4681640294614747,0.432404980898442,0.4946605776544586,0.5527404829181184
0,6,37,169|1|training,1,0,0.5346282244300042,0.23033737442502933,0.37017909033682933,0.4586219576942089,0.4668563680125566,0.5264171536580308
0,6,38,172|1|training,1,3,0.48831045900206604,0.6870917003842323,0.6795865016679529,0.5449802743907987,0.47528155685799006,0.5931621519543767
0,6,39,173|1|training,1,2,0.4865727973915408,0.37634456428685353,0.4569616829280821,0.338472718704871,0.36352792652008303,0.3700162288884188
0,6,40,174|1|training,1,2,0.6085817862921804,0.846279143034344,0.7199845630515761,0.5402277778943892,0.5723190474861201,0.633734668034101
0,6,41,177|1|training,1,0,0.5591280273363994,0.4096383861991901,0.5048525654368639,0.626381371124423,0.6379421115160185,0.6263376283135086
0,6,42,179|1|training,1,1,0.7139991369664931,0.7800971130067126,0.6513022275839702,0.8389011833343523,0.8627003339327486,0.638519418327226
0,6,43,200|1|training,1,3,0.5351208476071464,0.5666266678812134,0.4706578673022172,0.5958262549638981,0.6329873121982436,0.5773594374814555
0,6,44,201|1|training,1,2,0.5149902360435509,0.5598749647052387,0.6887925931075074,0.4681358067832178,0.5000892510646159,0.5917193334665066
0,6,45,202|1|training,1,2,0.4834897303194522,0.40728941288940285,0.5398374430548633,0.556286037674747,0.5698295543320406,0.5560464107046449
0,6,46,299|1|training,1,1,0.394448409798575,0.11593755681656939,0.4334727048750545,0.41224109060574776,0.3918171402759861,0.5115046563882264
0,6,47,300|1|training,1,4,0.44907215642523174,0.31817633736679796,0.4075676951842989,0.4583440040780894,0.4512890514764173,0.38923429373080326
0,6,48,301|1|training,1,3,0.5860688997883374,0.5164496594210002,0.5471244980110517,0.6934178144765836,0.7313405316738367,0.5896311746509958
0,6,49,302|1|training,1,1,0.5970227058788324,0.6070980526228266,0.5968661315282359,0.6454183053055577,0.667461216791024,0.5922150511204732
0,6,50,309|1|training,1,3,0.5535173504929688,0.7385148601807919,0.5371891619360238,0.555709410524237,0.5279015693884541,0.520031332661037
0,6,51,310|1|training,1,1,0.6006741266374735,0.9214400971476617,0.7631257348729661,0.603627550755043,0.631049575109062,0.7068387050821302
0,6,52,311|1|training,1,1,0.5120047712889039,0.23631540626483397,0.5244380774192402,0.5013894004129676,0.5386431400979126,0.5471084473449537
0,6,53,312|1|training,1,2,0.6542860257044107,0.8025761164052393,0.6071171167329916,0.8099726992218478,0.8438185260639924,0.6773238648778978
0,6,54,313|1|training,1,4,0.6741945171691137,0.5647054650134552,0.6609845641335427,0.6827194608834999,0.7095704452662619,0.5591066200148003
0,6,55,315|1|training,1,1,0.6697705578986219,0.9189104097249402,0.8039683140600536,0.6588968383981878,0.6963080593529063,0.7202362100755666
0,6,56,318|1|training,1,3,0.7348257100339268,0.8412889735273315,0.7143999698276811,0.7309099334059846,0.7633673217816379,0.741963687879852
0,6,57,320|1|training,1,1,0.5385471956098922,0.5699600534504186,0.6280436624599651,0.4532274177152024,0.46519013795456077,0.3903030336949387
0,6,58,321|1|training,1,4,0.632467040082208,0.6279972144779538,0.5740034366551775,0.6033341932477925,0.6463969519284524,0.5677935735708004
0,6,59,322|1|training,1,4,0.47438796358711094,0.18343155154366744,0.28326870966627515,0.4893975364567648,0.4919132182780498,0.4974492330268548
0,6,60,323|1|training,1,2,0.7060133126239854,0.8810041841136805,0.7992429621596943,0.6848365655514002,0.7680914808603262,0.7269418235438214
0,6,61,324|1|training,1,2,0.6135449934881202,0.8094899158572596,0.5797014482424078,0.6345310482045693,0.6547468649065431,0.6196114004084013
0,6,62,325|1|training,1,2,0.6770683611442692,0.29665904056391973,0.5248727491061137,0.7725965272492955,0.7975661385963183,0.6419493528282737
0,6,63,326|1|training,1,1,0.6662622127186152,0.8717571649835864,0.6611966676229892,0.6007561024691946,0.6120892526787999,0.6409854608384791
0,6,64,327|1|training,1,2,0.7257655317940847,0.8842423403620153,0.6775226746570993,0.8322598798815513,0.8718309823059837,0.7208350299252511
0,6,65,328|1|training,1,3,0.6035903081698721,0.36339097817585186,0.4408565674611372,0.5892844430405003,0.592524666348547,0.6143293216479795
0,6,66,352|1|training,1,0,0.4551332101919554,0.22971427919272433,0.40547650875159397,0.4784186931740752,0.45721525436872945,0.5558101528508667
0,6,67,353|1|training,1,4,0.7127804184529349,0.7596872375891248,0.6923162350763404,0.7185923978768721,0.7644374137308507,0.6788032874938927
0,6,68,359|1|training,1,0,0.6737485870262995,0.8404652125744938,0.6265571137584421,0.589959542295654,0.5535063277348368,0.599488002361396
0,6,69,386|1|training,1,2,0.6572578804569754,0.6308626160387182,0.7584346226430994,0.5938676811723584,0.6488334387020487,0.7328406726752361
0,6,70,398|1|training,1,0,0.6103770612980786,0.8117339635567004,0.6725043203956433,0.6809476416575881,0.727544951776196,0.5335998761447547
0,6,71,421|1|training,1,0,0.5724864406245155,0.6559912563355745,0.6164310504267669,0.5007414262202243,0.5076521522641303,0.6017659863430587
0,6,72,451|1|training,1,0,0.6094798689299838,0.846096961752848,0.4165474990163755,0.5847362292552991,0.6226346901774676,0.6791714219004961
0,6,73,454|1|training,1,0,0.6559300995141447,0.6820646093697446,0.7432623160387494,0.6070285710146137,0.6338407541027813,0.6695193810288618
0,6,74,490|1|training,1,0,0.715224480320048,0.6093825745845325,0.6723246983014237,0.8257687916537125,0.8422211998264273,0.6526638103163954
0,6,75,531|1|training,1,1,0.7074888755851103,0.8525494289359444,0.703667625112277,0.7181688278814485,0.7512294719946299,0.6942595575281254
0,6,76,549|1|training,1,0,0.7575068769804173,0.8710483988855549,0.864253832247376,0.7304922038562988,0.7676803834094561,0.7855803538150808
0,6,77,569|1|training,1,4,0.6020071809716613,0.41468162792575364,0.32054985008023457,0.5751883380042593,0.626756547860545,0.6183985560527523
0,6,78,571|1|training,1,4,0.7407273088999703,0.8798513672658052,0.8118011498264247,0.8335154793436347,0.8571911856560561,0.8254232172434381
0,6,79,574|1|training,1,3,0.5540733207028263,0.21277587999857636,0.43583534157693893,0.5699472249024836,0.5909375714798512,0.6058326814349387
0,6,80,575|1|training,1,2,0.5940312033411635,0.5464404261316339,0.6910533296178556,0.6367079865797469,0.6541445935658478,0.6116577975923458
0,6,81,588|1|training,1,1,0.4520498466470312,0.10078164777726589,0.3326269808701281,0.5013928014422082,0.4795051180984108,0.4633408570563681
0,6,82,615|1|training,1,3,0.6024065180269514,0.8422594415647741,0.6244826438254019,0.5314368365601202,0.4961894448379118,0.5430260206474963
0,6,83,618|1|training,1,2,0.7654672319096081,0.8795677497586929,0.8406940449422655,0.7780117855187073,0.8027930087118973,0.7487348395054492
0,6,84,624|1|training,1,3,0.5491655721635674,0.266543517040076,0.5609505657994995,0.6990924121210789,0.7481312212508698,0.6424377585299179
0,6,85,638|1|training,1,1,0.541932722546945,0.8279756570551652,0.706080443105489,0.5963641119969879,0.5546417212619849,0.6098441826234088
0,6,86,644|1|training,1,3,0.6175010054674059,0.7834600580717782,0.48526527055237895,0.6572120594764623,0.7140124704344945,0.65970146017857
0,6,87,659|1|training,1,0,0.7683915250633357,0.9126182710744193,0.8062117961732181,0.7044073352281116,0.7147957521341961,0.7268778324072456
0,6,88,681|1|training,1,1,0.6112918474313486,0.6063575895360239,0.6408806655303203,0.6134449597153951,0.6371185743121631,0.5956011132432849
0,6,89,706|1|training,1,1,0.4569733968442193,0.12042570954705521,0.5425988638568294,0.5311066559136619,0.5502195853528649,0.5768908724785713
0,6,90,707|1|training,1,1,0.5009452468846646,0.7551014448171394,0.59067741628528,0.5472864078102462,0.5171166897271283,0.5308126664228425
0,6,91,708|1|training,1,3,0.5821175172546603,0.8795434033017486,0.6543723100335371,0.5321191201512842,0.5213201770548697,0.6257827753630829
0,6,92,709|1|training,1,1,0.6195100783357723,0.9133676607612838,0.6576397497633737,0.6338878896142041,0.6083955340492321,0.6419844799517539
0,6,93,710|1|training,1,0,0.4944225297447711,0.8225442054939279,0.575348829492745,0.44381847013553294,0.4136131029983254,0.5949478974901162
0,6,94,711|1|training,1,4,0.5270488655319506,0.7731262126792896,0.7050735587254968,0.4868698127401758,0.49060383695785564,0.5398352740386303
0,6,95,712|1|training,1,2,0.6101462060403194,0.8155188860829296,0.6044907063294308,0.4329687074095956,0.4627947456207091,0.6445240338375754
0,6,96,713|1|training,1,3,0.6529475474972941,0.6382530485744071,0.7456346471604967,0.6529379050909183,0.6234141634097816,0.76276553343046
0,6,97,714|1|training,1,0,0.526409582894255,0.4575196748365327,0.47518810461230165,0.4761468527888392,0.44674421839485784,0.484047910986521
0,6,98,715|1|training,1,3,0.5796174494779798,0.8172455022092018,0.6022880191653778,0.4215846181512179,0.35280141896534367,0.6012370973250892
0,6,99,716|1|training,1,3,0.5414965916018074,0.7988179213960781,0.616002065149138,0.5071001918359975,0.5312522379326129,0.5351134582135084
0,6,100,717|1|training,1,1,0.5587790588653869,0.6375521688576138,0.6793326419103033,0.5164679353434221,0.5227310627332186,0.5716655447741906
0,6,101,718|1|training,1,3,0.49106586096367466,0.5628418211043899,0.4357268912248485,0.4745477663766853,0.4111696113247335,0.4421711597687616
0,6,102,719|1|training,1,0,0.4664737272563569,0.38221596025447896,0.3261861663508902,0.4644294896926856,0.3793709727099228,0.45520021194939825
0,6,103,720|1|training,1,2,0.5977278153497428,0.7810660355502216,0.6041429106685945,0.7035451010944489,0.7477743484123545,0.6990948014486246
0,6,104,721|1|training,1,3,0.5338245404786818,0.7896059547236554,0.6913883069225055,0.6096132413548027,0.5673005687870076,0.6489627112117533
0,6,105,722|1|training,1,0,0.7044863192105032,0.867729143157757,0.7699592925264171,0.5415526979945637,0.54692710196444,0.6945103500040418
0,6,106,724|1|training,1,3,0.5409031456555294,0.5818447473984046,0.5664313622800563,0.5850358279823359,0.5476941802102753,0.6369549134856027
0,6,107,725|1|training,1,3,0.5703671639300453,0.8377180703969471,0.602963697345988,0.5578834117395901,0.6153411536523541,0.5573456678733804
0,6,108,726|1|training,1,4,0.5205944644671369,0.5897237205037107,0.36719191002364676,0.5405626931094559,0.5808089475294003,0.515897340874937
0,6,109,727|1|training,1,4,0.49260243751676364,0.20038682930317395,0.44058026828521973,0.44917209686325954,0.4397010562439183,0.5244410093049179
0,6,110,728|1|training,1,0,0.573408456778386,0.6411726827374119,0.7040675366429172,0.6038687979942409,0.6280328558202906,0.7366353747599012
0,6,111,729|1|training,1,1,0.6238615495276968,0.9018212996612892,0.7960757953114841,0.531148793093198,0.561130114378105,0.625416327080493
0,6,112,733|1|training,1,4,0.6094403654066088,0.8040296554588893,0.7697005526890488,0.7981986088108401,0.847780459476388,0.6355783270218617
0,6,113,734|1|training,1,4,0.6677867315031226,0.8390077778747365,0.5730927431783508,0.5995390491611621,0.61348198580658,0.6464277120647666
0,6,114,824|1|training,1,0,0.5860507373944834,0.8437445645053264,0.6092474215891451,0.6692336220175177,0.6843814949535363,0.6380043578945945
0,6,115,838|1|training,1,3,0.6598221284676701,0.7992949714724559,0.7415153945190486,0.6339242020755287,0.6711344528975299,0.6809675901567951
0,6,116,893|1|training,1,3,0.6294255221947498,0.5412852012482491,0.5821477298921706,0.5286476680120672,0.4895754071925563,0.6067669353797781
0,6,117,981|1|training,1,2,0.774725045792736,0.8842222594905426,0.8388081528107945,0.8762717628873861,0.9042163055245022,0.7950924225610784
0,6,118,982|1|training,1,1,0.6216584981200151,0.1292030638935975,0.4929157599652148,0.7366680209589044,0.766279461909089,0.5437386283302037
0,6,119,995|1|training,1,2,0.6318924426444668,0.8895514616014424,0.741862081778646,0.6264553065939817,0.6736276280099576,0.6826611149442713
0,6,120,1054|1|training,1,2,0.5426089074689331,0.8553584773187739,0.7513966034555243,0.5526652663718082,0.5638537262824342,0.5672430259278105
0,6,121,1095|1|training,1,4,0.49704907239983787,0.6589362400503048,0.7698353860212646,0.5321304323976038,0.6275309506910512,0.695844524645127
0,6,122,1100|1|training,1,0,0.40405343565023016,0.08836033576063969,0.2469867062538761,0.44424495258581304,0.4129395751874657,0.3403692392433218
0,6,123,1115|1|training,1,1,0.6986027082190531,0.7695455692503173,0.770877421485883,0.5689679510118353,0.6416381252324572,0.6991401792881934
0,6,124,1116|1|training,1,0,0.632317407080596,0.47358853727945954,0.7829685654585838,0.6459942857781875,0.6253392052858934,0.606708348810978
0,6,125,1126|1|training,1,2,0.6367090382129401,0.8122268213706896,0.7027101559521024,0.6846654753574347,0.7142829921903101,0.5581254526457877
0,6,126,1127|1|training,1,4,0.5287344920286368,0.6331209749404346,0.6892152119446449,0.5135543176513703,0.42115719655057243,0.5954962497928258
0,6,127,1139|1|training,1,0,0.6224018041058744,0.20328258509071298,0.6295673408334173,0.6273228240172145,0.6577813684546332,0.5768645297018815
0,6,128,1151|1|training,1,2,0.5921147861196216,0.5456258436129992,0.6283492306384121,0.6524606575074812,0.7068557589282468,0.7120190297279672
0,6,129,1152|1|training,1,4,0.7405123353402234,0.7408575148514301,0.6990379731582237,0.8418430270983203,0.8636933332821268,0.7482372524529445
0,6,130,1153|1|training,1,1,0.48644809801764916,0.8413814437829974,0.6453855090142536,0.4704287187586204,0.473136223671004,0.5476783437781426
0,6,131,1180|1|training,1,0,0.7208559795661237,0.910539478642399,0.8030513172977566,0.7978814505959942,0.8606283331660286,0.7447718514527999
0,6,132,1233|1|training,1,1,0.38970141902070093,0.509784354887726,0.3843025269368625,0.42947669407214323,0.3907407793466357,0.3867014623853951
0,6,133,1234|1|training,1,4,0.6306398887805705,0.8438940197409563,0.794862896582669,0.5613673009507562,0.5922785783162361,0.6815052796865638
0,6,134,1235|1|training,1,0,0.5434090978591517,0.5263441286773651,0.45196235500698123,0.5082122713643474,0.5228404554439183,0.5765812889698617
0,6,135,1236|1|training,1,4,0.5188868489960473,0.6962729270089546,0.5193052205867117,0.5076856263473517,0.522045690007931,0.5610348252665255
0,6,136,1238|1|training,1,3,0.5970011096320175,0.8361664430493647,0.6603019457322178,0.5111385393390271,0.5215154262214741,0.5450624422081791
0,6,137,1245|1|training,1,2,0.7304633579596925,0.8840924864591932,0.6851594086848062,0.7873420105438679,0.8177010340942352,0.7136545187209243
0,6,138,1247|1|training,1,2,0.5644372590203449,0.7233595333064498,0.48593559664580066,0.5773981345235069,0.5840367521160412,0.5030189950388944
0,6,139,1256|1|training,1,2,0.6063219469136018,0.8524345309617115,0.6862437340587546,0.5385530187874488,0.6156432190440921,0.7414745992668254
0,6,140,1258|1|training,1,1,0.5662282652475612,0.900692518136944,0.7042991864351414,0.5965623512113667,0.6136871228859049,0.6624870371470181
0,6,141,1260|1|training,1,3,0.4683985038411914,0.20821441630501555,0.4243216512766743,0.5687191648788235,0.5504647337163714,0.5393391054547871
0,6,142,1276|1|training,1,0,0.5443247442047694,0.5816310328674678,0.32681880369966665,0.5805929753288952,0.5622451505603214,0.43200300965490795
0,6,143,1277|1|training,1,0,0.5329802469364382,0.4251644369207771,0.38469439701204267,0.4698186634181385,0.4378730362857619,0.5974203453344641
0,6,144,1279|1|training,1,3,0.6486480412854543,0.8542901321141927,0.6630850841505054,0.717527443515745,0.7773947531387742,0.6661145637156844
0,6,145,1280|1|training,1,4,0.5160263014200092,0.4057450454980139,0.532975445390962,0.47032075813816343,0.45071533229749494,0.4927461577182747
0,6,146,1281|1|training,1,4,0.5240990451298703,0.8290484768812529,0.6559213428564379,0.5619181131653713,0.5728227516541898,0.5893331432436923
0,6,147,1289|1|training,1,3,0.6547477828887053,0.7132978609023302,0.6137377820270332,0.670972527938552,0.717215066232722,0.6202063705102313
0,6,148,1303|1|training,1,1,0.5075748920500274,0.5325587073165039,0.4241320715933815,0.4521300927299688,0.423794375337028,0.5557746523960121
0,6,149,1305|1|training,1,4,0.6761506217830052,0.2846497209826483,0.7595694854810826,0.6075377587762928,0.586394520934245,0.7032171535328343
0,6,150,1307|1|training,1,3,0.6892344151753274,0.7374116633247016,0.5539211480756392,0.6540723968313922,0.6660166297444725,0.6752196706586674
0,6,151,1309|1|training,1,3,0.4715560855318917,0.4894117877187834,0.5022585879220115,0.5039053307782521,0.5244236366279938,0.50889896925496
0,6,152,1320|1|training,1,2,0.6473141251867779,0.8990386502273428,0.7159351537793844,0.6038724822131453,0.6550733500096926,0.5496262253206229
0,6,153,1322|1|training,1,4,0.6885644007410426,0.8712169042483401,0.6658538447122748,0.6568269343946724,0.6474595687436662,0.7231837686877438
0,6,154,1324|1|training,1,0,0.741990691775513,0.9323811117232736,0.8125241339830074,0.6463430334683227,0.6199864287108999,0.7238430495824034
0,6,155,1326|1|training,1,3,0.6973771328950669,0.7502350423306662,0.623518984943964,0.6576285261393231,0.6797618757855323,0.6634420094430014
0,6,156,1328|1|training,1,3,0.45859251420093416,0.23700548203535154,0.4889894419918777,0.47867907967777645,0.48830906889047626,0.5692666376836448
0,6,157,1330|1|training,1,3,0.5556920254074647,0.6673586093886806,0.7062177829984632,0.548249467901355,0.5230315001243581,0.6689987785709606
0,6,158,1332|1|training,1,4,0.6541111754128683,0.8961971894586822,0.8108208821262948,0.6547687411035498,0.6874700595986104,0.7121881290372458
0,6,159,1334|1|training,1,0,0.5293850562411073,0.5024331467588001,0.5403986638303871,0.6455679342954738,0.5722852940968872,0.5910101146614334
0,6,160,1336|1|training,1,4,0.5061438220783123,0.3004686136797409,0.46856798478205297,0.5615003117840369,0.4788700643725635,0.5564291138424976
0,6,161,1338|1|training,1,4,0.48083737103044033,0.2879069630092332,0.43912045268654587,0.4433810337579306,0.44827547868303436,0.4815834164036135
0,6,162,1340|1|training,1,4,0.6136586877321932,0.6758267830777943,0.729283121455205,0.7203443888034289,0.7648825619335062,0.6220360006353697
0,6,163,1342|1|training,1,0,0.696842214948987,0.7274293090840463,0.7171195596278833,0.6420517701836952,0.6599639476798649,0.7025079738406327
0,6,164,1344|1|training,1,4,0.727319943483874,0.646753710547683,0.6303183421603932,0.7000238471083537,0.714620447210079,0.7266162744159295
0,6,165,1346|1|training,1,0,0.5895658362251122,0.8970644618223395,0.517685197727592,0.6042558683160304,0.616979407148507,0.6624851934996114
0,6,166,1348|1|training,1,2,0.6679043436852604,0.707679712936845,0.6739618827156522,0.6615915064035249,0.6813457103271556,0.708647394596173
0,6,167,1350|1|training,1,0,0.6499262178874426,0.7271927643877815,0.5385318048893761,0.6784124842057477,0.7007391291411235,0.6816091412712074
0,6,168,1352|1|training,1,0,0.7398522411309405,0.8816626866455671,0.6953393747733265,0.6254551431800057,0.6432125381014968,0.7479952928739667
0,6,169,1354|1|training,1,2,0.5369918973609275,0.6069118388321645,0.6870194417718003,0.5640899755518187,0.5329914552531574,0.6611416037348347
0,6,170,1356|1|training,1,2,0.5419074398297836,0.7965705830205743,0.6448758672084571,0.5608385880082966,0.5372813536897108,0.6178555714962605
0,6,171,1357|1|training,1,0,0.6672339636917878,0.7874794028447376,0.6778700869521533,0.6182999044665262,0.6675510915721166,0.6674268862169799
0,6,172,1359|1|training,1,3,0.6273327889032715,0.9038515833844167,0.7398634826556569,0.6214329917234418,0.6233327904660846,0.757844530345078
0,6,173,1361|1|training,1,3,0.5002370192333165,0.6595284639100282,0.5692511994644539,0.4869406859288937,0.4528294786972311,0.5331229875250716
0,6,174,1363|1|training,1,1,0.6058321362214778,0.82991799325213,0.8010415133054646,0.5551692855858716,0.5789366694673637,0.6380954711637684
0,6,175,1378|1|training,1,2,0.5603611125997252,0.8051300722963468,0.6097026844444668,0.6077083053508711,0.6469992858556202,0.6701725160319698
0,6,176,1413|1|training,1,2,0.5261656458454503,0.5615071251822153,0.743441992351071,0.6072271694010475,0.5944526752957789,0.5731749754942231
0,6,177,1550|1|training,1,4,0.5150793797642306,0.48309965775444236,0.6686417044081882,0.48396299368846696,0.47600620246517616,0.4956471012760209
0,6,178,1552|1|training,1,1,0.6454838720213106,0.8008986327407644,0.5612216132730676,0.5981120759692965,0.6538068139904716,0.6742881108294027
0,6,179,1553|1|training,1,0,0.4602360970990546,0.1634669268639997,0.5776891815178544,0.5752182656989081,0.5606120979261816,0.5355705444556116
0,6,180,1556|1|training,1,4,0.743551439322613,0.8752106720590997,0.7722639171865261,0.7344365901881489,0.7838412431542298,0.5918354150731462
0,6,181,1560|1|training,1,1,0.4891919457652254,0.2681969207726651,0.6063956455812756,0.5721863112050308,0.5718271345679142,0.5126847111530225
0,6,182,1563|1|training,1,0,0.6936503597133994,0.9313922483209315,0.7063171511377518,0.5864730907674899,0.6274063230816099,0.6654808856540532
0,6,183,1564|1|training,1,2,0.6195489365125971,0.500364758805322,0.41175147680222046,0.7498755774405385,0.7864712767309316,0.5840831703998999
0,6,184,1571|1|training,1,1,0.711736417949596,0.9136794575944335,0.7310130595376714,0.7400957254616484,0.7661735197973625,0.6999978601109369
0,6,185,1580|1|training,1,4,0.4356010550908717,0.16506712705028387,0.1911316722917528,0.3929634134544325,0.3217103990627545,0.2822887987362262
0,6,186,1582|1|training,1,1,0.5949061902758844,0.779342464499407,0.45310022759539087,0.5797916926919464,0.592211752569893,0.61481682239345
0,6,187,1583|1|training,1,4,0.5668845431623939,0.861686686211631,0.730527705891302,0.5002990332773233,0.5085846264186882,0.6333496959341448
0,6,188,1594|1|training,1,1,0.6283132463613474,0.541767986297039,0.4175329189842779,0.6449420912821648,0.6548321685129465,0.6084159485965153
0,6,189,1629|1|training,1,0,0.7819738884833389,0.6963926028150688,0.8179984898587209,0.858959327840417,0.8886416015214068,0.7150510978827922
0,6,190,1639|1|training,1,0,0.4963683467412111,0.8472786282499163,0.5491134581039037,0.6483749864243112,0.6618837668004889,0.6693857541917279
0,6,191,1641|1|training,1,2,0.48803385035454927,0.6212897104666717,0.7594652827589087,0.4907170192066152,0.5026589657825644,0.5553509130258006
0,6,192,1646|1|training,1,1,0.39475234435456147,0.09993127147597068,0.284262284189137,0.4456101437830723,0.43791186322808395,0.4322041711233086
0,6,193,1647|1|training,1,3,0.5312997358286726,0.6661431000622707,0.5123495158516881,0.4764863276690237,0.4542732657473978,0.5550059028189752
0,6,194,1655|1|training,1,1,0.6780439149361135,0.7620916231553365,0.6528016031410389,0.636509367813482,0.6759656711577763,0.6277541576203987
0,6,195,1656|1|training,1,1,0.6227393185004103,0.4530036368407271,0.5646852915501945,0.6430614887013251,0.6610726285851011,0.5899174259808287
0,6,196,1660|1|training,1,2,0.5801823706265684,0.7938383516285353,0.7455880512817291,0.6895382061926559,0.7166759523530812,0.5637113590553144
0,6,197,1662|1|training,1,4,0.5405734361481183,0.7551904164649841,0.753231789170304,0.6294030530867254,0.6719595029189778,0.6720149251567612
0,6,198,1663|1|training,1,4,0.5648867625495592,0.6740611628830508,0.5443774037528609,0.5758110658262425,0.5636084492018036,0.6085787675935418
0,6,199,1671|1|training,1,4,0.665350140406678,0.8043690861187232,0.5176635229403511,0.722501888252198,0.7629725515445992,0.7033166337654876
0,6,200,1674|1|training,1,2,0.5833825701062199,0.7169639020663549,0.5435330684113728,0.586427039706038,0.6244851220970625,0.6290445088702067
0,6,201,1675|1|training,1,3,0.6671059152833057,0.7872217124104542,0.6410098327483413,0.7498889123530411,0.7926338032343379,0.7337330078045762
0,6,202,1680|1|training,1,4,0.6304757690575348,0.9118154490939195,0.7911762044994021,0.6215549433519693,0.6470127410608979,0.6831463339554981
0,6,203,1728|1|training,1,3,0.591892105973843,0.5913516564239145,0.7548377681715787,0.6444230885560244,0.6597506532777809,0.6439464279236742
0,6,204,1729|1|training,1,2,0.6357777393894988,0.8578579253111864,0.7244582036435674,0.6249565972998943,0.651306822560115,0.5879232149799266
0,6,205,1741|1|training,1,1,0.6265082929472802,0.8921912048240354,0.5874938786761079,0.5399567014822616,0.5398858925006821,0.6999988528119517
0,6,206,1753|1|training,1,0,0.44646360511949273,0.7591916498243406,0.4188920139091707,0.5611309093970959,0.5892564886290176,0.6011603567238344
0,6,207,1756|1|training,1,3,0.4843894858034429,0.30700977774033744,0.45161105248703,0.5088544832680469,0.4894519648445938,0.5227579109116932
0,6,208,1759|1|training,1,2,0.46841251716478816,0.3560350589091242,0.43119595130672905,0.4908396200311976,0.48203000451349726,0.45038840974202465
0,6,209,1770|1|training,1,2,0.5169073797608542,0.5409349550809965,0.5852415940580901,0.5503330315669099,0.5982185385183445,0.6536936244172665
0,6,210,1771|1|training,1,4,0.6370467793920601,0.6178104698214201,0.7424354709960796,0.7113822393750249,0.7451438089701583,0.6194044840788668
0,6,211,1772|1|training,1,0,0.4758095375687505,0.6269373014228034,0.40183480208131667,0.44563182337893,0.4310578760825924,0.4645590022237427
0,6,212,1793|1|training,1,4,0.38936199240084335,0.23789697422322903,0.45784044739367696,0.3833772870427178,0.48124551008108246,0.5257547710855157
0,6,213,1794|1|training,1,4,0.4003381879945583,0.2043568716886069,0.3733120464685549,0.5257791928976213,0.42942572700392245,0.40444879830892894
0,6,214,1795|1|training,1,2,0.39180883748100165,0.16848173565680638,0.39122957975091566,0.4388827545244132,0.3865683265272791,0.48559845627312326
0,6,215,1802|1|training,1,0,0.48994602934189707,0.5879045173318967,0.7467543899679289,0.47283725390124137,0.4895815490224931,0.5655673748936699
0,6,216,1833|1|training,1,4,0.5284649362119518,0.48196002295824275,0.7619059019514144,0.5238391613652824,0.549738904888703,0.5088809929817762
0,6,217,1855|1|training,1,1,0.5936034152790666,0.837400698530449,0.7141112658724988,0.5369200890906539,0.5327129052205963,0.5086553578916979
0,6,218,1860|1|training,1,2,0.5208823892495815,0.6444412977467798,0.5523166270795262,0.6121509812932201,0.6426912565771532,0.6382362540738741
0,6,219,1875|1|training,1,3,0.5439904085086049,0.5700152091019272,0.7448347791575228,0.5891728961048384,0.6223002320811746,0.6563600275294822
0,6,220,1876|1|training,1,0,0.5523203325169597,0.7612126201276993,0.5506611292770538,0.5758218646418745,0.5840530667288968,0.35522277969934335
0,6,221,1877|1|training,1,3,0.49360569847843644,0.17200602129585693,0.8367857806095017,0.6612796281615949,0.6182233726758624,0.6111761948845276
0,6,222,1878|1|training,1,1,0.650653717551331,0.9195090811237123,0.8375621014740499,0.742975792986351,0.8288440686577278,0.7306359832872734
0,6,223,1879|1|training,1,1,0.5416239775289505,0.8852040844400774,0.7750267517228272,0.6192052243907675,0.6394126494341954,0.6577193125410141
0,6,224,1880|1|training,1,0,0.6370836229136488,0.6927436940908009,0.7222682951218659,0.6533082229437308,0.7758670644840487,0.6805296035894285
0,6,225,1881|1|training,1,0,0.44038439417453157,0.14179573027732936,0.32297722866324946,0.5420159611088732,0.5057150522914265,0.47452981138877826
0,6,226,1882|1|training,1,1,0.5887410821126519,0.3378500078305511,0.5503532256714468,0.6897859296242981,0.7235233947945607,0.5045544910363696
0,6,227,2003|1|training,1,1,0.5294380819376564,0.5775789089540216,0.5929200502106338,0.47202883025882714,0.5793617075973804,0.517056222337662
0,6,228,2022|1|training,1,4,0.5013489721031313,0.2897744023548632,0.4837396894795788,0.5665087197303823,0.6003546077812889,0.6084983275380638
0,6,229,2032|1|training,1,1,0.5656718651914011,0.9179930983354132,0.6928620269959276,0.438942055913784,0.4277555330884244,0.6807305573881027
0,6,230,2038|1|training,1,2,0.46764514760479053,0.353340062759598,0.6505171392069384,0.5305622593204118,0.5322989860975372,0.5997143623822623
0,6,231,2039|1|training,1,2,0.5035191768411986,0.7112515426268712,0.681564171874172,0.4822073286677514,0.5089084530115144,0.5353648807397298
0,6,232,2050|1|training,1,4,0.5618481928380082,0.5723651237297153,0.5252856390071663,0.4181618296701093,0.48622771059321584,0.5464104431999509
0,6,233,2057|1|training,1,4,0.4994895723042112,0.35979658119497626,0.4385579850839284,0.5086983279581021,0.49228606481602133,0.4580302557701293
0,6,234,2060|1|training,1,4,0.5688608401099046,0.5226188988857288,0.46524533326767376,0.5994454783098253,0.613508599797891,0.6239526979195186
0,6,235,2071|1|training,1,2,0.5451836015166229,0.7300411902515683,0.7121189111629942,0.5136039397834095,0.5279825490513794,0.40374341738833774
0,6,236,1|0|training,0,0,0.3982771095079056,0.12672799089721526,0.31304541139857,0.3610127736818907,0.2670526575532731,0.28539571829497734
0,6,237,2|0|training,0,0,0.5054609265751879,0.6759083336472725,0.4208223454289246,0.48110274639332,0.45707987716473913,0.4868777839950809
0,6,238,3|0|training,0,0,0.5165875621690617,0.2361744476045366,0.48381386479033955,0.3705826214936066,0.3578064075228644,0.3922139416053877
0,6,239,4|0|training,0,2,0.45463260103885456,0.3596380441338093,0.4044081928245414,0.4820774082040656,0.44283742750721095,0.37949728416605427
0,6,240,5|0|training,0,3,0.5032372096951868,0.3460627146504183,0.5744936126949728,0.528369177575154,0.5803377048701296,0.5595228999335993
0,6,241,6|0|training,0,1,0.34841621649897286,0.1806217907664146,0.29620294887293763,0.21570016131257727,0.19308516793645503,0.3946080869662934
0,6,242,7|0|training,0,3,0.478495132234991,0.590695035528635,0.41062020611789374,0.45963172967965477,0.4637846470065386,0.4374623250782405
0,6,243,8|0|training,0,1,0.3457493061165445,0.07012506879546555,0.18326775992850894,0.42787942738972007,0.3663239825650806,0.25479196263848264
0,6,244,9|0|training,0,2,0.40668961431712697,0.37627338710840535,0.38104692320556166,0.4359077927579409,0.4026387917578551,0.4027408014644558
0,6,245,10|0|training,0,4,0.2849291502600671,0.5788061337300231,0.2962706633861259,0.12455530599055555,0.10235662445423202,0.30947744670283767
0,6,246,11|0|training,0,4,0.4843513286429765,0.6207771191073812,0.34985322481956044,0.46527652392591007,0.4226594995242558,0.4491109758326684
0,6,247,12|0|training,0,1,0.6720079394960334,0.875837122066075,0.670144553182917,0.6159132143848074,0.6621529561104158,0.701141186028317
0,6,248,13|0|training,0,2,0.5179115018569912,0.30691445525957817,0.20982068851313831,0.4052662328300486,0.3613851145010683,0.4129432370924024
0,6,249,14|0|training,0,3,0.5043408678320692,0.5687963513914173,0.34331446012608,0.5687992630531139,0.5241328400914228,0.5062117191154326
0,6,250,15|0|training,0,0,0.5812076935288795,0.7368400861301257,0.5013435887820543,0.4741366245069861,0.44027469252896234,0.47974650828134935
0,6,251,16|0|training,0,1,0.27463977039053533,0.07290181897709773,0.10177295080894558,0.20059364121849318,0.12241199749128127,0.16887306212685382
0,6,252,17|0|training,0,0,0.4985540389562014,0.3788918214311112,0.3286162319427808,0.38549958478126706,0.3963063783959456,0.37604009572523034
0,6,253,18|0|training,0,4,0.3833569424239164,0.19800890751891864,0.19216655143795577,0.22031732622924838,0.18428862255811254,0.3136324097053426
0,6,254,19|0|training,0,1,0.5108104697452988,0.23373852831864494,0.6074596749878484,0.5288394733089895,0.5236228087687019,0.5009694240025647
0,6,255,20|0|training,0,3,0.36010885795845066,0.2154688501710743,0.1583903862582218,0.40435500034151084,0.387336023562862,0.27898507703196274
0,6,256,21|0|training,0,3,0.3436142183634346,0.17006071836249775,0.14623082854944583,0.4379127689503838,0.38601178738464675,0.24407099713163405
0,6,257,22|0|training,0,4,0.49324017315775515,0.8396321636977047,0.6284355880069472,0.5121617496484363,0.48045839279635477,0.5098436296569764
0,6,258,23|0|training,0,0,0.36215667588973777,0.058608979010236296,0.1420944909236295,0.37180284753609005,0.2900034513499743,0.24845413692850937
0,6,259,24|0|training,0,2,0.5529406927178688,0.3096487704494806,0.3535364349502998,0.4718595534033407,0.5107213244030642,0.39985649642255355
0,6,260,25|0|training,0,2,0.31538012836682744,0.10626894446282639,0.2594148668717597,0.2108485081041596,0.1330879110629306,0.1804595126222923
0,6,261,26|0|training,0,0,0.20205497111559512,0.06362621904554558,0.08840726382742255,0.1582685577937258,0.09111872407782917,0.10401068935755842
0,6,262,27|0|training,0,4,0.5295332046701917,0.6038458902268696,0.6890051521055991,0.5401479301130868,0.5244813015422816,0.4710023629793243
0,6,263,28|0|training,0,1,0.4247913858895492,0.5378036590246883,0.4793967361467854,0.46533043561012954,0.4721772789988681,0.47429535071997436
0,6,264,29|0|training,0,4,0.2684195217994899,0.09110773820709793,0.08501901212452014,0.15881334887358783,0.12720524238720451,0.15200638138724215
0,6,265,30|0|training,0,0,0.30074064492042185,0.1916430869015183,0.2322896190444641,0.1804256028375601,0.14264386814406832,0.22151048966817774
0,6,266,31|0|training,0,2,0.2413538942077162,0.11548779918452888,0.10724262291520206,0.14927244384824193,0.11916481918369827,0.14316369199840134
0,6,267,32|0|training,0,3,0.31369911071914325,0.1448965980584359,0.1935058090775855,0.16223691232222215,0.11965343131767464,0.29532133366407537
0,6,268,33|0|training,0,1,0.2839248013221747,0.1887739723438802,0.2551313791524595,0.19127234440768273,0.14201868541751092,0.26091784024293446
0,6,269,34|0|training,0,4,0.5965183269107434,0.7439612172913418,0.5179619161076873,0.562128007291174,0.5541734036654946,0.618935586072972
0,6,270,35|0|training,0,1,0.4650808866814269,0.20997387526905198,0.6728344370909759,0.45509328286783435,0.4148741667411556,0.5182325472535266
0,6,271,36|0|training,0,2,0.3957971200742644,0.1314657343776673,0.47319375351976667,0.21137588641488259,0.18852474521486043,0.31836492678943157
0,6,272,37|0|training,0,0,0.4105325027327929,0.46408306921257514,0.4267273166189937,0.2602442108592057,0.21845925432337887,0.34356009709789725
0,6,273,38|0|training,0,2,0.3987007955154605,0.6257647344957037,0.38659934921828815,0.4655938633637095,0.4150157943292551,0.4311703790018232
0,6,274,39|0|training,0,1,0.5261993105256273,0.8437906135071276,0.7361290612728207,0.5877604993378183,0.6363781444743284,0.7223316112356855
0,6,275,40|0|training,0,3,0.49198022230879945,0.5563962816353543,0.5520332543194306,0.5411891097633743,0.5130444779816434,0.4749297836484816
0,6,276,41|0|training,0,1,0.36234467001599735,0.21602969561263322,0.17806338287939316,0.3719116501679376,0.3443137595126432,0.31528332493548356
0,6,277,42|0|training,0,3,0.36211489178142037,0.34738670672126915,0.508960728035018,0.25302573150177926,0.2030588580029709,0.391818758879261
0,6,278,43|0|training,0,3,0.4173929322517082,0.19792790396964072,0.34494091758761153,0.3647089701259601,0.2973589578525585,0.41998714091515416
0,6,279,44|0|training,0,3,0.4647923334430597,0.5488131641231218,0.3703652089696044,0.45113004793857286,0.4117349737513622,0.4242860442275122
0,6,280,45|0|training,0,1,0.3797856270897821,0.31374019895470523,0.5515477721607924,0.29148928637476845,0.22563259343694023,0.3941948283822771
0,6,281,46|0|training,0,4,0.4846547584667226,0.2775915095176065,0.42021917409651455,0.5300531907758976,0.5404733842234463,0.5445887890966372
0,6,282,47|0|training,0,2,0.5060987292164577,0.39060003934058846,0.5399172452901141,0.515756876436125,0.4997695832225885,0.5173587511095729
0,6,283,48|0|training,0,1,0.559311705625386,0.7361336125397473,0.7485425990808752,0.6099956423479223,0.5892061500047288,0.7065394511455569
0,6,284,49|0|training,0,3,0.5508147536560205,0.6161998107148249,0.5051749336715455,0.46516728273799685,0.4473639219801785,0.5684634236687662
0,6,285,50|0|training,0,2,0.5633905894736556,0.7230979685972027,0.667869292281616,0.4219655727206073,0.3734119443762368,0.4694217635951339
0,6,286,51|0|training,0,0,0.33847824692822653,0.12376768245779728,0.21087329850961647,0.31357178249016504,0.2684894517707201,0.326360703708653
0,6,287,52|0|training,0,3,0.4473007262876727,0.7132709653514386,0.5854339790894576,0.443293516335768,0.41677598788926057,0.46195901596134936
0,6,288,53|0|training,0,0,0.6215899490361219,0.8549557247771907,0.5414935876722526,0.5623433648459166,0.603513020646942,0.6767377532919799
0,6,289,54|0|training,0,2,0.38628124836786787,0.6364033721284738,0.33207936059465976,0.2565839167181445,0.2063743113790326,0.42242534992270087
0,6,290,55|0|training,0,3,0.48423010237370806,0.5068044246524971,0.5944959825384285,0.3817922627763953,0.3638549057215362,0.4836350760007447
0,6,291,56|0|training,0,1,0.5680721777521116,0.771456653703814,0.7441564687042519,0.5272069466002033,0.5226707016215991,0.7293445880986994
0,6,292,57|0|training,0,2,0.4425452270096398,0.30964714520982367,0.4388320418353017,0.4090654874637822,0.4105512402348695,0.4371629094012463
0,6,293,58|0|training,0,4,0.5354554361024476,0.6543285599115441,0.49990501607467297,0.5807705252509763,0.6061803793594999,0.5930317407043231
0,6,294,59|0|training,0,4,0.14418293144312855,0.05798063195591844,0.08084404799693885,0.10117347976595222,0.062058286500862196,0.051398794301567664
0,6,295,60|0|training,0,3,0.522904853259702,0.4013155219549878,0.5395335171329396,0.5454344500263266,0.6144855315414786,0.4855731570849847
0,6,296,61|0|training,0,0,0.1137175291904136,0.048952274742321465,0.07699390112907407,0.11649493832042268,0.08021984208597435,0.04668526485515318
0,6,297,62|0|training,0,2,0.44465662574081755,0.8622086856317853,0.4332309335994623,0.4984218812675083,0.47895858467461444,0.539268981566388
0,6,298,63|0|training,0,1,0.3140692924878736,0.08929977205281474,0.18225405734744693,0.25198184745753566,0.2314622579414523,0.16932326439602496
0,6,299,64|0|training,0,0,0.5177423387563834,0.5338316754101144,0.37660172434881506,0.512752724264276,0.5079413229827408,0.40623313173620273
0,6,300,65|0|training,0,4,0.5078541928046298,0.244809517360412,0.5530258646636975,0.4764370964524511,0.47586252903728143,0.5003239480076762
0,6,301,66|0|training,0,3,0.4380312239364115,0.428339902497856,0.34406045296074494,0.4326032806548194,0.3828421088656659,0.4078947030840122
0,6,302,67|0|training,0,4,0.3922957590228663,0.09708662854633394,0.19888622077288606,0.3681704399934628,0.38416841082414194,0.25899506913012915
0,6,303,68|0|training,0,1,0.2857382932072933,0.0938622897297052,0.19085370961015388,0.27219851632684594,0.25571317920937053,0.22190752608659106
0,6,304,69|0|training,0,3,0.2028008272461784,0.15176542308901111,0.21596021103129054,0.15419581860055961,0.10883327060851693,0.30247107284999736
0,6,305,70|0|training,0,4,0.24634238489986718,0.10083956906232157,0.05808490101038394,0.1546883801426986,0.0988081696009059,0.13675712903031423
0,6,306,71|0|training,0,0,0.22800996633937023,0.10220278665464656,0.08163636162851391,0.15732438822576292,0.09807243237502411,0.1507748099387395
0,6,307,72|0|training,0,4,0.5169770504996498,0.4886283499513274,0.4010591142566813,0.44760188380973254,0.4932783507585941,0.4534318598949007
0,6,308,73|0|training,0,0,0.41009120871494725,0.6351831668533294,0.3114556455995544,0.5177024665187285,0.4941390695995207,0.5237971546326702
0,6,309,74|0|training,0,3,0.5528682318076668,0.6939053713749105,0.49151961941331557,0.454193384695064,0.46064265981578856,0.5032319751922292
0,6,310,75|0|training,0,4,0.4188880217030015,0.7498569600506074,0.6612877333629127,0.41429428146376207,0.47780221175662324,0.4438651940276548
0,6,311,76|0|training,0,1,0.44503941353407117,0.4147024417352431,0.3992341175282442,0.46289887366209215,0.45678565847895897,0.4668002028974738
0,6,312,77|0|training,0,4,0.5656093412529206,0.672054834265689,0.27004065183614484,0.41528455701592687,0.45542324836294035,0.476509502462485
0,6,313,78|0|training,0,2,0.3212617318946234,0.14103386374333024,0.1560539172231711,0.30470897164910415,0.2596461265624875,0.2687324661790932
0,6,314,79|0|training,0,1,0.26746515608742055,0.08349438484927829,0.2180309229776988,0.19404484306290695,0.1626941949326004,0.3328337735375756
0,6,315,80|0|training,0,4,0.3711300897050154,0.25050324425125564,0.3335741273843386,0.5282050808085458,0.4700377678117296,0.4612508527663207
0,6,316,81|0|training,0,3,0.4744126827546537,0.7923839921464515,0.44480948987340424,0.5335406923396043,0.5172003486658677,0.5030826997486773
0,6,317,82|0|training,0,4,0.46845837392791145,0.14300637100279917,0.3780662775359451,0.4639412457200518,0.4483589945954745,0.361759947193752
0,6,318,83|0|training,0,4,0.3892350786325284,0.22563582615767858,0.32832721798194103,0.39508253610601485,0.37186956286279427,0.521725311898516
0,6,319,84|0|training,0,1,0.4509168254104226,0.10251668560408429,0.16243978504677628,0.33880431809265665,0.27490279352243235,0.25446962977437404
0,6,320,85|0|training,0,1,0.34317168422598177,0.08383186469258926,0.24596067051890125,0.3568307787597911,0.40524824258057773,0.3216019995587246
0,6,321,86|0|training,0,1,0.35456410575645186,0.059357550452111656,0.11449881842116894,0.17193472831377518,0.11566761308493193,0.23755971887402244
0,6,322,87|0|training,0,1,0.48196389222564906,0.8386423875953917,0.6456234638882152,0.48605073076080085,0.5125131276748472,0.41023814059329505
0,6,323,88|0|training,0,0,0.5029545410677144,0.7947210329902585,0.6134569794880869,0.5500263159081967,0.5121530712894947,0.5994256696734104
0,6,324,89|0|training,0,0,0.41633619635392555,0.13578358822501793,0.254480304699425,0.46853368178314364,0.4211364178670629,0.2712929432031535
0,6,325,90|0|training,0,3,0.5128151927034253,0.7666877068880545,0.5286035809440967,0.5389778452209163,0.5415010950289281,0.42132525173951113
0,6,326,91|0|training,0,4,0.48689790873920163,0.39731682228148024,0.5967694114593924,0.4122385585779681,0.35619217820449656,0.5750887822915572
0,6,327,92|0|training,0,0,0.34889263899174583,0.3324072468485068,0.3063244282701984,0.4520967952321054,0.4059322311314437,0.38794864248844757
0,6,328,93|0|training,0,2,0.39332588596121887,0.2785075614707877,0.412268953388475,0.4802745341658217,0.44453158067649345,0.363829699949984
0,6,329,94|0|training,0,1,0.44440346743963177,0.11381720950878764,0.3935492956520057,0.4607770100311721,0.39742481145723724,0.41361951353024917
0,6,330,95|0|training,0,1,0.5513975369449874,0.743570918254396,0.5468409001608056,0.5006808370836666,0.5588470043618827,0.5484756741868715
0,6,331,96|0|training,0,0,0.44475582222163634,0.22359328910990317,0.42352812215561497,0.4949962940082806,0.4648420990632241,0.4888326075784558
0,6,332,97|0|training,0,3,0.6104120152133222,0.5978789164985809,0.6331293625690945,0.5246432231234024,0.6077258600903196,0.6356851707168595
0,6,333,98|0|training,0,1,0.4985744411310644,0.19798850002191187,0.3204183123025151,0.516705159337506,0.49414760109515005,0.4841839801273062
0,6,334,99|0|training,0,0,0.41210855896122844,0.09584080106229237,0.4292502312998455,0.47627255917420896,0.41105733511509746,0.4029356891706266
0,6,335,100|0|training,0,1,0.47000112093216695,0.6901931612638115,0.4867376548186079,0.4928232906611559,0.4805391304925911,0.5609619999448349
0,6,336,101|0|training,0,3,0.36951678864744164,0.21881563087949885,0.3779057196161698,0.4890960550746577,0.4859522638170985,0.37390723557753125
0,6,337,102|0|training,0,1,0.37291326258212,0.13602163432343028,0.4112148035381357,0.45351674887623744,0.3981682117890492,0.4402532528055336
0,6,338,103|0|training,0,3,0.2902545461856039,0.2992775841708994,0.13272692651217652,0.2784168756071894,0.22122425050797076,0.2906794755012099
0,6,339,104|0|training,0,4,0.267168104565381,0.08936497604155388,0.22509940798127814,0.25739720819354556,0.18024341379303332,0.18047185698887552
0,6,340,105|0|training,0,1,0.42734920882316974,0.17211140156408145,0.38903440489033436,0.481876827768175,0.47680256102431323,0.4339208847113839
0,6,341,106|0|training,0,4,0.4601413990867033,0.37932976579295835,0.49954978578398307,0.5445037400984682,0.5617145094841623,0.5682582211873675
0,6,342,107|0|training,0,2,0.3538338280049932,0.11595461216003874,0.28028245339640456,0.2980478226082195,0.22126315198559157,0.24546717508160062
0,6,343,108|0|training,0,1,0.2669416965279423,0.08420116009030676,0.14143826778815027,0.2852092088978608,0.22395720885598808,0.25798834217801453
0,6,344,109|0|training,0,4,0.37787037819823466,0.38267200214277536,0.24985730493307728,0.30947097300796594,0.2753625124652352,0.310554169155549
0,6,345,110|0|training,0,2,0.4907156091309562,0.14619924027840642,0.33775187655704575,0.49628564572891537,0.4342850265901177,0.2805456448307019
0,6,346,111|0|training,0,4,0.2768812127770398,0.07833061457113297,0.1805943337835866,0.21984095553491742,0.16466277291696235,0.2222280166628488
0,6,347,112|0|training,0,2,0.37078836697182166,0.7648407670504666,0.4726164795234428,0.45528422108501365,0.4698595130101693,0.3559783244719552
0,6,348,113|0|training,0,0,0.42742254935160673,0.7195052500806544,0.5545683704461876,0.41229831670377237,0.3792239059344041,0.5090872093683294
0,6,349,114|0|training,0,3,0.5029228800870752,0.5036780248890527,0.5373544270899623,0.46167075469728086,0.4689819340287077,0.5785801082061351
0,6,350,115|0|training,0,1,0.4209793270255557,0.19502353872451392,0.22412048373161733,0.4173364883627034,0.39611105016746073,0.37078873047334143
0,6,351,116|0|training,0,4,0.40427713096457124,0.1413010283591855,0.2113406585824105,0.3639182034401544,0.3092903051827515,0.33006094834824107
0,6,352,117|0|training,0,0,0.4296766604839206,0.13715066461793918,0.3114496432082606,0.5363224186047552,0.5188344698535481,0.40571116846435684
0,6,353,118|0|training,0,4,0.49608324361340844,0.2605469493631361,0.4155873936780888,0.47261448100720393,0.4643872571150211,0.5016246945558054
0,6,354,119|0|training,0,1,0.22642535735087993,0.06200007946994602,0.10470164272739262,0.16307303472487633,0.0948435434390709,0.1752740755110161
0,6,355,120|0|training,0,4,0.2828981503687265,0.2719826278159889,0.17518677392992069,0.1828625253338392,0.14700824697635223,0.19002540733319698
0,6,356,121|0|training,0,4,0.3356057781205736,0.5038987953345064,0.42561950850462976,0.2847612608997906,0.22987713781121322,0.3882521798727265
0,6,357,122|0|training,0,4,0.3045093542265245,0.11793340347994238,0.2718428329553992,0.22659106446924315,0.1540358317059514,0.2467479318881776
0,6,358,123|0|training,0,4,0.4772267841479662,0.16447288750520592,0.591575472466282,0.49014641845031753,0.445324146734735,0.42481694116799446
0,6,359,124|0|training,0,2,0.6043028165791378,0.8389996098337792,0.5902778401971996,0.4207756726296598,0.39282772695232293,0.6133467139886257
0,6,360,125|0|training,0,2,0.5012842139776658,0.28398395457512404,0.3971626253102071,0.4777332602780875,0.5071269697987909,0.451435665013171
0,6,361,126|0|training,0,0,0.5080904505141788,0.5404127671642089,0.518987163190863,0.47670155487102744,0.4801307349707979,0.5161352393806417
0,6,362,127|0|training,0,1,0.47271715643793405,0.35475476592851374,0.6104376141793734,0.574710710510669,0.5627871712303655,0.5260516654941088
0,6,363,128|0|training,0,4,0.3394369652813141,0.12374560702707116,0.38959959478126444,0.2877089331645991,0.21978599780448793,0.3461664746941329
0,6,364,129|0|training,0,2,0.37487338251372926,0.31624817836472086,0.29554943062621636,0.31004869391091,0.24979804260594748,0.5323208993056565
0,6,365,130|0|training,0,1,0.3375877967911971,0.24375267316864202,0.12167767009516779,0.1967794233583108,0.2093711045584706,0.09600920984675011
0,6,366,131|0|training,0,1,0.4780526697128445,0.20854708034221112,0.33642210769080705,0.3044090984240399,0.23041640705605929,0.5475628739474164
0,6,367,132|0|training,0,4,0.5073337935395333,0.5809344582758268,0.6488578404257923,0.508797985849401,0.513302842442303,0.6284480230424087
0,6,368,133|0|training,0,0,0.22757141243304035,0.049117882443599395,0.1409863525769782,0.3426505432867892,0.24836283776167853,0.3131211581327339
0,6,369,134|0|training,0,0,0.4020196909890089,0.2612255228671375,0.28463360120128456,0.35748223275391594,0.3017746473328485,0.44243939414819605
0,6,370,135|0|training,0,0,0.41751633903924873,0.6387830834212318,0.41218954094539906,0.3721870186705997,0.3304113477051317,0.4272733558875854
0,6,371,136|0|training,0,2,0.2823469055432477,0.13251740555030928,0.13910010485097307,0.2526252497833358,0.2143231264056094,0.2605388543135001
0,6,372,137|0|training,0,2,0.2660637148363564,0.15540070343885168,0.20994360150119523,0.26691473853956327,0.23504479104614637,0.23533961495262581
0,6,373,138|0|training,0,2,0.5676352724033941,0.7955751076165705,0.799644634023493,0.6039664939661142,0.5507911258329976,0.561426757415662
0,6,374,139|0|training,0,3,0.42067012193100156,0.7427106885008454,0.5148854427885802,0.36268339078928125,0.34023916539988125,0.5154056981410441
0,6,375,140|0|training,0,1,0.3176559415029552,0.1711893545810629,0.3133073040149605,0.4227055770115355,0.3830711135008682,0.4017331266463651
0,6,376,141|0|training,0,1,0.3867940837496042,0.1943625607931228,0.23466372649025186,0.4037173275252262,0.33006311030553775,0.3155886097890604
0,6,377,142|0|training,0,2,0.42822095687562034,0.1190115874780822,0.3163059428823658,0.5013520437360297,0.42827039626548313,0.3491872324517913
0,6,378,143|0|training,0,2,0.35820982632496334,0.35608184381433877,0.6134797262853395,0.38822961602573564,0.35645484683389467,0.3502501781450033
0,6,379,144|0|training,0,2,0.3663823637728527,0.4190550435248452,0.27290425899862947,0.3999527773959906,0.31540741317528176,0.3831541698544294
0,6,380,145|0|training,0,2,0.49853651733026294,0.45140660239382807,0.5475615821329096,0.4057198044563533,0.39160989123840545,0.5832158102223842
0,6,381,146|0|training,0,0,0.3307820241160679,0.05787860226433848,0.17946530748745937,0.2517427328632525,0.2016699925169046,0.23841074860827377
0,6,382,147|0|training,0,3,0.42519659991834813,0.42655212668324655,0.6332347524417596,0.3805255818613785,0.3352815148119089,0.347885262228555
0,6,383,148|0|training,0,4,0.5402692730031645,0.6535231799358212,0.6337690999970776,0.525226503461591,0.5426807081200713,0.5899805755806502
0,6,384,149|0|training,0,4,0.35927838740936385,0.14115170120492074,0.4515751796220754,0.31669529686609865,0.2563592813859018,0.4562674197877861
0,6,385,150|0|training,0,0,0.44600449515716223,0.49539052483636753,0.27408473348477164,0.3596776969990709,0.31782903898642345,0.3710480945774235
0,6,386,151|0|training,0,0,0.4953911240074292,0.3521731404430918,0.42707558837481174,0.42493796100425857,0.40276956764783606,0.3493152106570109
0,6,387,152|0|training,0,4,0.27165196567224686,0.276226567349112,0.11786676072615107,0.20333512880774823,0.2401575437982108,0.08646886285229015
0,6,388,153|0|training,0,4,0.39638118373491943,0.13361732798388304,0.31390269322802744,0.4739096921219439,0.39633484622596793,0.4689883800531468
0,6,389,154|0|training,0,4,0.2713951672455987,0.11812668424777592,0.1888641197934837,0.25451468756673723,0.19362009030408434,0.3206621212952023
0,6,390,155|0|training,0,3,0.30491539298805903,0.201463066589289,0.22335989125007194,0.24626785251773742,0.21519118099105597,0.3888634361663673
0,6,391,156|0|training,0,0,0.34105158126824636,0.09349706397807407,0.2671090424819368,0.39603619936643336,0.34406460575276876,0.36251844663509286
0,6,392,157|0|training,0,3,0.5520587850744723,0.6267692560950754,0.5144409425758572,0.5469781534524332,0.5954498614469326,0.4451415881188878
0,6,393,158|0|training,0,1,0.31927823048160486,0.07725587730151204,0.19595530858552015,0.40859349390918837,0.3045632379868565,0.1976083300144925
0,6,394,159|0|training,0,3,0.47124833392695104,0.3946465920315191,0.39191066501897004,0.47259891463259823,0.45877224325946725,0.4813389961796564
0,6,395,160|0|training,0,0,0.4331723874577279,0.8068906994000978,0.5716152284370343,0.5268337678802147,0.4909990259730058,0.6646629112139049
0,6,396,161|0|training,0,2,0.4417082384027611,0.6497654328798322,0.462988692886871,0.32911399841149985,0.3258833551268406,0.4104775276624138
0,6,397,162|0|training,0,2,0.44651781508728194,0.4400768929830942,0.3026711537360419,0.390685201916617,0.3386457292898082,0.4423423900789508
0,6,398,163|0|training,0,4,0.44555785931485653,0.32338180988194737,0.3289113423389208,0.44577603312589614,0.39299460609920067,0.348216553139663
0,6,399,164|0|training,0,1,0.3505170968512114,0.08022758587416443,0.3032636269357995,0.39407363292651587,0.36409488449835303,0.47008902250260237
0,6,400,165|0|training,0,1,0.4474554212681905,0.20299821680229127,0.41746822369905795,0.4529476403266019,0.4022301323155328,0.44480032373353284
0,6,401,166|0|training,0,3,0.3147751354443472,0.1996631810317695,0.19024778992838998,0.2177908735484002,0.18202103832238245,0.2804690121144384
0,6,402,167|0|training,0,1,0.27868658182668804,0.05720453787823054,0.23853237992109474,0.26679579101819473,0.2123235855431378,0.1823371797966725
0,6,403,168|0|training,0,1,0.37797671486423867,0.11335243913848746,0.31033350005128285,0.46917392906586813,0.40314871512585815,0.5495191228065177
0,6,404,169|0|training,0,0,0.3176537788929671,0.44177625647715807,0.4558041231263411,0.30383963323344637,0.34646104086615803,0.24463405279226927
0,6,405,170|0|training,0,0,0.3350697993170652,0.058892996222538734,0.1665241533073091,0.407101616866677,0.29696255401010396,0.22569226476931067
0,6,406,171|0|training,0,2,0.27426671946404907,0.11741654298608184,0.18203119748189445,0.3076283781998348,0.23901570723459262,0.2361108169934573
0,6,407,172|0|training,0,3,0.23217870575324417,0.1359986404497606,0.1966709779523977,0.2946130580150188,0.27543460352368576,0.43925024481828967
0,6,408,173|0|training,0,3,0.3121715642445856,0.3667675592881753,0.5033554631824906,0.3391536979950965,0.284611966004397,0.3144710434867359
0,6,409,174|0|training,0,0,0.4137438371705667,0.7397823518149892,0.6054597876473168,0.48920927389828955,0.45648229818277836,0.45193450802030743
0,6,410,175|0|training,0,1,0.3157808895648157,0.0958622862846935,0.19779164544998298,0.3066432819763755,0.24992211073547876,0.22570407553144442
0,6,411,176|0|training,0,3,0.47669135577402644,0.5971131448902337,0.8078671729774146,0.41678215470297986,0.40647177992786365,0.5276236281486267
0,6,412,177|0|training,0,2,0.46524783690861515,0.8224411151037209,0.6707057197226876,0.3363393849309772,0.2967167872369237,0.5026527883864625
0,6,413,178|0|training,0,2,0.2399131654675444,0.1146366440423715,0.2296332277881891,0.25193426018935927,0.21616197535948806,0.24347562796143757
0,6,414,179|0|training,0,4,0.34918807405431085,0.14983869838583752,0.27386283777168646,0.38522115823046926,0.32169702511379333,0.38101394307316805
0,6,415,180|0|training,0,2,0.35427419841026386,0.0911307849125374,0.14933480878534514,0.31291991288750726,0.26335881377022086,0.21070871307676836
0,6,416,181|0|training,0,4,0.4421171855040365,0.24117456328739353,0.32046607026944307,0.4621565927959472,0.4244832372210162,0.5040525281731552
0,6,417,182|0|training,0,4,0.5555828100155308,0.7615489881053298,0.6824179097696262,0.495238899512642,0.46041703230373743,0.6250150429020428
0,6,418,183|0|training,0,0,0.47042250124629786,0.15452639539302174,0.37757799687054466,0.5550828172186298,0.539340857097043,0.4859875951511917
0,6,419,184|0|training,0,0,0.4670526756010446,0.21150451253210634,0.37255397316502964,0.44822904179011686,0.45550606381830855,0.37481422703977824
0,6,420,185|0|training,0,2,0.3531744905678969,0.13721186867902596,0.2098179351983865,0.23103490466589727,0.19274885173366066,0.23181674961437423
0,6,421,186|0|training,0,3,0.3769874281633483,0.311490571248597,0.5632328714145188,0.47820442122393003,0.44550361309950826,0.5177878520210811
0,6,422,187|0|training,0,4,0.4020438744871806,0.158719912338094,0.18289010020534488,0.4193446814050107,0.33437578213064356,0.30517629756370573
0,6,423,188|0|training,0,3,0.436384008279591,0.33950367304500384,0.4617191846414474,0.573360298388107,0.5344760812096904,0.5884433145256508
0,6,424,189|0|training,0,0,0.45824819447842563,0.6235532163984716,0.2557059137146589,0.5011367294542476,0.45251448922794135,0.35692667863497596
0,6,425,190|0|training,0,0,0.315850720183836,0.054793004775104646,0.2576963304267283,0.38741065733669944,0.37006086927694654,0.3421999741635525
0,6,426,191|0|training,0,2,0.397312672220252,0.3392927718451584,0.5228390187612053,0.489054191704834,0.47878369483511546,0.45507047385035926
0,6,427,192|0|training,0,2,0.324132227311435,0.19906846121251429,0.17048400608724124,0.3903563012204746,0.35102941339936694,0.2768053847804596
0,6,428,193|0|training,0,4,0.5831280365385488,0.6950158864101086,0.6290258925244961,0.545612246085003,0.5353898876567,0.6229795321189112
0,6,429,194|0|training,0,4,0.4403267553379254,0.24186002270961804,0.37011111535694263,0.42839822015164297,0.4128719264729895,0.46946811073570976
0,6,430,195|0|training,0,3,0.45721587233659944,0.2977825796362654,0.6343732443469867,0.4937304224654695,0.43998826818816394,0.47172142045657073
0,6,431,196|0|training,0,2,0.5304476693793276,0.3727813336952711,0.37594225919793023,0.4506211245408499,0.4966511235988283,0.5352802435827515
0,6,432,197|0|training,0,4,0.4993549444048871,0.24901201632329467,0.5862224566517727,0.4993359380817874,0.5384043163330691,0.5470571232773366
0,6,433,198|0|training,0,3,0.3316710990125554,0.12320321973413703,0.19570154793444042,0.3833609709734636,0.3528159053000181,0.28413690584395646
0,6,434,199|0|training,0,2,0.43979462813524267,0.3235312733378954,0.30581425901592585,0.47946664425997715,0.4418270651443327,0.3530656037387274
0,6,435,200|0|training,0,1,0.3499947681054331,0.41632162194933847,0.3251697145897889,0.3114213354020427,0.2652208593890663,0.36179827200144404
0,6,436,201|0|training,0,3,0.32274999867339177,0.36489278818400706,0.28261233423151993,0.36367472905485226,0.33535933450639,0.2590401043540812
0,6,437,202|0|training,0,0,0.596560941511887,0.8009799320803346,0.7325875064341419,0.5924363966728449,0.6313424943606724,0.6855676697780623
0,6,438,203|0|training,0,3,0.410716378572492,0.1078206442785655,0.2840498341020792,0.4048369838589346,0.36348160879225233,0.2916498944988993
0,6,439,204|0|training,0,1,0.3087707696713145,0.08251597532653368,0.23009742551307955,0.30678915901422316,0.24043141389620853,0.26557279384474525
0,6,440,205|0|training,0,2,0.38953240282768575,0.16977320136005947,0.22686402702045494,0.3599244632102073,0.28853096103838144,0.32832142778733603
0,6,441,206|0|training,0,0,0.5559368679944073,0.8433952515605834,0.6822582031297644,0.45587196426045684,0.45177970639179954,0.631418665693357
0,6,442,207|0|training,0,1,0.4831929054182997,0.3102674353911577,0.322560161799988,0.4332590460875495,0.44766120740780874,0.45657595759485153
0,6,443,208|0|training,0,2,0.4676076977364964,0.7545357655311444,0.2929915670912709,0.501817172050082,0.4515463060393436,0.46554750224654473
0,6,444,209|0|training,0,1,0.44567278352925055,0.3737624596962625,0.4199432375584934,0.6031209526322576,0.6056180230000087,0.6069759105887491
0,6,445,210|0|training,0,2,0.3374136515052726,0.1877368426199234,0.19373182791790916,0.44650893325521107,0.39281653071247985,0.32032275949002803
0,6,446,211|0|training,0,2,0.40687305865207246,0.19652813969525249,0.19827025750024335,0.42238932679096486,0.3047653584953591,0.5156836480880702
0,6,447,212|0|training,0,3,0.421554417253225,0.16690890953307055,0.27066143159333234,0.31277348855760595,0.25700050628323584,0.2974730235833715
0,6,448,213|0|training,0,0,0.2916893730608667,0.07824537477210258,0.1480474904062875,0.3469414493804666,0.3329769412221297,0.1979953206826931
0,6,449,214|0|training,0,3,0.43377965698676474,0.1394135893016242,0.29949299852889094,0.4193507578185377,0.3538556325006099,0.3648357729392495
0,6,450,215|0|training,0,3,0.563053871538362,0.47564894466140756,0.6912086816140482,0.5701971365954468,0.530935933377033,0.6178241828842752
0,6,451,216|0|training,0,0,0.43401733062965436,0.2362159209978272,0.4130709351495416,0.5009795926243054,0.4768957810345324,0.44661599976051125
0,6,452,217|0|training,0,0,0.5602531537875683,0.8481228530231923,0.6846825276926728,0.5644883714961005,0.5885667292119258,0.5854054756438508
0,6,453,218|0|training,0,0,0.5271953732684241,0.34209995485827355,0.5243616135727529,0.42322110772580823,0.5115889928231161,0.5749489928171736
0,6,454,219|0|training,0,4,0.547830438616399,0.5924241646509948,0.26279390126240953,0.560073312712256,0.46637199647609734,0.5341533203693765
0,6,455,220|0|training,0,2,0.2758356288155591,0.12044860326669751,0.1506133073946428,0.31338384869018315,0.2302361671273539,0.19034072917097467
0,6,456,221|0|training,0,3,0.24455791816718453,0.1342097880237535,0.14538437982673594,0.2526404644669472,0.18095530159863488,0.1459694750823002
0,6,457,222|0|training,0,3,0.4679140192596531,0.8351895504086261,0.33495929910585964,0.5236929203502965,0.5137286317529327,0.48448656320502714
0,6,458,223|0|training,0,1,0.3962811577601336,0.08024728586004039,0.2066396879660812,0.33097342222301246,0.2719138216443839,0.16441105667801517
0,6,459,224|0|training,0,3,0.5699530098273682,0.7710135021673477,0.38860763424230743,0.3493144260820728,0.42897954587757686,0.39919061330460937
0,6,460,225|0|training,0,3,0.5161861862472,0.50735128640186,0.4367425704902129,0.4715169814212794,0.45680530218276916,0.5426730497356307
0,6,461,226|0|training,0,0,0.44237735013901724,0.11755791267379216,0.3175924213420036,0.48762556595150014,0.4633720056533178,0.4932903164609571
0,6,462,227|0|training,0,2,0.4235331662602013,0.6260724552789565,0.2832531539452922,0.47009704495724997,0.40790366582978593,0.43717238626428107
0,6,463,228|0|training,0,3,0.5958758410962485,0.8086896965319456,0.49626504281506095,0.5630830249889391,0.5826293579543405,0.5799199290886787
0,6,464,229|0|training,0,1,0.4898240056287163,0.4775993953024764,0.6019089841842606,0.4718970436248108,0.5696347168737256,0.580622590365207
0,6,465,230|0|training,0,2,0.4544237153849365,0.6219894595133751,0.2706882273235242,0.43985820566829775,0.4277191228096683,0.43740436790122345
0,6,466,231|0|training,0,1,0.5766265701090685,0.6888010798037324,0.6433516376347034,0.5766564913213303,0.5898360248566835,0.604842027569396
0,6,467,232|0|training,0,0,0.39874304032114627,0.27495726393676245,0.3679069911235263,0.4868022337276572,0.5022584402389537,0.5096179327204523
0,6,468,233|0|training,0,0,0.3414331590500414,0.0649919256171872,0.23675827088443838,0.3368244067329444,0.26293739191583154,0.3339352629824876
0,6,469,234|0|training,0,2,0.4989673993830392,0.3566527033372819,0.38416339421450263,0.5295497960577008,0.5486344960313291,0.6236333270099339
0,6,470,235|0|training,0,4,0.5139185496092114,0.5524800415572776,0.6868730403982097,0.5570540624338006,0.6087041709844785,0.6353210315386313
0,6,471,236|0|training,0,3,0.47626799719530793,0.3458495817154297,0.43591121689579226,0.41662362103574757,0.4890648290671963,0.4297562909012894
1,17,0,20|1|training,1,1,0.6305718621949463,0.6397355797176598,0.753882226342604,0.8239357176535711,0.8712883289933583,0.6011487978993203
1,17,1,21|1|training,1,4,0.6611739381013275,0.8400413533689303,0.6206812901089307,0.6774892690684287,0.7015985688009886,0.5700941618894324
1,17,2,22|1|training,1,3,0.6221402875566883,0.5900506356682177,0.6885735562344036,0.6441911709908521,0.6754829707141358,0.6774678675569079
1,17,3,35|1|training,1,4,0.45082730894526835,0.37718473779465406,0.3045170401318368,0.37756301884163873,0.30796710023323187,0.3812708903334581
1,17,4,38|1|training,1,4,0.6088991896879635,0.33273206506785513,0.491999860463781,0.7597712715576272,0.7939739882141794,0.4916346157611389
1,17,5,39|1|training,1,0,0.5238766150081579,0.5838771273826252,0.43777346893665303,0.44840765305690483,0.45046428162723673,0.5055106404326131
1,17,6,40|1|training,1,2,0.5000091756426172,0.6160935566128927,0.6550677303777562,0.5069212225399048,0.4706751417590431,0.5144887860303605
1,17,7,54|1|training,1,3,0.5626415104752174,0.48223066037696316,0.5280281862360913,0.47252391428866586,0.38308238037576153,0.47450135431068935
1,17,8,55|1|training,1,2,0.5694435505505376,0.8374273008894754,0.7367211853406255,0.4572459505841497,0.4379613173588806,0.6067996319558808
1,17,9,56|1|training,1,3,0.6057487019910798,0.7342994066035784,0.7017391856987014,0.5845990687198137,0.5779014265132714,0.6410525357191172
1,17,10,57|1|training,1,2,0.5912762316505676,0.8483990205022316,0.7838253944555736,0.607045036104856,0.6369648226991036,0.6351418741266575
1,17,11,58|1|training,1,1,0.5680685582395398,0.8037854812087861,0.6256924950476994,0.46050929543126073,0.5280604833506449,0.6500119190475215
1,17,12,59|1|training,1,3,0.6528325811116151,0.7081529023754528,0.7493863584475557,0.5459405355438809,0.5463607123936199,0.662966152615483
1,17,13,60|1|training,1,1,0.5593142806629956,0.8874382620764139,0.661972745229671,0.5310581513434597,0.60161136106532,0.6357760205792775
1,17,14,62|1|training,1,0,0.4856916605419024,0.5605895455380541,0.4904528749925438,0.5467201561610114,0.5174381798800188,0.5493880018338946
1,17,15,64|1|training,1,2,0.5688936121406457,0.5267999545297131,0.6598999084019737,0.5604019582411994,0.5918161655591665,0.6073537603692446
1,17,16,77|1|training,1,3,0.5124067155988404,0.45227473617654834,0.6658773973475275,0.49961492210717884,0.4964958602215715,0.4867555842404459
1,17,17,117|1|training,1,2,0.4810952368528956,0.12999736049330188,0.3158159439765435,0.4720869944948952,0.4205852207688475,0.39572781103396865
1,17,18,118|1|training,1,2,0.49796715791768636,0.2651602645418491,0.31791575769457203,0.5143550019363993,0.5030214249110397,0.42190730068160276
1,17,19,119|1|training,1,2,0.5838259753496015,0.8442803453441801,0.6322657682661175,0.4582792545653612,0.48538958281938305,0.6749811999554033
1,17,20,120|1|training,1,3,0.45345677650741617,0.49920467529091866,0.5016762913516085,0.5206076348953563,0.4297911595087212,0.5338652078113816
1,17,21,121|1|training,1,0,0.6010646642335528,0.7696520379035112,0.6193583996636073,0.4278510146641431,0.38916844589703864,0.5010351069391124
1,17,22,123|1|training,1,4,0.6722356857836549,0.8098564125843773,0.5708171977014154,0.5897621076100619,0.6906477474801046,0.6372829436203472
1,17,23,124|1|training,1,1,0.5572737265064032,0.4617939899021183,0.47369487091771423,0.5676881331017984,0.5725324238740327,0.5455607863479518
1,17,24,125|1|training,1,0,0.5659306400036463,0.6797238280365222,0.6430854264516416,0.5235041669304408,0.589616854005824,0.7316915684896408
1,17,25,126|1|training,1,1,0.5427646524696454,0.8411909814899042,0.6447349771039945,0.5028178906716517,0.4648964010495552,0.4833443491202273
1,17,26,128|1|training,1,2,0.560273108921547,0.6627475108133686,0.5733026882471561,0.5903452595175684,0.5575367751844152,0.6222436914093007
1,17,27,129|1|training,1,0,0.5146869700448611,0.5558360993100167,0.7521306656908027,0.5844292571647183,0.5798669618143003,0.6742603009623516
1,17,28,130|1|training,1,1,0.5707850183263594,0.901351989039283,0.770876760341484,0.603217114497801,0.6400945672861127,0.666395220285138
1,17,29,131|1|training,1,1,0.4780380362971998,0.16549666465125276,0.207791992669833,0.5104047709414018,0.5108246781346775,0.423609650749533
1,17,30,133|1|training,1,1,0.5380997364346473,0.7210663367069512,0.696504875396331,0.5412597911858584,0.5620411353537025,0.6083652516050545
1,17,31,134|1|training,1,1,0.5681626077652507,0.6940829654839534,0.6784428731920692,0.5338514748779553,0.5775578116148613,0.6676309862621547
1,17,32,135|1|training,1,1,0.5383854617993314,0.5610640575083508,0.6140202963715238,0.4790668911819511,0.4882914837109525,0.5577538374136023
1,17,33,136|1|training,1,3,0.5329423454540614,0.5948920945450978,0.680707018789401,0.541334600864898,0.5205434296892868,0.6431379600205185
1,17,34,143|1|training,1,1,0.67498108662606,0.898606683342114,0.7438982302769029,0.6206471141761928,0.7016717192439158,0.6390339020088366
1,17,35,145|1|training,1,4,0.5902575853600946,0.6995977763670994,0.5639825049559073,0.7151878342604785,0.7503821218716363,0.5011994005848489
1,17,36,155|1|training,1,0,0.4526608615994398,0.5053517595553855,0.7612803623725298,0.4936661305819423,0.46218506235763646,0.512530500928041
1,17,37,169|1|training,1,3,0.3759867149885261,0.2635678988900236,0.35354669727796306,0.4657644325370051,0.46124497864234626,0.5004977935503355
1,17,38,172|1|training,1,3,0.5442800216575144,0.5067379425587849,0.43725603594474427,0.45287079507279965,0.4247146033072492,0.527983036053054
1,17,39,173|1|training,1,4,0.49534163664038305,0.6170184637819295,0.4725506217222342,0.40554320001989463,0.4761366461907197,0.4643181882673706
1,17,40,174|1|training,1,3,0.5691329635784678,0.8234772068062318,0.7593187522872489,0.5131661619882405,0.5474170047943461,0.5738421404843251
1,17,41,177|1|training,1,3,0.5632559391591154,0.6964127069199877,0.6190792760101904,0.6323953329586136,0.6537467807950198,0.6322903878314239
1,17,42,179|1|training,1,4,0.7022330461042638,0.5390853113582204,0.794473568188237,0.768348501944292,0.7909774292392906,0.6000221193535621
1,17,43,200|1|training,1,1,0.3435266633412185,0.17242408495764536,0.23199099880450127,0.5852913897704461,0.6141578275730661,0.4249632262021499
1,17,44,201|1|training,1,3,0.5153734707249472,0.5817529872030793,0.4787265751441522,0.4540849380778113,0.4342122879504078,0.5328383430090613
1,17,45,202|1|training,1,4,0.4882521257776312,0.400838734439007,0.5019700271548897,0.5136482088523229,0.5260780735209106,0.587345032948987
1,17,46,299|1|training,1,3,0.40296479778807576,0.28839778133970395,0.5241645857617696,0.4381537323055936,0.3165850779475341,0.4510675765614274
1,17,47,300|1|training,1,0,0.46674369431340995,0.2059636446351937,0.5169202381604361,0.48986893934300174,0.4480952440323893,0.3018066186645539
1,17,48,301|1|training,1,3,0.5481052858759574,0.47040147138847266,0.5738716617612916,0.6979440682676545,0.741363829853711,0.5788877286291868
1,17,49,302|1|training,1,2,0.5788982844896587,0.4963215039490593,0.47446415762398286,0.6689314890516849,0.6948253404826125,0.5859377271207467
1,17,50,309|1|training,1,4,0.6058656099118301,0.7388299109518978,0.5319450518752397,0.590030329111087,0.5942338012173931,0.605777741873975
1,17,51,310|1|training,1,0,0.5385665021281615,0.8162370949764342,0.7505536495258247,0.5744588077107217,0.6428190168883351,0.6466754509454191
1,17,52,311|1|training,1,3,0.5566929486996869,0.5361204982686948,0.6784961058877151,0.6392130170180804,0.644535176031993,0.6007603053752467
1,17,53,312|1|training,1,2,0.6588146268951196,0.7471251488355763,0.6515085196434462,0.8127798251699474,0.8383407395963365,0.6726979338593669
1,17,54,313|1|training,1,1,0.6891033019943867,0.7893702181083342,0.6898609778545569,0.775615194819053,0.8015310572441202,0.5945608088815039
1,17,55,315|1|training,1,4,0.5577223519287823,0.46328230233390777,0.60993592839991,0.5879938959182759,0.5941154264695797,0.6540684028628578
1,17,56,318|1|training,1,3,0.720601899371351,0.7434764263219139,0.7542716130032574,0.7388623979446974,0.7199610391367179,0.741154688788934
1,17,57,320|1|training,1,2,0.5081638810705531,0.3802392957685971,0.40696764015026426,0.48978899744019927,0.47071759858795076,0.4286513224021274
1,17,58,321|1|training,1,1,0.5262643838391781,0.7557570518975497,0.5115649278046422,0.541186678364774,0.5011121671911705,0.5498220936245097
1,17,59,322|1|training,1,0,0.41875206098727713,0.20176141544965792,0.35747493125822877,0.46403453853848564,0.47607808760065295,0.4693404855971644
1,17,60,323|1|training,1,4,0.7057568777785874,0.7754035021499891,0.7342929504701714,0.6887389995427172,0.7406147940002391,0.7402427082297154
1,17,61,324|1|training,1,0,0.5675222302410974,0.5605286786616746,0.7021853180942926,0.6320650572795983,0.6233226813261528,0.5996333067604638
1,17,62,325|1|training,1,1,0.6233625969297425,0.4700033286801471,0.5305606327633873,0.7969508362996105,0.8189710582191667,0.6300004542840183
1,17,63,326|1|training,1,1,0.6947429693706846,0.8800674786174433,0.7034812607953015,0.6479718411383242,0.6748412169685684,0.6245677049072568
1,17,64,327|1|training,1,2,0.559232458145275,0.7709995474381159,0.6452231674170881,0.523696394805158,0.522384461264098,0.5642723529203133
1,17,65,328|1|training,1,4,0.5928224338907007,0.5161274632597643,0.4836780496815003,0.6040526470137728,0.5971427062531669,0.5591644278912271
1,17,66,352|1|training,1,0,0.4888415046338155,0.24626456463614707,0.5061264936251371,0.4424206564084952,0.41888906618708033,0.5530057922446573
1,17,67,353|1|training,1,2,0.5820626285593347,0.7310880936779599,0.6793654070702809,0.5709961753937892,0.5955673965637437,0.5750855806145975
1,17,68,359|1|training,1,3,0.5996496748096157,0.7190592984746207,0.6375920778741687,0.5411982050718346,0.549845369018372,0.5606656795939942
1,17,69,386|1|training,1,0,0.6380814758278458,0.622485982227691,0.748177469214616,0.6074486116081478,0.6457948510809102,0.7645141527691977
1,17,70,398|1|training,1,2,0.5953580321621093,0.7194496504658344,0.5781641194399663,0.6997443909704091,0.730297827328826,0.5829439441078541
1,17,71,421|1|training,1,2,0.605761543725589,0.8596952647548944,0.5462585962124502,0.5426350946065341,0.5378148504822831,0.6302237430128466
1,17,72,451|1|training,1,4,0.5905560563680313,0.6647039336143189,0.42314166587966473,0.61689570642986,0.6419898073263269,0.5929010819922144
1,17,73,454|1|training,1,4,0.6593610942083831,0.6173576776579419,0.7196596053175239,0.627829302014216,0.6578075128324663,0.6936000826558981
1,17,74,490|1|training,1,4,0.7234604840258008,0.39951240864713516,0.7598755847547956,0.817554308579266,0.8512593979219776,0.6270534652205385
1,17,75,531|1|training,1,1,0.740739543779311,0.8167297065906073,0.7792793818954671,0.7263238417491182,0.7601166837993506,0.7330149489062446
1,17,76,549|1|training,1,3,0.7432760098699068,0.8570423756347042,0.8115681866654895,0.7509100629825054,0.8172240387602939,0.7762688162995451
1,17,77,569|1|training,1,2,0.6184904259808346,0.7171497336860075,0.6762477261944159,0.5982071736606486,0.6723205444772742,0.6694362518980367
1,17,78,571|1|training,1,0,0.7624965650225547,0.8634169735533678,0.8701863952392777,0.830791732792133,0.855593625111181,0.7923792309466391
1,17,79,574|1|training,1,3,0.5861778273267115,0.445634570617323,0.5150417419470144,0.5578244321757307,0.5493987464256368,0.550259206978294
1,17,80,575|1|training,1,1,0.5788768542111425,0.5250344594201616,0.6936977423502371,0.5404047572706314,0.5557589430163111,0.6837383994223429
1,17,81,588|1|training,1,4,0.5227383261005216,0.37173479884736055,0.42478087427299155,0.42776674305566703,0.4007770393157517,0.4702014230499019
1,17,82,615|1|training,1,1,0.533181053461105,0.8858221061262445,0.6313717155377293,0.4711399546041158,0.442102199936787,0.5165513211758052
1,17,83,618|1|training,1,3,0.6707720660685953,0.6288018136074776,0.7338230555007781,0.7548536925437473,0.751462221297248,0.7290717611514561
1,17,84,624|1|training,1,4,0.4143661260812186,0.401490416937295,0.5114657806655061,0.47065993803599687,0.434858975260628,0.4595571003437335
1,17,85,638|1|training,1,3,0.531531391745839,0.7493474375462889,0.7272848577361137,0.5203661506354689,0.5159451703454795,0.5842913000684795
1,17,86,644|1|training,1,4,0.5321601116741642,0.7267810305459479,0.70768222707525,0.5564335228535784,0.5602482280449507,0.5857905761462028
1,17,87,659|1|training,1,4,0.6879967052000502,0.8449550943433689,0.7703264686353664,0.6134206661909642,0.6371696728570194,0.6813255558412388
1,17,88,681|1|training,1,1,0.5684510602145413,0.20197196941224604,0.3248326805726083,0.5783922338534444,0.6072225429206174,0.5238672312772994
1,17,89,706|1|training,1,2,0.47002868088443583,0.47847966705995787,0.45121004099948553,0.5531465763555262,0.514786471291343,0.6407516736679882
1,17,90,707|1|training,1,3,0.49147421679394854,0.4488743797200763,0.5849079794027285,0.5638000020281818,0.5458538380271796,0.5103881365930716
1,17,91,708|1|training,1,4,0.6046232803506548,0.8187203328812934,0.6417776901688672,0.5152322107018334,0.5163053215115799,0.7061323606664559
1,17,92,709|1|training,1,2,0.582555274838809,0.8328811374688686,0.6730357160582895,0.5347092699641964,0.5760835277080957,0.611243441261961
1,17,93,710|1|training,1,2,0.4813441891540089,0.7346142934815647,0.6644598375234543,0.5187594607548948,0.44881823426682765,0.554913303963128
1,17,94,711|1|training,1,3,0.520224503506398,0.5124819141573013,0.7658339700303368,0.4546520139752051,0.4902381807268978,0.5812597846465491
1,17,95,712|1|training,1,2,0.6080470053813891,0.6527127347864566,0.7113439986751597,0.5682495462276006,0.5088064714272652,0.7004815066294853
1,17,96,713|1|training,1,4,0.6834871580556292,0.811179668231303,0.8810668631058475,0.6825016960065216,0.6618458248639995,0.7945236890225055
1,17,97,714|1|training,1,0,0.4626940172244829,0.31583689678543186,0.4043186604927833,0.4375716759534593,0.3688494634386838,0.5266229088759645
1,17,98,715|1|training,1,3,0.5397254911857535,0.6060989725544451,0.6590132266143294,0.4432017895097078,0.41237552472730227,0.45887839734550345
1,17,99,716|1|training,1,3,0.5823254104504093,0.6940772631021489,0.5090981962972982,0.5465772755258471,0.5579674412759305,0.6347871617591057
1,17,100,717|1|training,1,0,0.594217207315059,0.8046640650763216,0.6389187421769201,0.5120760686527605,0.5177290899552337,0.6385013389105371
1,17,101,718|1|training,1,1,0.5457819224708176,0.5320358259595446,0.47940630425572817,0.48268917916664805,0.47178089859845246,0.54938266870043
1,17,102,719|1|training,1,3,0.4719618444901057,0.25142192316185114,0.33607623170263684,0.4608137763245534,0.3660109180077094,0.3425832920162567
1,17,103,720|1|training,1,3,0.4738360475557938,0.6647452932425306,0.5850628159661874,0.47066616771823494,0.432259753703908,0.5831205404109231
1,17,104,721|1|training,1,1,0.5655026848489361,0.6778247929405188,0.8124335380037941,0.6136055461448404,0.5791987565877968,0.6122770006231938
1,17,105,722|1|training,1,4,0.6739282322922069,0.7491851283016131,0.8011044125049857,0.5680615614142333,0.5143119098931846,0.7162380425081738
1,17,106,724|1|training,1,1,0.5898696993089451,0.857204812726526,0.8705747608436378,0.5631955104829917,0.5384009753743133,0.6602499607089901
1,17,107,725|1|training,1,1,0.5616576365104357,0.764753406329034,0.6286948880554872,0.5624850726784737,0.5922122501671597,0.5089848808521771
1,17,108,726|1|training,1,3,0.47488968709367974,0.40723910896172527,0.3860559258055024,0.5498577638547081,0.5452297351167052,0.4418292523118182
1,17,109,727|1|training,1,2,0.5670953274269669,0.5682338595523349,0.6442681871184315,0.5008572384230617,0.5626303867613845,0.5828988923646133
1,17,110,728|1|training,1,0,0.5161992894544626,0.653720746075654,0.6322996904822797,0.6018241426907996,0.6162960426280983,0.6902884336973488
1,17,111,729|1|training,1,3,0.5575195208679038,0.7633292362636753,0.566025351436603,0.4205379784990498,0.49086696403776414,0.5128363876252473
1,17,112,733|1|training,1,1,0.6526259187300318,0.8568479938151305,0.786106069417793,0.806534982562864,0.8426137519188398,0.7111885773916854
1,17,113,734|1|training,1,3,0.6628262544815811,0.5789521189765904,0.6304417666296708,0.6058648280974923,0.671579836076363,0.6284069855631316
1,17,114,824|1|training,1,1,0.6162556681989131,0.8786511974808896,0.6801273885057688,0.713033727108479,0.7264117807780024,0.6600234053312696
1,17,115,838|1|training,1,1,0.6730038385518038,0.8820165803361463,0.6400509612251128,0.7054868779098916,0.7375009858507189,0.6848984495264997
1,17,116,893|1|training,1,4,0.6146252932457251,0.6159787387048337,0.6650421555142396,0.5282503614892267,0.5012165815444688,0.6030227258437499
1,17,117,981|1|training,1,0,0.8189331634485115,0.863149461241835,0.8853654833786072,0.8937642057985287,0.9157144017279071,0.8041927720996375
1,17,118,982|1|training,1,2,0.5387539709104355,0.3553899353539796,0.5250212022702849,0.732957041689526,0.7559766193660027,0.49430040621110966
1,17,119,995|1|training,1,2,0.6825505682586839,0.8621473043781216,0.7608281609446,0.6134709802232273,0.6936229989890209,0.6611086127546367
1,17,120,1054|1|training,1,4,0.5948831291963762,0.8013951186797399,0.7451936343361141,0.5501131185167213,0.6003133954740306,0.5885427514477092
1,17,121,1095|1|training,1,0,0.5312574288209165,0.7924295848877317,0.693624362560214,0.5424130191163767,0.6042079532332841,0.6396231877885726
1,17,122,1100|1|training,1,3,0.433776679729653,0.3044887112587933,0.33065384047097285,0.42820556981904934,0.42714717695977594,0.3673255822691475
1,17,123,1115|1|training,1,2,0.7325964367887563,0.8351446324025732,0.8565435136524469,0.5486064650619393,0.6644560865328103,0.7446466407603339
1,17,124,1116|1|training,1,4,0.6627067905033999,0.5389101365174427,0.47112126198756393,0.6830628327566169,0.6793506323378831,0.6357750201445538
1,17,125,1126|1|training,1,4,0.6322103763823518,0.44341983741509083,0.6607047309199096,0.7079779154300913,0.750331107336128,0.5315473423486277
1,17,126,1127|1|training,1,1,0.5011704342814094,0.8962714204170461,0.7736058468718656,0.5086325750685912,0.45100715834134675,0.5207546402621328
1,17,127,1139|1|training,1,2,0.6626289437062339,0.6729016522120045,0.5651876165770106,0.6367251040796372,0.6470501699147007,0.5919611504363987
1,17,128,1151|1|training,1,2,0.5573543118429545,0.3658654613809891,0.5413469553940723,0.5759788359578945,0.6359902617066603,0.6741208296525325
1,17,129,1152|1|training,1,2,0.7351688117658084,0.7730590436423166,0.8095630498077646,0.8468607205257379,0.8731026571399193,0.7181515818455879
1,17,130,1153|1|training,1,2,0.45529388004328386,0.8607951057848541,0.6394207101085662,0.49620496104912737,0.47251534109784404,0.5414354557659109
1,17,131,1180|1|training,1,1,0.7392123930345197,0.8872277992114238,0.8268172573326059,0.7805632095006482,0.8253382892415501,0.7457766854630072
1,17,132,1233|1|training,1,3,0.4278377221385325,0.37588843417563816,0.6222339249983286,0.4529224768425822,0.4202089950634977,0.38468216409932493
1,17,133,1234|1|training,1,2,0.6482604427938834,0.8470897602327403,0.7580978286958268,0.5485476859093545,0.5831620029791347,0.6350708582784416
1,17,134,1235|1|training,1,3,0.5327282929263559,0.4930944360737727,0.6721124741836642,0.5129146818489195,0.5586654305318722,0.6465655621718721
1,17,135,1236|1|training,1,3,0.49877948126307065,0.3229691565641062,0.261406481899515,0.4399773480252119,0.5142942109020079,0.48889302662326367
1,17,136,1238|1|training,1,0,0.6011059084443876,0.6985839232952179,0.6086525368919933,0.5829460745078033,0.6361504412466257,0.5075854643017403
1,17,137,1245|1|training,1,1,0.800552279935853,0.875864818963915,0.761838869766018,0.8042645578053716,0.8272771678983281,0.7984086511080811
1,17,138,1247|1|training,1,3,0.6255493769489705,0.6699633932432406,0.5843626426641073,0.6963484544600774,0.7154123754876957,0.5840392069140493
1,17,139,1256|1|training,1,2,0.6077173713372391,0.8655226445874908,0.7564692348348308,0.5200940638586358,0.591165679374905,0.7038598394387032
1,17,140,1258|1|training,1,1,0.5148635067048126,0.8432882064156103,0.6575626994396129,0.5090026150731128,0.49006245801346104,0.5792486606709834
1,17,141,1260|1|training,1,0,0.564368385687476,0.6182317991620638,0.5461937775023,0.5716335605861292,0.5512554439843806,0.5888022933550922
1,17,142,1276|1|training,1,2,0.669944745912602,0.4150033109349689,0.4290389992478631,0.6056012717171818,0.6013071489746629,0.6148402614667918
1,17,143,1277|1|training,1,2,0.5233467842316872,0.7781401867435253,0.49212722346472665,0.5343610768520889,0.4850491992679507,0.5805807925294574
1,17,144,1279|1|training,1,4,0.45013351997588663,0.521486055055748,0.44794163059834613,0.5642884569056342,0.5599289060713666,0.4915942285006359
1,17,145,1280|1|training,1,4,0.5000442950762201,0.4319796892356028,0.577120713436945,0.5106491388819276,0.46350662108524887,0.5007495611388839
1,17,146,1281|1|training,1,0,0.5820067355746471,0.7940465354481735,0.7615507571575233,0.4926568390258546,0.5365642182356638,0.6398776247392858
1,17,147,1289|1|training,1,0,0.6410443553636886,0.6311809211643147,0.5450838669683256,0.6936545784470554,0.7236693087522756,0.6389048469207895
1,17,148,1303|1|training,1,1,0.5208468351568685,0.6251168437983177,0.5634529070516295,0.4516302434245612,0.4274307127507219,0.6030490713039406
1,17,149,1305|1|training,1,0,0.5163460364267669,0.29336243278534163,0.5913796764179894,0.5399080819482438,0.5873029910821499,0.5568421174755018
1,17,150,1307|1|training,1,0,0.46762516109016533,0.6257995604102335,0.3247373852199062,0.5327347177367285,0.4711967729845067,0.49767880881250853
1,17,151,1309|1|training,1,1,0.4416322077845574,0.2345684305248692,0.5006992000147924,0.5570387549994387,0.5155497045174818,0.515987086044603
1,17,152,1320|1|training,1,4,0.6089703806195171,0.7221777655215313,0.5091888026509045,0.6237802406355284,0.6235587269266606,0.5715948668238338
1,17,153,1322|1|training,1,0,0.7082327304016675,0.8694809049342791,0.7337300894381762,0.6477454935979109,0.6727726753905758,0.7370892196259162
1,17,154,1324|1|training,1,4,0.5614923941543091,0.6514768988343872,0.48733706644617025,0.5156177973427827,0.45556372824350005,0.6412913717162841
1,17,155,1326|1|training,1,4,0.49916024132450953,0.5903396808783418,0.5403809509901769,0.49424171842618614,0.5049684260952548,0.527854624808582
1,17,156,1328|1|training,1,0,0.5444485042815937,0.6248291960414055,0.2869631212043076,0.4908595416164674,0.43596381056059763,0.53637654949019
1,17,157,1330|1|training,1,0,0.5804162594155697,0.652518105377394,0.6196676036123592,0.5491848021334984,0.5122194288116406,0.6974164782124208
1,17,158,1332|1|training,1,1,0.6889913846461201,0.8980195053661868,0.7654073630289673,0.6356520491277701,0.6491825817668445,0.7385012466327208
1,17,159,1334|1|training,1,2,0.5783583935558321,0.5821493752581313,0.3759944880154935,0.6259368894736328,0.5790867259665696,0.5885575931769386
1,17,160,1336|1|training,1,4,0.7319738644142658,0.6025908194692938,0.7681030901116708,0.5784706654523989,0.6007265374372084,0.5617512829064556
1,17,161,1338|1|training,1,1,0.6992501805578408,0.675071227065525,0.5860824542845793,0.49494515898244906,0.49690681212223003,0.5774547000847787
1,17,162,1340|1|training,1,4,0.6235043916728066,0.770477358609582,0.7322550567731253,0.7189303320795143,0.7461788148381598,0.6622032376054525
1,17,163,1342|1|training,1,2,0.6713582129965038,0.5175565455268142,0.7676028129818633,0.6763219197378801,0.7030636924428179,0.6749918673554419
1,17,164,1344|1|training,1,1,0.7555940996961309,0.8468771530436978,0.7314756737562316,0.7057720521969697,0.7176378622449369,0.7148286148854254
1,17,165,1346|1|training,1,2,0.5862423099878707,0.7765127115715733,0.46095948707198786,0.6159498408929736,0.6246974879613368,0.6681348660777162
1,17,166,1348|1|training,1,0,0.6323371822678234,0.7677912594893681,0.7509970907545073,0.6759966670163453,0.7001268365087328,0.7426301561943508
1,17,167,1350|1|training,1,3,0.5619061031115896,0.34365580731690126,0.49635374901801593,0.5886664881018758,0.6050024773960252,0.6228051495864765
1,17,168,1352|1|training,1,0,0.6399622970437555,0.8313154238958992,0.6666866093130107,0.501643606695403,0.5436484749283044,0.6795502964034087
1,17,169,1354|1|training,1,0,0.6381898962949057,0.7585618999619101,0.6182364077812214,0.6375854210695416,0.7059188001023495,0.6541188772843268
1,17,170,1356|1|training,1,2,0.5529374763541277,0.7543625915536812,0.7009742059879515,0.5809302813061407,0.6034236336614361,0.6938147953336827
1,17,171,1357|1|training,1,2,0.5802898357470535,0.8321447632816531,0.81724910711453,0.5764681822448736,0.5792492711183276,0.6815278675782575
1,17,172,1359|1|training,1,4,0.6085017878194862,0.7940531335167959,0.5416317114274116,0.5868343973051907,0.6331116811878227,0.7222156818823812
1,17,173,1361|1|training,1,4,0.45695841340449506,0.6543940603804194,0.3493952204963134,0.4001320005000579,0.3449736128693798,0.44913185355432295
1,17,174,1363|1|training,1,3,0.5193492846936519,0.5187739598835513,0.31560212218334444,0.485640866379035,0.46448153480551174,0.5160689978512789
1,17,175,1378|1|training,1,4,0.5534851733471945,0.569196320946925,0.7568817773714577,0.6111201519863517,0.6290162465357995,0.6839786417006735
1,17,176,1413|1|training,1,0,0.5595285874984173,0.7812704408073133,0.6766215970680142,0.5838344852366795,0.5860233968325889,0.5395266518180407
1,17,177,1550|1|training,1,0,0.5117723900692869,0.8172824771591725,0.5852602267176076,0.45598873571810083,0.46104805702598395,0.578833060772432
1,17,178,1552|1|training,1,2,0.6259322261998318,0.8424093344785056,0.5603068319692808,0.6189655809144382,0.6700995611882713,0.6870029851812185
1,17,179,1553|1|training,1,0,0.6836994528250043,0.6584169735627629,0.752633280905919,0.6671092794874177,0.6514869013477891,0.7857833139119199
1,17,180,1556|1|training,1,1,0.5701886032978105,0.6966984353452839,0.716067030162448,0.49766821611201206,0.47375140964633866,0.4687877441562989
1,17,181,1560|1|training,1,4,0.4661015359034776,0.5018958825290863,0.4302537387584341,0.5639113638721793,0.5952711995865246,0.46778063307634477
1,17,182,1563|1|training,1,4,0.5132033357088676,0.7050600404416761,0.5058686611726538,0.5490251563439695,0.5556963343833898,0.5828142512810562
1,17,183,1564|1|training,1,4,0.6963837926073393,0.5436946866655277,0.4642215344601045,0.8324305029394192,0.8583844127919592,0.6413634551409513
1,17,184,1571|1|training,1,2,0.7875452211036698,0.8256297038028227,0.7711917601054985,0.792098587412808,0.8058306584269768,0.7207518575433322
1,17,185,1580|1|training,1,4,0.3942892744978728,0.10547194156350158,0.23762584108042298,0.4655846380785138,0.3681364064821895,0.23219486265587333
1,17,186,1582|1|training,1,1,0.5192641436944232,0.7022579045681338,0.5241230138426004,0.5538392401065003,0.5293386147074127,0.5678347729767779
1,17,187,1583|1|training,1,0,0.5276725725560493,0.83533347438565,0.8045531285368724,0.5244121798918614,0.5654209182156104,0.6014118596375254
1,17,188,1594|1|training,1,4,0.5575066523759081,0.7478819813180124,0.622615311171888,0.5572668665897672,0.5233083799531935,0.49930232076634035
1,17,189,1629|1|training,1,2,0.7308310931296195,0.7483816014315257,0.6918967078803313,0.856177844591427,0.8841171263483709,0.6932937048166883
1,17,190,1639|1|training,1,4,0.49088812559252,0.3304907338361101,0.47511203710257705,0.5012980867847727,0.5251246384931322,0.5671052121573191
1,17,191,1641|1|training,1,3,0.6009016290256355,0.818618665481345,0.7933034444376026,0.6433101229586821,0.6726438160179381,0.7318867065189846
1,17,192,1646|1|training,1,0,0.3998159051069092,0.20455879129985935,0.25610222794934845,0.4548422177063741,0.4545579631209817,0.36022331178651484
1,17,193,1647|1|training,1,4,0.5402138798199535,0.5642695904755681,0.5338276106995374,0.4741043979681814,0.4918713505066664,0.5612792644444388
1,17,194,1655|1|training,1,1,0.6510718778377558,0.8369875869225337,0.6199827008248505,0.4904512983430745,0.48293058783529913,0.5571213904571253
1,17,195,1656|1|training,1,1,0.5394714795991592,0.37476038425684693,0.6795912189817304,0.4313089417713177,0.39133449637675244,0.4690847094338648
1,17,196,1660|1|training,1,1,0.7470648499201464,0.8534071969179888,0.6132837290881478,0.832936696768551,0.8586822969566101,0.6927734001113499
1,17,197,1662|1|training,1,1,0.5114919484667553,0.3999311828211176,0.7110589897238145,0.6349984645981392,0.5995568099606577,0.6543703959902211
1,17,198,1663|1|training,1,0,0.5682197784911706,0.8316824847366352,0.774045753266929,0.5182228761889571,0.5087170655175381,0.5630680720048205
1,17,199,1671|1|training,1,1,0.7114790432074254,0.8819059567142906,0.7399217919422149,0.7593908070495716,0.8077205930991419,0.7371716550594374
1,17,200,1674|1|training,1,2,0.5833820322196149,0.6785320561388839,0.5141381107182823,0.6524026157121025,0.6903163181387901,0.5932284954708245
1,17,201,1675|1|training,1,2,0.6283041689115264,0.47391742178835117,0.6999764221717011,0.7155443051278202,0.7772684161153128,0.7136886366300085
1,17,202,1680|1|training,1,3,0.6317806684772916,0.7969098345650223,0.8408078304932195,0.614523625212872,0.6846839834205306,0.7467033141925339
1,17,203,1728|1|training,1,0,0.6148591482584019,0.5632372400637405,0.4555140913988962,0.5879127659740535,0.6068871675915272,0.6184015070106088
1,17,204,1729|1|training,1,0,0.5814752787267713,0.8374724109132778,0.6687126014753041,0.5206893734640232,0.5720432967187759,0.6741404292202888
1,17,205,1741|1|training,1,4,0.6331764049399706,0.7480912607832856,0.5863031676748715,0.6093008859471396,0.5821192718901698,0.5465916179567125
1,17,206,1753|1|training,1,2,0.4632267932522551,0.7818980334865886,0.41532045136973045,0.5973879659427476,0.618159531538979,0.6234267632180418
1,17,207,1756|1|training,1,1,0.5001675232812073,0.776419951833118,0.7173770099938884,0.4833851423966713,0.5291363475005328,0.6065639396456537
1,17,208,1759|1|training,1,0,0.39428470997050347,0.24781198327002293,0.4182822847118241,0.4836388380756754,0.4702440234763334,0.4567527954657549
1,17,209,1770|1|training,1,3,0.5264035083945265,0.5487221970827701,0.695327091225737,0.5621671460659273,0.5797272691168102,0.6656769567432823
1,17,210,1771|1|training,1,4,0.6291800201897276,0.48610820244192215,0.7833238411588008,0.7027234826607077,0.7302190488358143,0.6035507948918809
1,17,211,1772|1|training,1,0,0.5813551322459539,0.5192405478714343,0.5759478153341995,0.5878206194330495,0.616835291872629,0.48074315543531726
1,17,212,1793|1|training,1,3,0.6446302062539965,0.6338953888247004,0.6232608431363353,0.5727707215022962,0.548837681727584,0.6793129310165623
1,17,213,1794|1|training,1,4,0.6629107036431228,0.5884173006146474,0.7477742505737066,0.5477092104631425,0.5315073447990201,0.5335737950990335
1,17,214,1795|1|training,1,3,0.42437176705331575,0.3553790207925358,0.3275150231847216,0.48870793371390236,0.4312639169860644,0.5420828096683911
1,17,215,1802|1|training,1,0,0.5350419084637127,0.6523544535973536,0.7234026597858725,0.5221278249659961,0.5529932647099242,0.46075106697054485
1,17,216,1833|1|training,1,1,0.5148084402912735,0.24842897124856683,0.5344922591413185,0.5422768901799951,0.5436401658281317,0.5235498015617592
1,17,217,1855|1|training,1,2,0.5465433735193965,0.5979203323836061,0.5655358743286748,0.4682057447956154,0.4586227254088105,0.45721342974382756
1,17,218,1860|1|training,1,0,0.5681762381118558,0.6935565536023077,0.628729281823831,0.5151140054052156,0.5323165061285401,0.540789022385786
1,17,219,1875|1|training,1,3,0.627131525712911,0.7722237721171397,0.8168962936287811,0.6365596222805433,0.6603357233819465,0.7396246486874972
1,17,220,1876|1|training,1,0,0.5447079796069272,0.5158339075863587,0.4167720144914164,0.46457180231707085,0.4979800449078661,0.4294779243835355
1,17,221,1877|1|training,1,0,0.47003432482385227,0.3380050250799709,0.6385591490956125,0.6829263954467667,0.6628437970993262,0.5975635632273258
1,17,222,1878|1|training,1,2,0.6374321455692772,0.8727428635092498,0.8276034152314867,0.6531112773112412,0.771367390531186,0.5926816878861074
1,17,223,1879|1|training,1,0,0.5953555093483036,0.7660729440516068,0.6885220336395026,0.6790674273360702,0.6073970834512653,0.6793647183015393
1,17,224,1880|1|training,1,3,0.6279840068856888,0.6129794357872169,0.7638603377593898,0.6913715875229387,0.8031985549632616,0.7000032955387238
1,17,225,1881|1|training,1,4,0.5339330272743256,0.49465717441928353,0.5872149358640765,0.5610439344310899,0.5597847682478482,0.5357837448864721
1,17,226,1882|1|training,1,0,0.5655179746248612,0.29529537240844816,0.5466130806133469,0.717890246239065,0.7427348733714638,0.4918305293533169
1,17,227,2003|1|training,1,1,0.45851426965778175,0.5608888426951496,0.4904375707439694,0.4325564677955523,0.5640848318206507,0.5413510548129423
1,17,228,2022|1|training,1,0,0.5291487824078436,0.7131658302134245,0.35766900633487997,0.5432657274809517,0.5566867133418028,0.6337347514262942
1,17,229,2032|1|training,1,0,0.5470333285380997,0.8627534549953322,0.7022456064081338,0.46953028980841405,0.4516488057207191,0.592607185931716
1,17,230,2038|1|training,1,3,0.4892357528431881,0.5924054888424287,0.6049280735019419,0.4940093531165645,0.5384913326980578,0.6038464669718554
1,17,231,2039|1|training,1,1,0.48898717352097437,0.17059926119185842,0.3788886914575577,0.4760494947922105,0.5652920559527589,0.5079426137142482
1,17,232,2050|1|training,1,3,0.5823646741997245,0.6331296266358831,0.5296209891810778,0.5079416736588339,0.5332754454827907,0.5922905150565067
1,17,233,2057|1|training,1,2,0.48779400794490096,0.23730956091984987,0.3216790173314796,0.5300463358170714,0.5197543604188578,0.4011214421918936
1,17,234,2060|1|training,1,3,0.5943111559177754,0.6060829553077388,0.5883646282085013,0.5964428319065402,0.5998274638064333,0.6017785320790047
1,17,235,2071|1|training,1,2,0.5320768198441568,0.4638770087346567,0.3401582852768421,0.48335733964830985,0.4793016817992053,0.38211770288600755
1,17,236,1|0|training,0,3,0.3388496266319425,0.25999438020677534,0.4122160265437949,0.34143429672224573,0.239902894687235,0.22055992197860283
1,17,237,2|0|training,0,3,0.45787687427137186,0.5314631890270501,0.4448103160118638,0.4870237403615448,0.4715317589750486,0.47087549982511595
1,17,238,3|0|training,0,2,0.5732450419465135,0.3643423424417028,0.4362560837054367,0.38222437483869187,0.34976801053184997,0.43975496940540265
1,17,239,4|0|training,0,3,0.4759480834664151,0.40077714925894037,0.4447502257888648,0.48005768050118586,0.4498830951981879,0.3863377086772284
1,17,240,5|0|training,0,2,0.4646395391871121,0.2611149681880591,0.5100166129933216,0.5272682019334499,0.5774242535653681,0.5874096533564973
1,17,241,6|0|training,0,0,0.36558168969499316,0.5242515289636381,0.23119543544245713,0.2005396421836193,0.17505848157473142,0.44846214791583244
1,17,242,7|0|training,0,3,0.2931884073517098,0.2750676371374596,0.4944506255805285,0.44649332853936574,0.4518800619371397,0.4380106450666052
1,17,243,8|0|training,0,1,0.3364067846078,0.08725873540201134,0.197493603521347,0.43644412105479197,0.39478715127484426,0.2533770294537311
1,17,244,9|0|training,0,0,0.4326316848501104,0.5067947112039832,0.4387189934825924,0.4754309546390688,0.4164034126758848,0.3988645989884089
1,17,245,10|0|training,0,4,0.34737870550093736,0.36457435901552415,0.44407938225174787,0.12623684705168767,0.10981501842943701,0.281972587910367
1,17,246,11|0|training,0,2,0.5158131863764233,0.8018420646726876,0.5736885662373804,0.46149291853124697,0.4271261580057058,0.4875681271751059
1,17,247,12|0|training,0,3,0.6915358528913814,0.6368120297575571,0.7209308071942985,0.5913872218609022,0.5623635757175178,0.587153921353862
1,17,248,13|0|training,0,3,0.5207350386197387,0.6219158033303345,0.509432467592662,0.38042619012927587,0.36279187177419064,0.5300578327948274
1,17,249,14|0|training,0,0,0.5656922304660527,0.530365074473444,0.43098065657128243,0.5158284718953287,0.48538416636865367,0.5424125812110713
1,17,250,15|0|training,0,2,0.4612379945099067,0.5044073855912172,0.4098675557195989,0.41047312914494394,0.3626612649309869,0.409868418533108
1,17,251,16|0|training,0,0,0.29812155171148275,0.12704150552836313,0.1035640863965841,0.1963304033104928,0.12360997205786274,0.1781639886145608
1,17,252,17|0|training,0,2,0.3880657149935753,0.5673755335428444,0.29366824172656864,0.3800759763019831,0.34402754955671017,0.3662678930010664
1,17,253,18|0|training,0,4,0.3826893023427562,0.3074460323639831,0.26128079350835476,0.21618264943923937,0.17922699676191564,0.3006144347698844
1,17,254,19|0|training,0,1,0.4804812613427558,0.38026511384137623,0.31449822113374065,0.41999133207943856,0.3686017691845667,0.3834107808605694
1,17,255,20|0|training,0,3,0.3782553862408257,0.32532003247696706,0.24479202793063318,0.4130800168019814,0.3712241178054394,0.30737972497323246
1,17,256,21|0|training,0,3,0.3487660323358623,0.18034400313347365,0.13997180809030726,0.43849222570640517,0.40864234995695736,0.25593425852626894
1,17,257,22|0|training,0,1,0.5183234551184551,0.8582943147308307,0.8420856349981958,0.5276416583618199,0.5216446572200755,0.5171713320051899
1,17,258,23|0|training,0,0,0.2932623840399832,0.1535890076070562,0.21369061814897838,0.34526031745091773,0.2788269087859739,0.2708094099541272
1,17,259,24|0|training,0,1,0.5204897978608208,0.29853992559670106,0.5041565147320888,0.493682579661649,0.4382917426247211,0.36850954101838174
1,17,260,25|0|training,0,1,0.29029170025876583,0.08726511916694767,0.16642331240276023,0.20989899454603658,0.13541870040071086,0.22593759839639624
1,17,261,26|0|training,0,3,0.23247880108078883,0.14164396049283273,0.05681980874421185,0.16474317861198737,0.09380603201331199,0.09274228278698211
1,17,262,27|0|training,0,0,0.5049860965289865,0.323700729259343,0.4304323021833113,0.44714866474778503,0.4107259560110575,0.3859699036417381
1,17,263,28|0|training,0,3,0.38276354384548034,0.352420784358284,0.27548613256219073,0.3170270949303581,0.2616790232552048,0.2519608410334539
1,17,264,29|0|training,0,1,0.2739958720571326,0.06355379819856771,0.062090803533349094,0.20882520722653594,0.16986644595896788,0.1647153088763387
1,17,265,30|0|training,0,1,0.26375096649978075,0.13808350676939898,0.3543500437658687,0.21680084059985158,0.15535239813005097,0.2655623047540546
1,17,266,31|0|training,0,1,0.23871578139107258,0.08226149592797423,0.10512059526830109,0.17603285066568977,0.14852744532739148,0.15991740514164932
1,17,267,32|0|training,0,3,0.40565763948379996,0.25644678563430623,0.27514352700467204,0.149209453624547,0.11542377862759674,0.3170735543287741
1,17,268,33|0|training,0,2,0.3002179684429176,0.1910623085646069,0.3542091492426956,0.17788823037597323,0.12424850893114518,0.27123705606644166
1,17,269,34|0|training,0,4,0.5275747895148348,0.5792058713020736,0.4224005093558983,0.5029086377182893,0.4894615583834132,0.5171505665642441
1,17,270,35|0|training,0,3,0.5189198798437321,0.7979304103486974,0.4042014463541115,0.438094028733991,0.4131766048143678,0.5489284262708678
1,17,271,36|0|training,0,1,0.38166861889340015,0.2351477307188065,0.34487620838139343,0.24039006013163738,0.2033410008211671,0.3164373599452243
1,17,272,37|0|training,0,0,0.34635217566801724,0.2223376268868303,0.2604555572972584,0.2449047111772219,0.20765567735949747,0.30497354074668503
1,17,273,38|0|training,0,4,0.39477230232360233,0.2630756375920122,0.3088369768355498,0.4289312211727249,0.43749131816920733,0.35645285688197315
1,17,274,39|0|training,0,0,0.5157914783967278,0.4577810316434148,0.42794857677835124,0.5303768444655598,0.5151735150160708,0.5705753591953541
1,17,275,40|0|training,0,1,0.5371630287541245,0.8406000396506831,0.559182002778167,0.5498981985826716,0.5061032343375165,0.5309380910029425
1,17,276,41|0|training,0,0,0.35470756073634885,0.3818163076878447,0.2564489086131423,0.37935415116449134,0.33346790477187593,0.26980932676991337
1,17,277,42|0|training,0,4,0.48326098984245247,0.4846893932246513,0.4146829465708525,0.4850326817676801,0.47982488659269906,0.4652417095758864
1,17,278,43|0|training,0,2,0.42339877625618444,0.16969621517467368,0.32072200667733164,0.46386327295346713,0.4475643435641042,0.3962744245437878
1,17,279,44|0|training,0,2,0.4468995028842214,0.3575423167467319,0.3298728744828118,0.49492425626280623,0.46819476929021486,0.5155276919303203
1,17,280,45|0|training,0,4,0.4799423773033921,0.6651578725846897,0.4346013460270364,0.4906752358295629,0.45012645674641777,0.4052182876961828
1,17,281,46|0|training,0,3,0.4620367764408004,0.37773849818187444,0.3330634485108801,0.4657380487805259,0.4336243593161497,0.5140649198672863
1,17,282,47|0|training,0,4,0.46450924907230945,0.4190044234158949,0.49990644896685665,0.5395894120716408,0.5238407306978946,0.4612634417233022
1,17,283,48|0|training,0,4,0.6298604840261759,0.8466360272944449,0.8198846499284315,0.5453592857073712,0.5584225379377721,0.7615159811318412
1,17,284,49|0|training,0,3,0.568262754324507,0.4353257184830956,0.44097529122509327,0.4129885956239232,0.35718532249801105,0.48576986503060676
1,17,285,50|0|training,0,0,0.5756510275566238,0.7296707415889429,0.6766318173507172,0.42621748050935876,0.36987347279031413,0.3967148795671848
1,17,286,51|0|training,0,2,0.3273999213934862,0.1543840109551469,0.24540078763695328,0.26058569385243924,0.25355980288093427,0.3193094546741982
1,17,287,52|0|training,0,2,0.48632429401754873,0.7896514296913323,0.649279191927112,0.45560068155327,0.44549040023679104,0.4979526549945172
1,17,288,53|0|training,0,3,0.5711223099126357,0.6349829219854548,0.4866107414250841,0.5837152398751645,0.5809169303085127,0.6992359353245707
1,17,289,54|0|training,0,3,0.37657212413821745,0.4850526136569609,0.4151077740304071,0.2715727250548111,0.20833454872352133,0.4040469051611793
1,17,290,55|0|training,0,2,0.4633221769536567,0.27275709317113034,0.5850633826814736,0.3916154395959997,0.34761387142800565,0.5405851610597462
1,17,291,56|0|training,0,3,0.5558221613217569,0.5996796274456474,0.8247024752683422,0.5293184775247238,0.4945459087021148,0.6333129456214579
1,17,292,57|0|training,0,4,0.3975333141589989,0.3786150323482559,0.5151338544221645,0.4092965238830315,0.391155204144573,0.3738425708430917
1,17,293,58|0|training,0,1,0.4712400600350124,0.5854529966946371,0.6997784853252187,0.4921757486721953,0.5002083953942611,0.5289323871222668
1,17,294,59|0|training,0,4,0.15079669193024703,0.06479422972417531,0.07744151702936364,0.11226534970517453,0.06915996227738068,0.0533758533959429
1,17,295,60|0|training,0,4,0.5638639777209401,0.43159640180687836,0.7357910012520771,0.6208144337443274,0.6538438581258449,0.6231523148681368
1,17,296,61|0|training,0,3,0.13667460581300778,0.11919657124680612,0.0458571639172625,0.11799607359835684,0.08666309331052915,0.042817614456854454
1,17,297,62|0|training,0,1,0.4447417792616779,0.8179087461764497,0.6138790412321818,0.4445591104327984,0.44782121348527165,0.520488626171232
1,17,298,63|0|training,0,4,0.19023454842828286,0.30256116894260743,0.12045387439158795,0.23133309375147626,0.2123872020421512,0.15421904415336296
1,17,299,64|0|training,0,2,0.5012595266015959,0.6776571539619406,0.3616096906067573,0.5302027979133127,0.48642598748772364,0.40827426768824765
1,17,300,65|0|training,0,1,0.47179429256168254,0.280674978181594,0.4756287080144224,0.4512290026566883,0.43879183991439574,0.4784941926448633
1,17,301,66|0|training,0,0,0.37353498875414504,0.46963972993172476,0.35617828891932823,0.4409173336941247,0.3795369249564056,0.4619373538775733
1,17,302,67|0|training,0,1,0.3782743640319937,0.07687235517240047,0.21682583864003854,0.35909769632308336,0.3977075728814058,0.25498886476098065
1,17,303,68|0|training,0,2,0.2697645497552021,0.25533936868138823,0.2608028348411442,0.3288540497973869,0.2852519127760397,0.253478325774256
1,17,304,69|0|training,0,0,0.30761539773106983,0.1692648199483203,0.22740165178700028,0.39818842967519225,0.34236891484132104,0.44511646473590644
1,17,305,70|0|training,0,2,0.24774286774321716,0.0874174102804649,0.08892291152235146,0.17082546872997198,0.10061042238333696,0.1306907821574958
1,17,306,71|0|training,0,3,0.264503035004176,0.30232745205364103,0.11040870440416801,0.1240446051416729,0.08965694859947743,0.1561274998593829
1,17,307,72|0|training,0,1,0.4591264205607971,0.28567162851666283,0.4551020781992955,0.4082569248752142,0.45137994751362814,0.4517116169565362
1,17,308,73|0|training,0,4,0.40466204455422317,0.41214119358923346,0.5082262031134437,0.4948101808930797,0.4831561249994483,0.5835607763877934
1,17,309,74|0|training,0,4,0.500645699075539,0.618406535846792,0.6374403588150989,0.3787018073496197,0.3955546373240847,0.45574475381250557
1,17,310,75|0|training,0,1,0.4018088726200766,0.8332452715336574,0.49458716130570446,0.37572184730416314,0.4035963895019131,0.4117395532887096
1,17,311,76|0|training,0,3,0.471314279146836,0.5739524364578469,0.6475428180282955,0.5093388049706267,0.5222217393593777,0.5600706016250299
1,17,312,77|0|training,0,1,0.5339969081606318,0.5472169332021525,0.5655551152616253,0.4318976596883963,0.4338119113440055,0.5236282664108048
1,17,313,78|0|training,0,4,0.3036188230814783,0.14205785294296264,0.19046467152771956,0.21256573007699311,0.13489907913050136,0.23137998347561323
1,17,314,79|0|training,0,0,0.379373291308318,0.16234298346668252,0.3254583005449124,0.49377365214633623,0.43741495564618393,0.5361125555083249
1,17,315,80|0|training,0,1,0.40141954449306094,0.16916856369339786,0.37895680010812444,0.522993510808256,0.46558907932881916,0.45732774127270404
1,17,316,81|0|training,0,4,0.5736583814316125,0.46799978894935307,0.49188925867961963,0.513639804854787,0.5314629627843224,0.47441030804124723
1,17,317,82|0|training,0,3,0.4096800658120927,0.22573420797588914,0.22104687528891573,0.4831072329350659,0.40939156808403554,0.38940685154255394
1,17,318,83|0|training,0,3,0.4132127006355301,0.43196931337808514,0.3416596386617482,0.48895299982912316,0.4695224117183564,0.6426219640048731
1,17,319,84|0|training,0,1,0.44916997991810903,0.19951279052924709,0.22547766430595548,0.31330202880744934,0.2711527369365329,0.2453577170879078
1,17,320,85|0|training,0,4,0.3805918501888276,0.578909306829926,0.3851143591972474,0.3187755096830385,0.34965638601063204,0.43082303527873056
1,17,321,86|0|training,0,1,0.3789704989898855,0.0761953623683898,0.16860957641158864,0.17641285099454018,0.14047945997804412,0.2597734314827385
1,17,322,87|0|training,0,0,0.566844439380918,0.7704436006422708,0.6158520742263581,0.5841548722356504,0.5291315380107228,0.5832792620092196
1,17,323,88|0|training,0,0,0.5658342736843955,0.7546337429444028,0.7008585703262561,0.565719001804483,0.5602792521159269,0.6407391564312517
1,17,324,89|0|training,0,1,0.3748547563410573,0.43723520357492496,0.17554985409247692,0.42120514192012937,0.3859583567732432,0.26479840409528066
1,17,325,90|0|training,0,0,0.5226373577640854,0.7549908413838501,0.5982368918360466,0.5700134973796747,0.5863209185014534,0.5167248723540525
1,17,326,91|0|training,0,0,0.46805581688001907,0.33392055908137824,0.5512359720113653,0.44109939078200566,0.39690651915642133,0.5137002899416403
1,17,327,92|0|training,0,1,0.3616751718879213,0.13283207328967633,0.2769106495120329,0.4776598592676545,0.4417253561939925,0.37096349841891907
1,17,328,93|0|training,0,1,0.358049598665738,0.28116736773611006,0.422318544891958,0.4626965704087102,0.3573033774558963,0.43066851521847266
1,17,329,94|0|training,0,2,0.5059678019238023,0.16517933049698633,0.39684726658274583,0.4182967405411748,0.35439397888246926,0.49717902763090666
1,17,330,95|0|training,0,2,0.5969334305306689,0.726691357066454,0.7143181407840945,0.44827390872186895,0.5497888201567123,0.5629244742712459
1,17,331,96|0|training,0,4,0.5065051339130394,0.4523820201057869,0.5722949229727726,0.511362116476776,0.48031087879415896,0.5758933748811306
1,17,332,97|0|training,0,4,0.5315413646938965,0.49873281887965387,0.4663552068848886,0.47414476197230665,0.4905676389582472,0.5828047728076988
1,17,333,98|0|training,0,0,0.48740046399829584,0.3244576035180724,0.304418293908498,0.5335074184170048,0.5516823994324107,0.47782169594637197
1,17,334,99|0|training,0,2,0.401699092068673,0.23257229383233488,0.3536913987292592,0.4452964979979674,0.4464255141444679,0.36705870777141025
1,17,335,100|0|training,0,2,0.5069664521900556,0.7343360923205979,0.5737384499276047,0.559326123048488,0.5022873209671853,0.5431279345563623
1,17,336,101|0|training,0,0,0.3512299341268832,0.35108427028911454,0.3956417057435854,0.4989079969173004,0.506797241454245,0.41335481286084697
1,17,337,102|0|training,0,1,0.3687825651377289,0.16008144218691087,0.43625126162381456,0.4264477402661256,0.38182520050899554,0.4491512084510672
1,17,338,103|0|training,0,1,0.30545175280829234,0.45060280236979655,0.20133866066644895,0.3481507312360917,0.2767569200606177,0.28456520639798977
1,17,339,104|0|training,0,4,0.2737540863101711,0.1380339459180768,0.15210336864887472,0.24355664832598342,0.1762734305061019,0.209881885202245
1,17,340,105|0|training,0,0,0.3884503037896807,0.3326364136408704,0.46446147422813117,0.4968183230960913,0.4488440697225849,0.4343758426486728
1,17,341,106|0|training,0,1,0.4431327618806391,0.20347480622836636,0.5950201866898132,0.5120508166645257,0.5214726782896171,0.5139573177843103
1,17,342,107|0|training,0,3,0.39472171691251035,0.42123421651844145,0.3002413634658606,0.46509305174143195,0.38556905314658063,0.3677964006974995
1,17,343,108|0|training,0,4,0.2764166322578464,0.11673746071496989,0.11708742061202762,0.2615689110777675,0.18729110284486508,0.26391716732779685
1,17,344,109|0|training,0,0,0.2890920958881552,0.27168333342618056,0.2643985119580536,0.29823281566038184,0.23608765300294862,0.3014597291666121
1,17,345,110|0|training,0,3,0.5178863286851475,0.3289144690120274,0.2768825123558726,0.4720337949326632,0.42733469188496687,0.2824358509400518
1,17,346,111|0|training,0,0,0.3361887187284916,0.12651371263658698,0.18932811706960795,0.30360256001058994,0.2422452419865531,0.2645643872358542
1,17,347,112|0|training,0,0,0.33558680999050944,0.2780412321476491,0.27428530268457396,0.45347286447101237,0.43245716269678147,0.40328089533837186
1,17,348,113|0|training,0,4,0.45453621239967407,0.6053904792264839,0.4850219605631238,0.42277409922945763,0.3736855252525826,0.5820833897367358
1,17,349,114|0|training,0,2,0.5128352833925985,0.4268827617326272,0.6529223832739269,0.4669760204199218,0.43966600727906135,0.5765158622368783
1,17,350,115|0|training,0,4,0.4206220708435241,0.22090657560503763,0.22045853645408703,0.40854504564284483,0.35515479659767835,0.3194093552198181
1,17,351,116|0|training,0,3,0.36747997287715106,0.3309752483253334,0.22372950576419773,0.40879516660053583,0.35838318230965777,0.39431239892847514
1,17,352,117|0|training,0,4,0.45777346704603106,0.3432065884632223,0.3297796456643526,0.5723226003597934,0.5004864030301269,0.3984763695592792
1,17,353,118|0|training,0,3,0.4746726488238415,0.4481595842278328,0.4814628600453228,0.48581388601950315,0.49276297231275523,0.5055525713031019
1,17,354,119|0|training,0,3,0.2470397665188197,0.22918531502908346,0.09613315902515147,0.14481620286098465,0.09644853350906529,0.13654539617377323
1,17,355,120|0|training,0,4,0.28886710588897885,0.33375837263023866,0.24006612013056666,0.18863385437164296,0.14276876402500835,0.17374329759754623
1,17,356,121|0|training,0,3,0.2880723957031834,0.49608248839668395,0.5019428531225142,0.31100081147513026,0.25143896845794483,0.37293748078010014
1,17,357,122|0|training,0,1,0.37416878357389655,0.14281886958217113,0.21160917558543058,0.43205619905058074,0.35830654170477944,0.32787475497200286
1,17,358,123|0|training,0,4,0.4830669023123532,0.23730193101728467,0.22542401883576169,0.4489984824434414,0.4315719214256823,0.3715862965193022
1,17,359,124|0|training,0,0,0.6037848604854599,0.7764937652849335,0.6366642291017884,0.4101621467205001,0.36586905131184316,0.5799466647010193
1,17,360,125|0|training,0,2,0.5029406345516352,0.18201165730617364,0.3663212922589592,0.59667455832143,0.5458090309603768,0.44675698287765475
1,17,361,126|0|training,0,2,0.2981144233277042,0.3083752864789484,0.43331117744480896,0.2955485719829846,0.2744610047920656,0.4222171150028204
1,17,362,127|0|training,0,3,0.513665082708022,0.47088650467514476,0.48771896572813755,0.5844363559793995,0.5424549361751082,0.5430117650647657
1,17,363,128|0|training,0,1,0.2986534626411652,0.14372740305676696,0.3141984719060505,0.34785251653841465,0.28503125666498086,0.3789134085771959
1,17,364,129|0|training,0,2,0.3311185874990694,0.32317394603519917,0.25278305826328235,0.23962338321811436,0.21320291740346609,0.44381687625162
1,17,365,130|0|training,0,0,0.2402492183881575,0.26122334863092966,0.2621342862202526,0.2021948960181373,0.2743815473213727,0.21569699671378764
1,17,366,131|0|training,0,1,0.5312601278236675,0.380625535225309,0.2183233070439594,0.5150402644213072,0.4295176456329749,0.5658644577521279
1,17,367,132|0|training,0,1,0.5399197195348475,0.49326434918558654,0.4761384668986843,0.5388079644917321,0.5194692292753664,0.583223610325618
1,17,368,133|0|training,0,3,0.25337603445344875,0.2241803970074426,0.20900837154412139,0.36481570766149024,0.2727270212787771,0.28663980834456826
1,17,369,134|0|training,0,1,0.30607699961384494,0.1729037537003132,0.3303424793576454,0.30762181741835476,0.27286005635700716,0.39191665984063384
1,17,370,135|0|training,0,2,0.2745883090256083,0.6694663825767909,0.522111682173656,0.37814614606965224,0.34615210261032325,0.31972432672496237
1,17,371,136|0|training,0,2,0.24608798221641623,0.1133834873274055,0.16074727276161532,0.25459844799145337,0.1783880445594478,0.22619714737199617
1,17,372,137|0|training,0,3,0.24685555934621647,0.19478672581485817,0.13971006983241363,0.2794560640891901,0.23193162157699196,0.18493633324065897
1,17,373,138|0|training,0,4,0.5983034145492028,0.7963841289008229,0.79671629542362,0.6252815144868182,0.609470651420832,0.7163459489566398
1,17,374,139|0|training,0,2,0.40682249053761615,0.512358638038443,0.5154758607705265,0.3697199783026647,0.33370599359202857,0.48034318437587403
1,17,375,140|0|training,0,2,0.32224563213531254,0.6796373601129042,0.2516168915035476,0.4097623227511364,0.3751171809882821,0.3757507995669431
1,17,376,141|0|training,0,4,0.3853139342636511,0.17985170453679594,0.27729573469489316,0.4315155992348592,0.3675290557186433,0.29171685907064815
1,17,377,142|0|training,0,3,0.4355451814814007,0.1842962939572477,0.24340751452674686,0.4674336686389028,0.44526850958162706,0.34875895790103584
1,17,378,143|0|training,0,0,0.286275502441697,0.27901569729177944,0.2837647799061901,0.3310492480749515,0.2714806042254453,0.33924728823519634
1,17,379,144|0|training,0,0,0.34495837283660535,0.30702742929845656,0.4482668796229322,0.4356746595576094,0.38343235693637384,0.3979601793056202
1,17,380,145|0|training,0,1,0.51188097031401,0.6957673571705766,0.4753491225042461,0.4373017731265469,0.39581960784296283,0.5684143563712972
1,17,381,146|0|training,0,2,0.33794329073494067,0.13556086494017133,0.18034229182550413,0.23339480376065025,0.18190124462208143,0.3068611616769483
1,17,382,147|0|training,0,1,0.33119312645944915,0.10153422871749507,0.18883543116490878,0.3141371971783212,0.24491632587050016,0.2509752512230778
1,17,383,148|0|training,0,0,0.5340134150506566,0.14246196633022234,0.3843820266763327,0.4806791380654607,0.48062549880529026,0.571777934473819
1,17,384,149|0|training,0,1,0.32404728887642337,0.35559062208804154,0.6083408567242031,0.34072340503255544,0.2702550774828069,0.474302699074936
1,17,385,150|0|training,0,4,0.4491995495100106,0.514727000282699,0.43200156880655793,0.344584652492873,0.3041213562182998,0.35764698823630836
1,17,386,151|0|training,0,1,0.5775888104480467,0.39677384185747305,0.39168898354763043,0.4141827847686301,0.3674008864033773,0.38824504368084634
1,17,387,152|0|training,0,0,0.26839692283734945,0.2645701287700703,0.12910714974667697,0.2801883271991486,0.25672991070038215,0.22443838817307027
1,17,388,153|0|training,0,2,0.4793947810419635,0.21855259676768918,0.30517039605981316,0.4947682321043202,0.46082286880284457,0.4397917829775749
1,17,389,154|0|training,0,0,0.24854900556739784,0.3390312903027053,0.21527138712226204,0.3067497053823878,0.250727416157308,0.38242969981470243
1,17,390,155|0|training,0,4,0.2956771584352634,0.3458503009310571,0.30200677208752125,0.26799743738596343,0.22247038905920344,0.3987603971834776
1,17,391,156|0|training,0,3,0.24717502098838717,0.2602525431802528,0.2738998857737842,0.288283775751191,0.22981138154327077,0.35080726089968195
1,17,392,157|0|training,0,1,0.5366329494050932,0.2577428706179718,0.5098877344059762,0.516457186807244,0.5464302759027878,0.4231772011472812
1,17,393,158|0|training,0,4,0.3722835931624908,0.21718066328577837,0.26002194623251956,0.38464028048172966,0.3368570430224062,0.2223915904281149
1,17,394,159|0|training,0,3,0.4548807939507179,0.6221498066560259,0.28409293811249253,0.46147953062295577,0.4189640493649757,0.4040917177667315
1,17,395,160|0|training,0,0,0.4093718802738186,0.6253675497416029,0.5500656050697074,0.3687726909950681,0.34183774812109347,0.6523700555041944
1,17,396,161|0|training,0,0,0.38913808237059194,0.6676919901990549,0.28647115462116585,0.36758065846087207,0.30924779911862355,0.3940568902170624
1,17,397,162|0|training,0,2,0.36589619043250377,0.2765718973624968,0.251782330459665,0.29027587163515417,0.24155360771693135,0.3317779154290301
1,17,398,163|0|training,0,2,0.4416661234423409,0.29063605122870806,0.35142533946775345,0.48638377929534576,0.47019145749787267,0.47081073217464575
1,17,399,164|0|training,0,4,0.3137741824268243,0.44862482450104973,0.21292597390797913,0.33730729064566,0.27550167547576926,0.4694128389880712
1,17,400,165|0|training,0,2,0.47025689513986657,0.21538258362602936,0.32116154691277327,0.47742741364971963,0.4705206792567069,0.4222769711020567
1,17,401,166|0|training,0,0,0.37816786764930793,0.35599136887513483,0.27461341071986994,0.2785894016388457,0.21470760700742028,0.3195811060929761
1,17,402,167|0|training,0,4,0.25084740136265943,0.14490527795034697,0.19821724261919205,0.23617126281612802,0.1907654127245693,0.22208281669749197
1,17,403,168|0|training,0,3,0.2727082715875618,0.16446622481701798,0.37011653004904255,0.3572194955272814,0.3563658680236978,0.3572122619710024
1,17,404,169|0|training,0,4,0.3976594190098075,0.7712576563038056,0.552091984709267,0.41337299803162064,0.41510105084110915,0.43703630050342346
1,17,405,170|0|training,0,0,0.3441732500504236,0.17662506610582376,0.17623616336225617,0.4110266653602136,0.29847785251922015,0.2360045047591105
1,17,406,171|0|training,0,2,0.2387110834485995,0.13116051030392117,0.23303297368132428,0.3023515442952114,0.2655398266067266,0.20195648271884428
1,17,407,172|0|training,0,0,0.3203833678294661,0.19111911034283954,0.3010658544964727,0.3503345416664918,0.30585845619159163,0.5001495917950243
1,17,408,173|0|training,0,1,0.31034995939887966,0.28967483134671684,0.4882257507105255,0.3399389415035678,0.2878024330052344,0.3390901895529917
1,17,409,174|0|training,0,2,0.41700303574830216,0.8458004630200153,0.4961708839361986,0.45721814259948296,0.4738122787048726,0.41647779355920256
1,17,410,175|0|training,0,1,0.2869570495560856,0.1293767870034239,0.15596658752929748,0.3075367583912536,0.2682569346133429,0.22246060808866325
1,17,411,176|0|training,0,0,0.3589724388306967,0.5066737013116657,0.5900067406137495,0.415610610098529,0.3794920979024159,0.5163772463145839
1,17,412,177|0|training,0,0,0.39803259156356674,0.38397461399282456,0.6010109602046375,0.2781837334893915,0.2329434852698714,0.4574375730612496
1,17,413,178|0|training,0,3,0.2536866871732479,0.14385429305766637,0.21809426030877657,0.2834523107109103,0.22923375392085227,0.23984938256857144
1,17,414,179|0|training,0,2,0.33409383212197097,0.16854531643397308,0.26749477424984797,0.3930952171158527,0.3095453778458958,0.36765125940058613
1,17,415,180|0|training,0,2,0.3350419425129671,0.12360224346975172,0.18550203593730544,0.298666911775271,0.25285818995688875,0.21496954123890827
1,17,416,181|0|training,0,0,0.42728978033555826,0.25863235704586757,0.4789026908158142,0.4317548582439019,0.3974664526472974,0.4486631007311622
1,17,417,182|0|training,0,4,0.52566746947313,0.28856011424210953,0.19942433051902153,0.45032247710566675,0.4330906984720092,0.47255819311003083
1,17,418,183|0|training,0,4,0.5125985631310193,0.39160653438533627,0.4213214383647061,0.5114179935320364,0.49485115625282683,0.5308781309406849
1,17,419,184|0|training,0,0,0.42995357104881504,0.5061267644102033,0.44508020968393713,0.45491892552757424,0.47373658965832544,0.39013611580544544
1,17,420,185|0|training,0,1,0.3252045777849706,0.14441042028404807,0.2784854645908587,0.24526504768348356,0.19431884888614703,0.20844821113433984
1,17,421,186|0|training,0,2,0.3670242180169557,0.23705518814071133,0.4824536351820565,0.5064861705053811,0.4952471372380317,0.5690382856279811
1,17,422,187|0|training,0,1,0.3654500585938816,0.10083542374567644,0.22664301026950726,0.3490915600118946,0.2548599142215566,0.2950221535123639
1,17,423,188|0|training,0,2,0.45005751659046545,0.1729344075018752,0.5655806074739252,0.5086594122840642,0.5229226255715451,0.4967071600864932
1,17,424,189|0|training,0,3,0.47833985975125337,0.5290835322651293,0.37934593078129597,0.48967082991771643,0.492479294084669,0.39974152304354976
1,17,425,190|0|training,0,1,0.35684515523462085,0.10936101748600822,0.2726494068493265,0.48018127456667675,0.40924618856767,0.36857474511852073
1,17,426,191|0|training,0,0,0.3704676752128393,0.4504012333694211,0.33539247655496895,0.5193486733323449,0.5010789193751405,0.4308278171523138
1,17,427,192|0|training,0,2,0.3572450824773958,0.14958587635450493,0.20360457298155607,0.39404104321132666,0.3362546811450052,0.3038730320820541
1,17,428,193|0|training,0,4,0.6376806916490902,0.7350306026042333,0.7812903727352843,0.5774728846173008,0.6103613109115938,0.7226185813548406
1,17,429,194|0|training,0,3,0.48161861654902033,0.23732806866329112,0.3757508328737799,0.4770572456985331,0.4608639299287315,0.549439559563235
1,17,430,195|0|training,0,0,0.3672073761709336,0.34194614239195725,0.5367959815515481,0.4569652166481899,0.44925985995163875,0.4582341934838528
1,17,431,196|0|training,0,4,0.49708475595207086,0.36843874500545004,0.352892531013438,0.42672304141275574,0.41838426538763857,0.5163636607171093
1,17,432,197|0|training,0,2,0.552369984632018,0.6474432239934448,0.6275397154615686,0.4847590150111555,0.4826199154145293,0.5211500630095263
1,17,433,198|0|training,0,3,0.2774798538497327,0.18235064409927398,0.1578283176040735,0.4066239176258972,0.32816555895210237,0.2717974316298761
1,17,434,199|0|training,0,0,0.4086430730051948,0.32823854781544665,0.24846964473337224,0.4626889379348924,0.37434194658885417,0.39302027379232457
1,17,435,200|0|training,0,3,0.3836809887157722,0.5499780692433826,0.5209148994372719,0.38868140446262206,0.4047004417519573,0.39599933667924253
1,17,436,201|0|training,0,2,0.35679378627371344,0.5304589032664407,0.4831529449129029,0.3761075274794748,0.37956718404934464,0.35104771890348807
1,17,437,202|0|training,0,2,0.5546504907020494,0.8220613490140302,0.69983513067243,0.5650713205798675,0.6374336298990181,0.6639493562993825
1,17,438,203|0|training,0,3,0.44603595390307127,0.19184188368676053,0.39503598740952706,0.393106741358651,0.3538199514338191,0.37722608754595915
1,17,439,204|0|training,0,1,0.25709282034271785,0.10199288940382159,0.2159342994819667,0.3065203844930399,0.23293719005686297,0.26409067920002444
1,17,440,205|0|training,0,4,0.37245195188458813,0.25376646028498645,0.28908581017268276,0.3556204244048566,0.30539138189475984,0.3091186003444848
1,17,441,206|0|training,0,4,0.5340289367860245,0.7014283808420452,0.5418164481582947,0.45232550236787533,0.48294153883888,0.629557372169401
1,17,442,207|0|training,0,4,0.46552928423877993,0.3959900123224127,0.5173488030909953,0.47514908267586414,0.4487615397923799,0.49563702881223465
1,17,443,208|0|training,0,4,0.5040803283653429,0.46385154885716107,0.4938875538303886,0.5196233948275469,0.481572785355377,0.5267522526572197
1,17,444,209|0|training,0,4,0.4902813668801441,0.6556341903507056,0.7266598664100191,0.5904384541243889,0.598598465001775,0.5760121913443281
1,17,445,210|0|training,0,4,0.339819389965487,0.20286181022678168,0.17433856724910501,0.3742690433856042,0.3116462346379481,0.2937210964468459
1,17,446,211|0|training,0,0,0.3975011561406171,0.15828566743914904,0.282331764369601,0.42430442161009263,0.3466948929807937,0.509860066449428
1,17,447,212|0|training,0,1,0.4712709556840798,0.16171797702976595,0.21867106374157305,0.35973086755820477,0.30387450018829537,0.3163601807353955
1,17,448,213|0|training,0,3,0.34433372655036615,0.33528722217171664,0.17249089567128828,0.421409089928495,0.3735235119426004,0.24905718691850037
1,17,449,214|0|training,0,0,0.3836811875760771,0.11723353529503135,0.23435248874110062,0.41201997304987126,0.30599605815647585,0.2814976499012369
1,17,450,215|0|training,0,1,0.4746580846896393,0.1813574243804931,0.46241818224964754,0.4486824900289097,0.48095414893601834,0.4264840044506153
1,17,451,216|0|training,0,0,0.34656447960143083,0.5737518567835135,0.48404880553791263,0.4722919162880152,0.41588215542016976,0.3993944282870713
1,17,452,217|0|training,0,2,0.5287773421213285,0.6898565283469256,0.5262864806679162,0.5678956835769993,0.5988872774012984,0.5414337675546803
1,17,453,218|0|training,0,3,0.524017536795147,0.6611395300187284,0.5128116926145856,0.41537674606651925,0.41617448901895443,0.566950343862442
1,17,454,219|0|training,0,4,0.4901883483449828,0.36462927865624417,0.37087325380214153,0.38034186373818196,0.38542298619684634,0.5653925769298327
1,17,455,220|0|training,0,2,0.2677135459655646,0.1248991990622787,0.1220755157568861,0.2847831091454641,0.21415572916513737,0.19132998581435443
1,17,456,221|0|training,0,3,0.2632805128732147,0.24462621024082154,0.16899158160885328,0.2928567252724767,0.20627588759601817,0.1789284330929085
1,17,457,222|0|training,0,3,0.5663677041090615,0.5828054501716193,0.5825893461894536,0.5465272455506104,0.5549779032199468,0.4710413643738592
1,17,458,223|0|training,0,1,0.34388951005472373,0.09454486150178223,0.1477369656919059,0.2938647617595328,0.23793815195167276,0.15815074112947528
1,17,459,224|0|training,0,3,0.5757571202377078,0.6178169011326285,0.5197267519855017,0.3353721703198676,0.36914543995468946,0.4845285783055839
1,17,460,225|0|training,0,4,0.4540245088892967,0.5087181871446493,0.26511451375558426,0.4161794760861297,0.44463806660486743,0.3766569229195339
1,17,461,226|0|training,0,1,0.44850711014039796,0.18722927945549184,0.27815061814425884,0.4885994284342388,0.4851837293457695,0.5129134994876203
1,17,462,227|0|training,0,0,0.454906831480842,0.5789028032015245,0.5368447168377194,0.5004750725165587,0.4703836566085989,0.4676178132797741
1,17,463,228|0|training,0,4,0.6396398859963092,0.7908943948881391,0.600374796047686,0.5205088981610755,0.5555704837103211,0.590741163549232
1,17,464,229|0|training,0,2,0.5916565347409513,0.5197156082894957,0.588733064843789,0.5926794931858557,0.6342110016228799,0.72022053412346
1,17,465,230|0|training,0,3,0.4381383749710745,0.41379771452345865,0.47140658339819935,0.4662859130923712,0.44110630967797837,0.3941260089756197
1,17,466,231|0|training,0,2,0.5727091258750413,0.5137249707095451,0.5634389734692558,0.48094348308385293,0.5318756892137184,0.6127152187834214
1,17,467,232|0|training,0,2,0.4550452929366433,0.6161227667636132,0.44944006434367134,0.4492932736575173,0.5022968002484183,0.5748146774346817
1,17,468,233|0|training,0,1,0.3731138070812461,0.30513051299058225,0.16715674571154088,0.3919282637420931,0.3265665128537843,0.362583547222195
1,17,469,234|0|training,0,0,0.46893230096287014,0.5633789729111721,0.5587155750762193,0.5452507135117569,0.5306987363950416,0.582839322494196
1,17,470,235|0|training,0,2,0.5185241471687235,0.4357679392745678,0.5678522456024598,0.5626643544309332,0.5697678097623883,0.6250995311997738
1,17,471,236|0|training,0,1,0.44479605546658757,0.1222137855748337,0.4140720104271947,0.4654156034146952,0.4535798148960318,0.3759226883769522
2,29,0,20|1|training,1,3,0.6790551721742542,0.6517241180919865,0.7089365524086865,0.8005832251240762,0.8589193381157748,0.646897966839977
2,29,1,21|1|training,1,3,0.6300870753349531,0.8769895745645382,0.6404882536310513,0.6195812149076818,0.6591253806658351,0.5786700163614504
2,29,2,22|1|training,1,4,0.6625984467602107,0.8727025331189813,0.548850375261553,0.6550111461141427,0.6549537401035693,0.7118509755539596
2,29,3,35|1|training,1,4,0.4097614581016428,0.39806140853321964,0.21870066775216243,0.37613525605851034,0.32151690468378274,0.3217293422088535
2,29,4,38|1|training,1,3,0.46278747744875826,0.17350730654153831,0.4382318844453542,0.5045821206229336,0.527403306583876,0.5289496624340442
2,29,5,39|1|training,1,2,0.5423463332430921,0.7245217314386881,0.5520951418769298,0.4392752917551891,0.42617575434715066,0.4708600599968443
2,29,6,40|1|training,1,3,0.5168227639798576,0.7415836939233946,0.5913334107386402,0.5214362786045363,0.48423111654044104,0.5366637802450477
2,29,7,54|1|training,1,1,0.5519855848648926,0.7637292810408192,0.7125487940219439,0.5175200150140922,0.4912141127070375,0.5544604370117393
2,29,8,55|1|training,1,2,0.531831133882067,0.7062328159101914,0.7828097559800806,0.4980377292112821,0.47301833944219746,0.6048187050811326
2,29,9,56|1|training,1,1,0.5990246031329235,0.7104655606737109,0.5626897644164488,0.537065597035602,0.6041208868138459,0.6626857631940042
2,29,10,57|1|training,1,1,0.6138654316418948,0.8201617985069625,0.6997557423474918,0.6146302358897641,0.651291172452132,0.6179510675346843
2,29,11,58|1|training,1,0,0.5413754115750647,0.7248053554878492,0.7203069948375912,0.5857570445794957,0.6150344582097541,0.6362702376086549
2,29,12,59|1|training,1,2,0.6852440913853844,0.9260442497066185,0.7752773313706094,0.5751811727918889,0.5839640536601551,0.795094193281356
2,29,13,60|1|training,1,2,0.5608766836405799,0.8709046542132889,0.5611928114839041,0.4805108276421901,0.49733280151468784,0.6101799953300268
2,29,14,62|1|training,1,0,0.43100107534972754,0.6035232573923277,0.6007154627737981,0.5798123720103088,0.5429268596936897,0.6778270886695437
2,29,15,64|1|training,1,2,0.5748271843986403,0.39267553592764676,0.5514766105228003,0.5309556803371026,0.50250145339345,0.602421452407222
2,29,16,77|1|training,1,1,0.5805178932214115,0.23366294165830484,0.6282951180720019,0.6640378693758777,0.7042393114338217,0.5285368749434982
2,29,17,117|1|training,1,2,0.4874812838557498,0.18740653091212778,0.5200890977555793,0.4727342381439443,0.4904766765198802,0.49794531986129953
2,29,18,118|1|training,1,1,0.5023807359312735,0.1974645922768532,0.3582924608581954,0.5077874971572008,0.4311280776998552,0.4007418913382525
2,29,19,119|1|training,1,3,0.6386484844198175,0.8803858168428473,0.7452916266962425,0.5881862730735926,0.54929073957284,0.7054151251510403
2,29,20,120|1|training,1,4,0.5010327986342119,0.5809491989353037,0.532727341925936,0.5075574475168888,0.4888805769715912,0.545815809829046
2,29,21,121|1|training,1,4,0.6037827475007512,0.8850514101985218,0.7791244079948851,0.4443046523908811,0.464092163982714,0.5155851817675209
2,29,22,123|1|training,1,0,0.6232089068879917,0.7892347828550899,0.6901783700490903,0.5806218567950708,0.6392420981992997,0.6482908832845338
2,29,23,124|1|training,1,1,0.5913651235319556,0.7293567591944301,0.6816003867415891,0.5207864246437055,0.5303392877508062,0.5747110642341327
2,29,24,125|1|training,1,0,0.626530253003872,0.6387775426819189,0.82169388580602,0.5852795751203104,0.578033401190276,0.7696658859278133
2,29,25,126|1|training,1,1,0.607139379575069,0.9139800588108171,0.48165512119800435,0.4729353229067519,0.4444287860855585,0.5726916216848983
2,29,26,128|1|training,1,3,0.5453214539673212,0.6750281654512736,0.6946629969602394,0.6198530180397841,0.641187461167118,0.6314291996545857
2,29,27,129|1|training,1,4,0.545297226856009,0.5899071292796685,0.4748347475244194,0.6216152706573443,0.6423145100458945,0.6613224439753536
2,29,28,130|1|training,1,3,0.598667475315701,0.8529886156499086,0.6456004197942872,0.5855614124792164,0.643355177802518,0.6866044771123251
2,29,29,131|1|training,1,1,0.5006843208312728,0.6486933683612528,0.5329164972419302,0.5109764670587189,0.5520011232135892,0.5890377315896625
2,29,30,133|1|training,1,4,0.5776184959602435,0.8067722873833133,0.5622499637858963,0.5065712122467024,0.518011951341852,0.6955633052101579
2,29,31,134|1|training,1,3,0.5292057256577567,0.6724903018548108,0.8214909876749037,0.6282479512472489,0.632773736907002,0.7019918975303369
2,29,32,135|1|training,1,4,0.49902154661324,0.5865263240162285,0.44587352885947634,0.5521723690521275,0.5291318536341715,0.5576884539593395
2,29,33,136|1|training,1,0,0.5094574973740875,0.7335239169605675,0.6431076324712115,0.5690348523745422,0.5989371144300322,0.6309658394746785
2,29,34,143|1|training,1,2,0.6390148745097146,0.9168753634169622,0.74734309788167,0.6191329393024917,0.6874646800235545,0.6192104934493985
2,29,35,145|1|training,1,1,0.5972899394341384,0.8048111751659341,0.4942606605428974,0.6888890002215745,0.7264200989813259,0.5412964896565731
2,29,36,155|1|training,1,2,0.4383268533737457,0.09019267763749689,0.4839366577275008,0.5213708567353943,0.49922411147107665,0.5070958913275873
2,29,37,169|1|training,1,1,0.447891960439488,0.3211863674773232,0.4038370560967586,0.5387785582643595,0.5827447407609808,0.48894109142995984
2,29,38,172|1|training,1,2,0.523651998179428,0.4762557667572965,0.6475597060903406,0.4642659015878271,0.47951459058986723,0.5444726863448911
2,29,39,173|1|training,1,0,0.44613576879927214,0.33199525257563967,0.4832811372802031,0.3785822674652154,0.38554834187866155,0.39421494164984594
2,29,40,174|1|training,1,0,0.5900069315548722,0.7794550398295023,0.6501022937346608,0.5468493100316415,0.5773087695417208,0.5764737724884724
2,29,41,177|1|training,1,2,0.5564607256410179,0.4530880555080881,0.4944775126633634,0.7254216340293312,0.7694230088306736,0.6431651834976326
2,29,42,179|1|training,1,2,0.6637813546210477,0.853869798146041,0.7988489638426862,0.8313068944788645,0.8528660970238048,0.5758072810574928
2,29,43,200|1|training,1,0,0.31113894342006915,0.47777358852718077,0.5315500045742084,0.5390875020947731,0.50125837711481,0.4682437195200957
2,29,44,201|1|training,1,2,0.5459590603584641,0.2923165447268055,0.6305875279193468,0.46467957092355494,0.46961193557686837,0.5775641486843349
2,29,45,202|1|training,1,0,0.4853976584255293,0.5743785101761992,0.2861872114854173,0.536425754220584,0.5522703007074233,0.592532574314643
2,29,46,299|1|training,1,2,0.39618396505936576,0.0773885853617653,0.42638818530422395,0.403155927954927,0.3262659416016071,0.4109751487561637
2,29,47,300|1|training,1,2,0.4319571247916229,0.09525954568118027,0.4603441286252014,0.4298469677180119,0.4076721156411945,0.3128459385600101
2,29,48,301|1|training,1,4,0.5736908314872756,0.4027528769127318,0.381518506186938,0.6897930198379086,0.7171235259352073,0.5816618093669781
2,29,49,302|1|training,1,1,0.6036183321170525,0.8545424246439258,0.6848615330128837,0.6797915321746174,0.7199397142997517,0.6088288929983515
2,29,50,309|1|training,1,1,0.5650501082874336,0.7341387063382623,0.4963549057353555,0.5619858273486831,0.5319156259676828,0.56347452362651
2,29,51,310|1|training,1,2,0.5287202435515709,0.7170438253373008,0.7553087442679209,0.504359257193158,0.6515539751638209,0.7084943673877891
2,29,52,311|1|training,1,4,0.5234689074532702,0.7975257900401639,0.6306812911633926,0.5703898053311836,0.5498952087245528,0.5735988558689884
2,29,53,312|1|training,1,4,0.6437945908340099,0.7876208972461102,0.7021203043457778,0.7971255513232212,0.8348655518288233,0.6324148120298941
2,29,54,313|1|training,1,3,0.49056783145003685,0.2007513264383269,0.45950154428794393,0.5250997470483021,0.4505168245003638,0.43952461579910185
2,29,55,315|1|training,1,2,0.5483038871266513,0.755487695123479,0.49497492836225054,0.5909531933276794,0.6136225842106379,0.617153895277387
2,29,56,318|1|training,1,0,0.747643232109539,0.8187759923742612,0.8452214639815225,0.7369472300957611,0.7610191034727916,0.7731130816875866
2,29,57,320|1|training,1,1,0.577961769155053,0.6583550611837132,0.6404498462691508,0.46163079993505174,0.4595142705650667,0.4780123428060022
2,29,58,321|1|training,1,3,0.5843038056538442,0.6349208749112337,0.47783676992874624,0.6074818532785301,0.646377788773879,0.544277269104685
2,29,59,322|1|training,1,3,0.45549864704333415,0.16850511694428738,0.28660061534954134,0.5144763900187606,0.4968006755188087,0.5060189235268729
2,29,60,323|1|training,1,4,0.6773668445550354,0.8698913866928284,0.8304573427445902,0.697548003384658,0.73902762356791,0.7573941953811396
2,29,61,324|1|training,1,0,0.6021477408584337,0.580952423108074,0.5146552170798824,0.590911066436544,0.6323258144654484,0.5461889753764768
2,29,62,325|1|training,1,2,0.6785914633116426,0.33022257444655495,0.4084407271883623,0.7705509876277937,0.8317963225727528,0.6022270266081157
2,29,63,326|1|training,1,4,0.6725440212837458,0.8783711991924076,0.5356533857447122,0.5821860046576608,0.6225046892575046,0.6253989208748371
2,29,64,327|1|training,1,0,0.75004406752945,0.7680669543912354,0.7394514089394751,0.8160885564664675,0.8430528492509521,0.7122867698832652
2,29,65,328|1|training,1,1,0.6094540564920632,0.6834845254697577,0.4388650734740081,0.6114447904696583,0.6482921820022054,0.5869099982747089
2,29,66,352|1|training,1,2,0.4716604052632861,0.08979282326323214,0.4942925637761486,0.5079093593616391,0.43332381058775743,0.5170815232819307
2,29,67,353|1|training,1,4,0.7488071771097957,0.7089895552927421,0.7729939283349989,0.7502886645531051,0.7810688027813406,0.697062484924501
2,29,68,359|1|training,1,3,0.6411556817619427,0.6954217592141997,0.6729278660795239,0.5163598830563086,0.5447820009516586,0.62403598177321
2,29,69,386|1|training,1,3,0.6259917279479569,0.7075183919940441,0.6636680316251492,0.5797912648176994,0.6023645041315214,0.7314125935536115
2,29,70,398|1|training,1,3,0.5997859395828103,0.6801836065883631,0.6834347849766257,0.6548756983734216,0.6837034664614954,0.610365519263104
2,29,71,421|1|training,1,2,0.59801758448995,0.45965938458284744,0.7118637293066804,0.5636017818123698,0.575509242131938,0.6583455117375616
2,29,72,451|1|training,1,3,0.6939910065792525,0.7909778458845622,0.7053250619719259,0.7465482972072583,0.7988259638628253,0.663662964615827
2,29,73,454|1|training,1,0,0.5872177918244718,0.667937946250844,0.7646573390296266,0.5824145811212891,0.5977255419764396,0.687209531852011
2,29,74,490|1|training,1,1,0.7538830801836482,0.633153579944321,0.6956748863678127,0.8090536554491928,0.8516031846152428,0.6313476808267213
2,29,75,531|1|training,1,2,0.7032294878090058,0.8255893878622306,0.7799861176047473,0.7139406154847118,0.7546095198441122,0.7097388386478087
2,29,76,549|1|training,1,4,0.7467464139837208,0.9246136397353113,0.8185873215057867,0.7465697933413238,0.7863425196084343,0.7989332497336977
2,29,77,569|1|training,1,0,0.5193267954986344,0.5959945215206114,0.5777324831226001,0.5823524247322469,0.5918968939906493,0.6178033520709315
2,29,78,571|1|training,1,1,0.7513869368093202,0.8520899668792653,0.8259116162780638,0.8441924293666702,0.8722499094718229,0.8178402314670368
2,29,79,574|1|training,1,0,0.5905737596882216,0.4544377684249376,0.42259773774576886,0.5304060101398617,0.522849746006004,0.5239501381728451
2,29,80,575|1|training,1,4,0.5833887510032303,0.7406651710217904,0.6791946843813018,0.5979024169668028,0.6379093722887373,0.608737428182584
2,29,81,588|1|training,1,4,0.4404475759695941,0.6189040243983893,0.35349134298720825,0.4313087858657487,0.3971501979990013,0.4727920906858283
2,29,82,615|1|training,1,3,0.44047930272937696,0.44497554076785023,0.46203951801778625,0.4688003627911072,0.41272718343021125,0.48282479712685344
2,29,83,618|1|training,1,2,0.6291805770581712,0.9078957603680797,0.6812539958256849,0.7303445737535381,0.7378850762335132,0.6455650972909537
2,29,84,624|1|training,1,4,0.41894759888538924,0.13607661979562077,0.38231493002939754,0.4470840143142484,0.43429480574323276,0.4644509038101201
2,29,85,638|1|training,1,3,0.6004794158891377,0.8834824138662135,0.6978224519924483,0.5299446548202567,0.5543612987589488,0.6394580898935137
2,29,86,644|1|training,1,1,0.6317669432080817,0.8201268148152363,0.7042248970427399,0.6541092465917,0.7258648930225327,0.6412754333478315
2,29,87,659|1|training,1,3,0.7833720721183244,0.9072603463804498,0.7742944003474903,0.712525137948647,0.6967174214962012,0.7703626978827772
2,29,88,681|1|training,1,0,0.6011761885040767,0.4284460666581585,0.6649612876633308,0.5998856024329509,0.5375987909522557,0.5614679448152486
2,29,89,706|1|training,1,0,0.4380108924789922,0.46909350993234694,0.4886035988089467,0.5801751854627013,0.5754544890677341,0.5805241557254084
2,29,90,707|1|training,1,1,0.5092608687131023,0.7664707121541358,0.49728435063753645,0.5882482813408062,0.6075134676492702,0.5447581060261865
2,29,91,708|1|training,1,4,0.587439385752133,0.8686531832698612,0.6930399362446042,0.46575619520986633,0.5201563433964094,0.6731945411087872
2,29,92,709|1|training,1,2,0.600989380630764,0.917911664165397,0.6344533948696606,0.5893682256646493,0.5674168570483638,0.5990508012286658
2,29,93,710|1|training,1,4,0.5003973301487412,0.7718855108074781,0.43226930280777826,0.4853519180236111,0.5012220744896503,0.580161943544742
2,29,94,711|1|training,1,4,0.45734530826631214,0.5584326246226631,0.4834794633476771,0.4086480472100212,0.4824431617313178,0.5459250418075536
2,29,95,712|1|training,1,3,0.6078373168902554,0.833706141075165,0.6490352278170837,0.46829566830766484,0.4919870828112151,0.6031075070800512
2,29,96,713|1|training,1,1,0.6784050353669338,0.9326638934557633,0.7988162986934897,0.7035195681057206,0.6374936906696264,0.7875592774830518
2,29,97,714|1|training,1,4,0.49537147735114356,0.3569286149365531,0.522886446547361,0.46589143072296874,0.46123859889441365,0.45479350851235956
2,29,98,715|1|training,1,0,0.5995561686677234,0.7766554603678258,0.7642734226820305,0.43882717545892347,0.3727467894086585,0.5839371786321518
2,29,99,716|1|training,1,2,0.578359540945269,0.8689734502214124,0.4663637199102621,0.5496543010958929,0.5329900943535861,0.5695204526518599
2,29,100,717|1|training,1,0,0.5758394130371468,0.7276913922648778,0.6250479081875021,0.48000231626177003,0.4564990648438865,0.6272556364701278
2,29,101,718|1|training,1,0,0.4773172924868831,0.306683619098587,0.369697770012091,0.49398023082383347,0.4286848663491157,0.4407302024010609
2,29,102,719|1|training,1,2,0.5357101013396851,0.22056601061097453,0.31888813521961895,0.5068437668309395,0.3775707823699262,0.5320061199954154
2,29,103,720|1|training,1,2,0.6144816774228007,0.8241223377880083,0.44644014804667825,0.7322522341405269,0.7812412773973262,0.6823804708429508
2,29,104,721|1|training,1,4,0.44778438031613865,0.6337618103929096,0.5028882975199431,0.5230494603537171,0.5346423832506232,0.46661456918708466
2,29,105,722|1|training,1,1,0.6718558108810406,0.9138559825293932,0.7393659670357536,0.5421615800009617,0.5145041746137861,0.7532132495138325
2,29,106,724|1|training,1,4,0.5380027823769766,0.57296371292641,0.7194968319340871,0.565936283358763,0.5936507384592726,0.6439084478192149
2,29,107,725|1|training,1,1,0.6388677699122682,0.8835340365068071,0.7358798135831405,0.5900645341969887,0.6545732263166865,0.58725516977181
2,29,108,726|1|training,1,0,0.45209125867332167,0.34278301117372234,0.24157735984360215,0.5323573325337779,0.45204734598812735,0.4608423015855758
2,29,109,727|1|training,1,2,0.4654296465564872,0.3275361248571566,0.4270783584815099,0.4085668969873908,0.4588290469968067,0.5200036018614889
2,29,110,728|1|training,1,1,0.5340612702686378,0.8534140627981452,0.6668948122985814,0.5651434152538084,0.5998202038164305,0.695478473248728
2,29,111,729|1|training,1,4,0.5651721433103173,0.8883189016182035,0.8012407898145542,0.3816144312177221,0.46530253734141386,0.5134663282720634
2,29,112,733|1|training,1,4,0.6023877090412806,0.6715224108497825,0.6331942169272313,0.7664783909128632,0.8018171628187734,0.5533502756803352
2,29,113,734|1|training,1,2,0.6182008401723955,0.8194079753095187,0.5268751177866439,0.5576218443829841,0.6482217792052842,0.6600028886442167
2,29,114,824|1|training,1,1,0.5773529618056321,0.89840614007822,0.4894863152067379,0.5358326168177109,0.5663114038630347,0.531624813114582
2,29,115,838|1|training,1,1,0.5949282544063588,0.5925411535204482,0.6485648131189942,0.6450862506317805,0.6690262424352106,0.5699576613088622
2,29,116,893|1|training,1,1,0.5402820625739765,0.37015253018467725,0.5151375603202758,0.5162999344639538,0.5044199365588964,0.5768917528962678
2,29,117,981|1|training,1,3,0.8008890642313014,0.8886911950087436,0.747151537957091,0.8732577988038394,0.8918448723850704,0.7634917581554742
2,29,118,982|1|training,1,4,0.5563207318306466,0.2043667101930942,0.3658946875302445,0.6610292499020006,0.6711594073704298,0.3803914519795747
2,29,119,995|1|training,1,1,0.6461500978223946,0.9181739046386044,0.5616159216356164,0.5457355701229485,0.5618508107597239,0.5716116797430647
2,29,120,1054|1|training,1,2,0.5764391680467464,0.6939327981880693,0.5498443995347874,0.5055277999785239,0.5626498234684588,0.5636812105339464
2,29,121,1095|1|training,1,3,0.5587233443370143,0.7331268793470423,0.6659770745354143,0.5777881109201959,0.6610358750225804,0.7005105901456823
2,29,122,1100|1|training,1,3,0.43268078212675043,0.15895906128239082,0.36671274161413053,0.47908810783262107,0.45475634076706994,0.39936234488935085
2,29,123,1115|1|training,1,3,0.5355792006225586,0.4516574730350481,0.47556408043925286,0.407355603608139,0.3860276167161199,0.41284425721848866
2,29,124,1116|1|training,1,3,0.5112684396175791,0.16407841353045663,0.5502912916156321,0.5205586076972294,0.557348979056273,0.41665194548952506
2,29,125,1126|1|training,1,0,0.6131265219475343,0.6107730390572553,0.8385081262706624,0.5966620575527659,0.623139709548977,0.5244276546629982
2,29,126,1127|1|training,1,1,0.4648499822071472,0.6470606406275694,0.5767020431434304,0.5080660257094228,0.4900897985388119,0.48632027703789216
2,29,127,1139|1|training,1,4,0.5764633534373417,0.44006217655991714,0.5696351573511345,0.6089855124534709,0.6212252025952951,0.5695979983578696
2,29,128,1151|1|training,1,4,0.4968329508594864,0.4295205885429936,0.4655619787747522,0.6389205880598934,0.675185073658147,0.6760321404478765
2,29,129,1152|1|training,1,4,0.7573260791894886,0.8452772128125322,0.814839446928051,0.8341439908669871,0.8703391091451105,0.7130940273581299
2,29,130,1153|1|training,1,1,0.509365562994204,0.8622625862735795,0.7559841027647709,0.4957918091309557,0.491217137245093,0.5000570057355903
2,29,131,1180|1|training,1,3,0.6942501781947722,0.8720954813721907,0.6799677427832346,0.7425572057676145,0.7749388323001266,0.7130117039898674
2,29,132,1233|1|training,1,2,0.41806446742531356,0.23482659858814303,0.45790705452197944,0.43517298445619335,0.4342801881470799,0.40053863564888326
2,29,133,1234|1|training,1,1,0.635256930282722,0.8845059508089762,0.7781730447084152,0.5284384351735094,0.5376602902121728,0.6573514546223596
2,29,134,1235|1|training,1,1,0.45631120739807485,0.5214215262683448,0.4371417372464891,0.4655479777758964,0.4879138441747042,0.5781142423607003
2,29,135,1236|1|training,1,0,0.5334185290948947,0.583402850025131,0.39994825165743286,0.40808082731174833,0.47204481794682845,0.5575777333183203
2,29,136,1238|1|training,1,4,0.5725553912719947,0.7279104766818555,0.7085387762306663,0.6021457013920763,0.6270511371273535,0.5363204539108959
2,29,137,1245|1|training,1,4,0.8032675982218274,0.8873582837862901,0.8457893439152167,0.8129604883533087,0.8361924359910966,0.8150708362632008
2,29,138,1247|1|training,1,3,0.665118175738479,0.7788899358643635,0.7005959832042269,0.711060248053733,0.7283484466770068,0.602161162575058
2,29,139,1256|1|training,1,4,0.6212212861973763,0.8967002940052123,0.7297878742726456,0.5876379935082182,0.6437318424500686,0.7095602115268907
2,29,140,1258|1|training,1,1,0.5527234798898109,0.9393146727399514,0.5757263798641472,0.49539082212955016,0.5949653237459002,0.6227240133431787
2,29,141,1260|1|training,1,0,0.5000291922294207,0.6301638554715845,0.5448797575976646,0.5727052426005367,0.5949252040041441,0.5939065148955402
2,29,142,1276|1|training,1,2,0.6528870929585402,0.7863887557960347,0.6560939528030211,0.6414862195833352,0.6531626248876544,0.6198778539322685
2,29,143,1277|1|training,1,0,0.5337263485892606,0.6666663765090216,0.6296345044852645,0.5046360064669836,0.48397910934985366,0.6246519351496078
2,29,144,1279|1|training,1,1,0.6465952998182296,0.7899377880975383,0.6558678615565579,0.7250436157132651,0.786842439247208,0.6644526254953469
2,29,145,1280|1|training,1,2,0.4467231259749683,0.7142920783449862,0.5603080332743557,0.4946340954279252,0.4467496053076305,0.5132491203307705
2,29,146,1281|1|training,1,2,0.5003776783827456,0.8553273249091926,0.6902195825356584,0.526162566012708,0.5004016594459976,0.5655805885172718
2,29,147,1289|1|training,1,3,0.6711090072963822,0.7572994226024605,0.5317890358129722,0.6721736224659528,0.7107432016826517,0.6743694584357415
2,29,148,1303|1|training,1,3,0.5012783053017296,0.6706510977664981,0.561681604837804,0.4737066691792551,0.4714809723430187,0.5954470183535536
2,29,149,1305|1|training,1,0,0.6979235472066455,0.37116046900763755,0.7682666742216627,0.5860084656959101,0.6340347394371109,0.7095883511851763
2,29,150,1307|1|training,1,1,0.6915155216371959,0.6931022037779822,0.723767118008749,0.6108759441600543,0.6678354514453592,0.7024187328734418
2,29,151,1309|1|training,1,4,0.3901703638188666,0.20592920262910971,0.4676646538610285,0.48287445462968065,0.5073288134791061,0.5774631376150392
2,29,152,1320|1|training,1,4,0.6280652430517006,0.8801790530100875,0.7319205519059175,0.6328922193476477,0.6053056967565452,0.5817797341834344
2,29,153,1322|1|training,1,0,0.6672209719924712,0.7177178933274743,0.7562363255102597,0.6407146127891186,0.6731854775612403,0.7092832234786263
2,29,154,1324|1|training,1,1,0.7178115783820097,0.8659770888011834,0.6512119655952626,0.6516130469893752,0.6529180214271709,0.7211230703652788
2,29,155,1326|1|training,1,2,0.7150511670515104,0.9381592467340564,0.7641208423476982,0.6280225728337528,0.6805768989621263,0.647516853549264
2,29,156,1328|1|training,1,4,0.6046948493723998,0.5078107897120457,0.639038301581929,0.5284630469668908,0.5624486760403408,0.5728039714096553
2,29,157,1330|1|training,1,1,0.6039989093496622,0.7447349231318717,0.7321548469703787,0.6520998728350825,0.6905472843351496,0.6851783964519682
2,29,158,1332|1|training,1,1,0.5066572694908754,0.85286902571177,0.763847959730458,0.6422214413718694,0.5995585843827154,0.6660533288448012
2,29,159,1334|1|training,1,0,0.5006894056653808,0.45379551458175094,0.5899897419434275,0.5563883834543253,0.6015501615794135,0.5422670230161328
2,29,160,1336|1|training,1,0,0.7307845514674444,0.4568345512958865,0.6641731829239389,0.5470627024480562,0.45881811232395925,0.49178824633820245
2,29,161,1338|1|training,1,1,0.6707715451750589,0.8462920126400164,0.6973082309270878,0.49729204262301363,0.497575399040592,0.5919193221437163
2,29,162,1340|1|training,1,4,0.6882556575350661,0.8319375881824989,0.6890418792105063,0.727015035611368,0.7913188135982836,0.6480470556632525
2,29,163,1342|1|training,1,3,0.71221394332924,0.708158410350012,0.8005011230192323,0.6531115395893866,0.6689677778963116,0.7214160282775355
2,29,164,1344|1|training,1,0,0.704464185965309,0.64675108534535,0.6736775409998589,0.6583418326985194,0.6794094137163613,0.7045172307458635
2,29,165,1346|1|training,1,3,0.6173248016323228,0.7954488662277901,0.47360256897908243,0.6269049414571165,0.6369743000988254,0.7139486176223384
2,29,166,1348|1|training,1,4,0.6643397593168394,0.859456739945224,0.7275144046715228,0.7420699042482055,0.7629598010846613,0.7455159113241349
2,29,167,1350|1|training,1,3,0.6409165384840355,0.5726810899634991,0.5906795332973618,0.676986798367307,0.7120719787758323,0.729103276240837
2,29,168,1352|1|training,1,3,0.7269195790176236,0.8226701672765512,0.7019936378958398,0.5920827052171331,0.5837863311442916,0.7158998547399752
2,29,169,1354|1|training,1,0,0.6525191635807854,0.648356483057596,0.6474727805563504,0.7063063422221961,0.7383957351657626,0.7247716558565416
2,29,170,1356|1|training,1,1,0.6512653879452293,0.802580751255348,0.6270756090788608,0.6465145568734115,0.6925953423360942,0.7147363780898883
2,29,171,1357|1|training,1,3,0.6063699584302525,0.7856471308754414,0.5732809103848427,0.6094118587926939,0.6285588724168354,0.653225260349777
2,29,172,1359|1|training,1,3,0.5338737977504358,0.7754795945976697,0.5955234725266556,0.5562610601559981,0.5843567039277209,0.64274262771856
2,29,173,1361|1|training,1,3,0.42987051004030136,0.44334276720514276,0.5327996097337974,0.41130610591719047,0.37830385007629797,0.46143729123242194
2,29,174,1363|1|training,1,0,0.5833351148579579,0.704291690817437,0.603617260385507,0.5657511566000339,0.5097084104772489,0.596201840692321
2,29,175,1378|1|training,1,4,0.5855853193262179,0.6841778807331839,0.6499218097130617,0.5970591121351699,0.6289225467451519,0.6184697457145982
2,29,176,1413|1|training,1,0,0.5566826075339584,0.442593017124771,0.5602552193530435,0.5656845952570623,0.5642543330178318,0.4934453117153872
2,29,177,1550|1|training,1,4,0.5296361586392867,0.7325395118321659,0.6902736191069273,0.46546190109443436,0.46995643064644355,0.5844226520711181
2,29,178,1552|1|training,1,2,0.5862279343448038,0.8556454907473692,0.7398996756282575,0.5654900299003026,0.6375226582026717,0.6758083160695814
2,29,179,1553|1|training,1,3,0.7180318875400225,0.5215981807553972,0.553157642473767,0.6848368458544927,0.6890310649697309,0.7733705270929884
2,29,180,1556|1|training,1,0,0.7152223470739548,0.6989901230905713,0.6242043805003713,0.7370424599453069,0.7752781583001587,0.5805652643038877
2,29,181,1560|1|training,1,3,0.47279185972315213,0.3592730476943887,0.37707248303768137,0.5653912766186662,0.563284494164808,0.5311175086227667
2,29,182,1563|1|training,1,2,0.7422957961812119,0.916524877217399,0.7988807674859321,0.6283301247151594,0.6598494520842642,0.6388605688531017
2,29,183,1564|1|training,1,2,0.7276171653497996,0.6931488830129044,0.6213556461958983,0.8362953146635089,0.8790746648976515,0.629341577575336
2,29,184,1571|1|training,1,0,0.7263649893618515,0.8400452519102943,0.6641639325480728,0.7702840880712136,0.8076286966507673,0.7323963111775773
2,29,185,1580|1|training,1,0,0.4134524325808074,0.18621285793718537,0.17544501787530487,0.4181440530623981,0.34277139829008285,0.3057962699698775
2,29,186,1582|1|training,1,1,0.5685456595542168,0.8872981865335202,0.7365526796626025,0.5960178559873315,0.6404145346740234,0.606806872221032
2,29,187,1583|1|training,1,2,0.5828965937385995,0.9186385070881916,0.4820586653793244,0.5054989174775173,0.5349579816441759,0.6231061926763208
2,29,188,1594|1|training,1,1,0.44398411086338063,0.6771741132163155,0.3603370644171693,0.3461625483312865,0.4488751415060386,0.34123806934296935
2,29,189,1629|1|training,1,2,0.7276795232795739,0.8627649906366719,0.7352671315952337,0.8698819001913892,0.8976187393041876,0.7314122463602586
2,29,190,1639|1|training,1,0,0.6080721529278971,0.6912340744932715,0.7482004737944687,0.6198703162603885,0.6670611805375735,0.7002397674357095
2,29,191,1641|1|training,1,4,0.48771926888960254,0.29742580522168954,0.6031885997511103,0.5271886024000212,0.5722022299422097,0.6064824724516812
2,29,192,1646|1|training,1,0,0.5161971871940912,0.267554405791694,0.26108104017752193,0.4620546672720532,0.45229308555040326,0.453858693319039
2,29,193,1647|1|training,1,2,0.5150790895144239,0.7466080174155283,0.5552444665040175,0.46133808185202174,0.46083251496059996,0.5249473959420354
2,29,194,1655|1|training,1,1,0.6740532002119679,0.8934044865596714,0.5563204713193904,0.641813208041041,0.6677240105716831,0.6162913511786783
2,29,195,1656|1|training,1,1,0.6439866827543873,0.7153840581099234,0.6037313239313874,0.668217332679859,0.6891896419298833,0.610125167227317
2,29,196,1660|1|training,1,0,0.7183617198752416,0.7029752849368178,0.8633507943767076,0.846937100587226,0.8674954124799631,0.6632960555715016
2,29,197,1662|1|training,1,3,0.5117736475785495,0.5765988899169684,0.6148163641152374,0.6172506376179805,0.621668471678406,0.5903360209811552
2,29,198,1663|1|training,1,0,0.5606159018440543,0.6737284485192342,0.5797479022307777,0.5680347101461938,0.5661036811565529,0.6116007684965153
2,29,199,1671|1|training,1,3,0.6783548303994834,0.8635406904530187,0.7613308579258073,0.7311725734070897,0.78742259265349,0.7103208834719178
2,29,200,1674|1|training,1,0,0.6018015569940438,0.48213449627701976,0.6022589974401952,0.6755303565859343,0.7100219008498281,0.6205371563538034
2,29,201,1675|1|training,1,0,0.6702965145222662,0.4156370921090603,0.6799008227536307,0.7620017648459194,0.8125769150854177,0.7296472390122745
2,29,202,1680|1|training,1,1,0.5876319532416,0.9571904522022571,0.7689917878266175,0.6051231808448334,0.6746912006300972,0.5953328365496033
2,29,203,1728|1|training,1,3,0.5752216457263066,0.508039157416461,0.6928351082450097,0.6155376138696241,0.6619820519449854,0.6233324178885028
2,29,204,1729|1|training,1,2,0.6173765860902026,0.9024575806216438,0.3872776237733548,0.6003650357419928,0.6562529568660578,0.6274350088247471
2,29,205,1741|1|training,1,0,0.5535877610179208,0.5940065445242777,0.4691946112972436,0.5137380924974099,0.5327361506222027,0.37432687898577305
2,29,206,1753|1|training,1,0,0.4626763028313827,0.40782960599347473,0.6088106705476775,0.5117498544904333,0.5114871152115815,0.5986688739601636
2,29,207,1756|1|training,1,0,0.45348395691976345,0.522154131257928,0.3635495444126548,0.43757766795436437,0.4650345885039645,0.5297774043396777
2,29,208,1759|1|training,1,3,0.4222937170260044,0.3710959019132138,0.3648196082403221,0.542850388485458,0.5259562415856455,0.47860442517688306
2,29,209,1770|1|training,1,4,0.5409106468111627,0.5308651462164021,0.5919127359488308,0.494593399447534,0.5597206163397704,0.6605975537506961
2,29,210,1771|1|training,1,1,0.6445021208275369,0.5700178530881241,0.7102536132056071,0.7189343727561854,0.74680148652454,0.6653855787237835
2,29,211,1772|1|training,1,3,0.5658842871626995,0.7370002430430102,0.3480890005023119,0.5164378039010757,0.5067768275837452,0.4823229037110769
2,29,212,1793|1|training,1,2,0.6340768719808482,0.4785902087956753,0.5879965435232061,0.520202532540438,0.5198539568530944,0.6439400280648336
2,29,213,1794|1|training,1,0,0.6398270396564913,0.4218181109215001,0.5219279625028235,0.5706964356451323,0.5905692441604715,0.5499925544360851
2,29,214,1795|1|training,1,2,0.5288720490530493,0.4998362763197714,0.44959272741528705,0.45601262754836647,0.4358975365992087,0.5058316388152064
2,29,215,1802|1|training,1,3,0.5205020143481598,0.691814603172517,0.3934682019550207,0.5681180297804824,0.5961629376943748,0.5948757871722835
2,29,216,1833|1|training,1,1,0.5381251123096977,0.6755927643455549,0.40629749950543753,0.5502046250314535,0.5401756128654425,0.47680593688633943
2,29,217,1855|1|training,1,3,0.5606848419617206,0.7033299168823435,0.5249571887798343,0.43122149182630337,0.3972602352691888,0.5486838967406507
2,29,218,1860|1|training,1,4,0.5480980042059435,0.4099000651534837,0.5052333379770352,0.46804924137829024,0.48558587232648115,0.5904768539553209
2,29,219,1875|1|training,1,3,0.610023301517334,0.6883847816551031,0.7522209367344479,0.6406665516072514,0.6804569613500692,0.734747017656459
2,29,220,1876|1|training,1,1,0.47387608830322064,0.7030156440525602,0.3582033826010284,0.5594414556483336,0.5264243872406678,0.3717553019186952
2,29,221,1877|1|training,1,3,0.4806952425172754,0.2635893267457002,0.717976321684244,0.6965195642271652,0.734179288400823,0.6705044438751938
2,29,222,1878|1|training,1,4,0.6550854877377408,0.8846917921554827,0.6487718730145806,0.7034274509036109,0.7345612205352025,0.5927485909514935
2,29,223,1879|1|training,1,4,0.5323506259011073,0.8113518672052284,0.5716022891773154,0.6751363865930615,0.6141253810378277,0.6766396093150616
2,29,224,1880|1|training,1,1,0.6142011338905607,0.8905949154553339,0.7730268039995251,0.6481417691309407,0.7765805649746877,0.7013388153627143
2,29,225,1881|1|training,1,2,0.5049912304472719,0.17926924146911294,0.5368149711953993,0.5726334238869658,0.5477623667113118,0.5162314762727788
2,29,226,1882|1|training,1,4,0.5835830508549297,0.3986717217255153,0.5321760918138919,0.7151634245698549,0.7326480696032822,0.4966105256405749
2,29,227,2003|1|training,1,4,0.5024996041892282,0.8319333952901594,0.4592991290871612,0.476745331635346,0.5604882289131092,0.48074463904714415
2,29,228,2022|1|training,1,3,0.5403975565275971,0.4988648881910445,0.6977336635500886,0.5201804452716914,0.5665947325224453,0.5580109296703276
2,29,229,2032|1|training,1,2,0.5611376511448847,0.8663110687246299,0.6799574933412214,0.5328301410792363,0.509421952300185,0.6803370918001573
2,29,230,2038|1|training,1,2,0.48611162420080073,0.47482915221955585,0.5109465303440384,0.5608547123839285,0.57375804665458,0.6266565621606907
2,29,231,2039|1|training,1,2,0.47908202667971544,0.18965035756732337,0.5139537047580633,0.5029012777302987,0.5477027836605322,0.5740853680605855
2,29,232,2050|1|training,1,0,0.5387450120437918,0.4467589417578142,0.49317948824441576,0.47248419676068965,0.4799762684012592,0.5351482898828114
2,29,233,2057|1|training,1,0,0.5509674208748715,0.5597755157946641,0.399743673634201,0.45265556456020767,0.4547049438915017,0.40755282556329836
2,29,234,2060|1|training,1,2,0.6059007682279794,0.8755897694415348,0.6071435122907135,0.6580396847075914,0.6708864559660427,0.6016054346543237
2,29,235,2071|1|training,1,4,0.545972536663511,0.473484541839026,0.616918483970525,0.49416316846834835,0.5201514075308081,0.4059749044752753
2,29,236,1|0|training,0,1,0.3508987843435159,0.11512145193673158,0.39527595475878907,0.3544229737178874,0.2545284755095994,0.28178820885671807
2,29,237,2|0|training,0,0,0.49312613811882205,0.5041646963269245,0.452139770398581,0.49486241035883366,0.46783075551259784,0.4992371888032192
2,29,238,3|0|training,0,3,0.5626049313955244,0.24210568434377416,0.4652903410889821,0.4071436570515655,0.3776046415394582,0.4203444396407758
2,29,239,4|0|training,0,1,0.47213697927696385,0.32627395881988425,0.3730872063794292,0.4441848929145399,0.4278436570474695,0.3153976072462234
2,29,240,5|0|training,0,1,0.47866463129109077,0.3158980514204297,0.3443722740522065,0.6518540024274541,0.6831534641258113,0.5973219324460031
2,29,241,6|0|training,0,2,0.37611717448425375,0.24967578861969192,0.298228986038844,0.20007860456085108,0.18784608429288993,0.4326415632531956
2,29,242,7|0|training,0,3,0.4567722706691744,0.4812353118846615,0.4351331569804535,0.4642842046493238,0.45661398264191627,0.4084177607035251
2,29,243,8|0|training,0,3,0.3547652540057197,0.06866606320608405,0.18294214688581573,0.47747047023213807,0.39676277493700124,0.25880284095429995
2,29,244,9|0|training,0,1,0.522852727939794,0.5706613185622494,0.48807419670275337,0.4606269936911963,0.4241593413237483,0.45265777768039067
2,29,245,10|0|training,0,0,0.2802601673729616,0.47624653236796466,0.3850505527362185,0.13943991571206166,0.11570381414105005,0.3007158515283196
2,29,246,11|0|training,0,3,0.5704853934349589,0.7398391796135589,0.5730554791861445,0.4596207261053957,0.429501538674114,0.4715016844382171
2,29,247,12|0|training,0,2,0.7301470520627882,0.915563120841832,0.7047626668609257,0.617431171637536,0.6212872106172146,0.6045684411014879
2,29,248,13|0|training,0,0,0.48654397501529395,0.48886523465862014,0.5143209658878449,0.41378224850588563,0.37623499909025343,0.44823900570031916
2,29,249,14|0|training,0,3,0.4923179629252567,0.22501474621126002,0.3085136071921932,0.560456331341743,0.541364760943055,0.5087996143971592
2,29,250,15|0|training,0,2,0.4601062073843276,0.3104269443406728,0.43246841132228225,0.4693990913601879,0.446719870622665,0.49406289727438124
2,29,251,16|0|training,0,2,0.27411805369486,0.056711277711388695,0.107710098451269,0.17952849190098086,0.12938397326295442,0.15215476782319093
2,29,252,17|0|training,0,1,0.4286158978088871,0.23787609590367118,0.4824256574577177,0.3915841664023511,0.38873330899919817,0.4529090079381909
2,29,253,18|0|training,0,0,0.3644315615195553,0.19637747346122136,0.20977837224901014,0.21268366003370004,0.1583202169228668,0.2877226201863013
2,29,254,19|0|training,0,1,0.48206776284262165,0.3489494557757509,0.4192226290474904,0.4040286909295428,0.3291068599822878,0.3615278954219827
2,29,255,20|0|training,0,4,0.33169735451570465,0.2300106147726129,0.21016528471147794,0.4145152288039874,0.4098948483610042,0.2831001029501697
2,29,256,21|0|training,0,2,0.450188328836902,0.5142230046381071,0.31023266814777745,0.4381343407420506,0.42339869374359956,0.2539342095134621
2,29,257,22|0|training,0,2,0.4690269265207569,0.5506100388287618,0.3706886370104466,0.5325028407323311,0.5404974286232279,0.559337795455826
2,29,258,23|0|training,0,3,0.30486632189809465,0.13476714119492803,0.20057852001167767,0.36416470329825357,0.26274336843322266,0.26225803495273214
2,29,259,24|0|training,0,1,0.5271813438868915,0.24926053523351202,0.5219874862803583,0.44791933442297716,0.44957307526601603,0.45237314037955595
2,29,260,25|0|training,0,2,0.3051153164163949,0.07790484554998958,0.19902015768561862,0.21076411526384037,0.1537183188422329,0.21414046237926176
2,29,261,26|0|training,0,4,0.2278337549848266,0.09343665266877886,0.08097726316696437,0.15812296513038515,0.09151045388945798,0.10015973255722901
2,29,262,27|0|training,0,4,0.5429880897909484,0.7918094861560783,0.5396933901808918,0.5094729223194207,0.45738434296284164,0.45524991407726473
2,29,263,28|0|training,0,4,0.3298393814929965,0.4447970819615763,0.19753720812543754,0.327382035070485,0.30033232383867897,0.31062134320162854
2,29,264,29|0|training,0,0,0.27360081214573395,0.1668100520617456,0.10184844143687008,0.20838774786553707,0.15793920005649356,0.17189893800757053
2,29,265,30|0|training,0,4,0.2950640956917698,0.30540025520304886,0.33804329010597645,0.20153572039494258,0.15946131831566224,0.2886464688487119
2,29,266,31|0|training,0,0,0.22268096418491737,0.1826959040293233,0.07550244704232441,0.15302926594322735,0.13015749060646667,0.14789962621569663
2,29,267,32|0|training,0,0,0.2917161767028761,0.2800271883858654,0.20832612124996733,0.1429291861340849,0.10730126138736255,0.26392269966718956
2,29,268,33|0|training,0,3,0.2800357284956307,0.2400621773344007,0.1597343055311147,0.19480019826541023,0.1263180146583563,0.2692544324841728
2,29,269,34|0|training,0,4,0.47036132191428837,0.48043547387634,0.49555286465247095,0.5504363060945965,0.5278790432503595,0.5144578599270961
2,29,270,35|0|training,0,2,0.47407784211048615,0.4223259864911788,0.5261985644585645,0.46772495772172434,0.4387564487352664,0.5474381806343109
2,29,271,36|0|training,0,3,0.34668086201373377,0.1479652469280339,0.2294075610600772,0.24005339846343718,0.20427284613975027,0.34201461670982136
2,29,272,37|0|training,0,2,0.3326059764759998,0.2420109868965295,0.18793364056161088,0.24731976499498934,0.19136995457188472,0.29363051447352134
2,29,273,38|0|training,0,2,0.3901094476015971,0.41600134712807496,0.382149410157764,0.4560847158688203,0.46765955161324474,0.39768771774361467
2,29,274,39|0|training,0,3,0.5552153136584381,0.7278747800307476,0.5553034309560713,0.5705797466764471,0.5422617935301312,0.6033401311187337
2,29,275,40|0|training,0,2,0.4826781360467075,0.8434308023190137,0.6142119933739252,0.5448446071796633,0.4759292985059979,0.42873740515934783
2,29,276,41|0|training,0,1,0.3458964329857464,0.40276113476438963,0.18140945427513874,0.3766771089114205,0.3439366412806794,0.3446057429544754
2,29,277,42|0|training,0,1,0.3960677577954784,0.5033481260841698,0.41975805986077375,0.25286007756073,0.20136187502482125,0.4409414341801885
2,29,278,43|0|training,0,2,0.44043394150321513,0.26860579298853965,0.6404450040575882,0.41474356632763876,0.4107742084318393,0.4132544117884233
2,29,279,44|0|training,0,0,0.41901676817382466,0.6101125634725255,0.34081899314800845,0.47420190269866574,0.44754132659985374,0.4353878515272761
2,29,280,45|0|training,0,3,0.4157178226242356,0.2981210679522538,0.44323432622554587,0.2647639633736614,0.22954185638326965,0.38258651719085085
2,29,281,46|0|training,0,4,0.45352823382228186,0.21242435191589137,0.26028964227321727,0.5202572224585202,0.5100270167201882,0.5894936975226447
2,29,282,47|0|training,0,2,0.483779866077409,0.4948407758170602,0.43508456215110425,0.49596864142000235,0.4927860921344483,0.5111303339636211
2,29,283,48|0|training,0,0,0.601168792069527,0.7505914607449989,0.8340342184523029,0.5782779912558996,0.609273526573404,0.7324286163334425
2,29,284,49|0|training,0,2,0.6081997000871111,0.2077601166870622,0.4112851239391252,0.3707316705534051,0.334362052589646,0.46822920393934886
2,29,285,50|0|training,0,1,0.5750040992427123,0.5401129867071095,0.5969941046173778,0.45697718501799567,0.4056198324714745,0.4583054467481801
2,29,286,51|0|training,0,3,0.32034813539104706,0.24295159203124628,0.26759716770631675,0.3089949578372435,0.2460189139412964,0.3398811743872709
2,29,287,52|0|training,0,1,0.547124620639308,0.8426554216524309,0.7034332004428125,0.45821370584765514,0.44493896747868694,0.5826708176910803
2,29,288,53|0|training,0,0,0.5306714532467128,0.668960286316524,0.7351739850585116,0.570851778554975,0.5430783675214469,0.7041083319192545
2,29,289,54|0|training,0,4,0.4013658341273695,0.5187745440027154,0.20570702118067852,0.268739067216333,0.23766189613497704,0.4031111323689133
2,29,290,55|0|training,0,0,0.4400473346852387,0.5868153597565475,0.5792530001521167,0.3875849340727368,0.33596201998744724,0.3798642892887198
2,29,291,56|0|training,0,3,0.5200949493153636,0.8236432887794807,0.7399659612897798,0.5196156835828265,0.5627106827388617,0.7018283926801069
2,29,292,57|0|training,0,2,0.43539173101526607,0.34445512967054626,0.6998951520434953,0.4705886719308897,0.4525166989958624,0.47777096756993875
2,29,293,58|0|training,0,0,0.5065544429114307,0.650625021835052,0.6250976289038143,0.5457478056705929,0.5934052497469916,0.5458819449548884
2,29,294,59|0|training,0,3,0.260972659028532,0.09634295143989367,0.14018346188254768,0.31518297406891355,0.20047606382951422,0.1664463518052502
2,29,295,60|0|training,0,0,0.5386985488244322,0.31282919772234263,0.4079408967162477,0.5227174939849145,0.6325417855512904,0.5119398399630907
2,29,296,61|0|training,0,3,0.2602298186700157,0.0877963690661482,0.13953873533364194,0.29138479174802806,0.1871746511362529,0.17101677891824696
2,29,297,62|0|training,0,0,0.47493210514309725,0.40163245733641967,0.38755838009824845,0.47599327566299304,0.4688847067724213,0.526590651085549
2,29,298,63|0|training,0,3,0.2896596664077192,0.27267053532409746,0.16386413447132986,0.26890971452445467,0.29565738751560755,0.172932572665669
2,29,299,64|0|training,0,1,0.539301276102695,0.5309705444744324,0.450213190980527,0.47412142327035384,0.456601583094729,0.4222018966536928
2,29,300,65|0|training,0,3,0.49521684173812636,0.29920790666186764,0.49151304985303895,0.48041730435507557,0.4595229061204943,0.44837826970328876
2,29,301,66|0|training,0,1,0.4281374175967856,0.3953392935943622,0.30128448237624417,0.4356706982204871,0.41070395086689737,0.4502697001516432
2,29,302,67|0|training,0,1,0.39266933370285845,0.14296350559048956,0.2616649198199269,0.38567875817845493,0.43181825593644996,0.2450883570986011
2,29,303,68|0|training,0,3,0.2561163575845832,0.21342390149117538,0.263891675456994,0.28935730957820527,0.24996894812766834,0.21901865127380407
2,29,304,69|0|training,0,4,0.21939528608500874,0.12401979238774616,0.1542703154417787,0.140653803025765,0.10900521497693665,0.28388703919671976
2,29,305,70|0|training,0,4,0.2540990714183966,0.10733861104478493,0.0943581577805687,0.14142909358486855,0.10096184413109985,0.1371891660775493
2,29,306,71|0|training,0,2,0.25063032142857183,0.1578914123383245,0.08350720380569884,0.15600464064303968,0.09576676117298658,0.1473754510037424
2,29,307,72|0|training,0,2,0.4959256880378691,0.7103858563330497,0.4133614681803287,0.4213081164064797,0.4234644570139126,0.45360016263905734
2,29,308,73|0|training,0,4,0.37580255023973264,0.45986617660251106,0.44833355858249835,0.48251689059911546,0.49082841996709164,0.5417034648038319
2,29,309,74|0|training,0,4,0.5638832304348428,0.8554343551374556,0.40774943536886477,0.4699395322455612,0.47667026343996405,0.5303279026032696
2,29,310,75|0|training,0,0,0.48578760488446954,0.5441998153779948,0.6025851601138478,0.5947996726309912,0.5816195387369183,0.5444476207866227
2,29,311,76|0|training,0,3,0.4845692122477342,0.481095851831026,0.5988018660985057,0.5074346656424853,0.5274950739659565,0.536004503881528
2,29,312,77|0|training,0,1,0.3987387699376386,0.298591827049424,0.3459347910188747,0.3737145069440364,0.32866627125340997,0.42355893982356063
2,29,313,78|0|training,0,0,0.3237406201064832,0.1684684735787163,0.19512024465428593,0.2422070037059259,0.17564752215797902,0.24397880929413573
2,29,314,79|0|training,0,2,0.2372853899281048,0.051355925041045594,0.24261267137144846,0.1914436088283512,0.14958169976682506,0.35210527863686947
2,29,315,80|0|training,0,2,0.39626670246968015,0.1379594645935966,0.3725077634216309,0.42756074213837614,0.33513817587308153,0.489127346763765
2,29,316,81|0|training,0,1,0.5710942415281918,0.7788549862001003,0.6050363705717956,0.5400594221499412,0.5649278373855958,0.5390610415483357
2,29,317,82|0|training,0,0,0.45409245765899936,0.3653478449570334,0.3577783507550837,0.45858907491391193,0.4240033433656588,0.3470875874235075
2,29,318,83|0|training,0,2,0.3583371860144041,0.18063333482622204,0.36962899220150996,0.4103112273169351,0.3867130135752312,0.5610701573762311
2,29,319,84|0|training,0,3,0.4377940676514227,0.19489971616234036,0.1586123511097006,0.2855183717441197,0.2473721807053251,0.2636688640133684
2,29,320,85|0|training,0,0,0.4092843379610438,0.5097792867994753,0.3578004637648551,0.439275239258389,0.5229562766073551,0.4690566335067479
2,29,321,86|0|training,0,3,0.31142451002188376,0.10952626542144933,0.10035904453449561,0.16712596110761824,0.12496049984857509,0.21035044575641126
2,29,322,87|0|training,0,1,0.5344728385678175,0.816420232342175,0.5829113802285324,0.5673948196060565,0.5276824638181639,0.4307378533444873
2,29,323,88|0|training,0,0,0.49110729401262776,0.5609044906549716,0.600148057764491,0.5693094504632025,0.5551297425381079,0.5689688123981427
2,29,324,89|0|training,0,2,0.35285345579105065,0.1929448952303354,0.3020986737946909,0.43762406338457005,0.36173081538336527,0.20995168792518892
2,29,325,90|0|training,0,3,0.493565714826332,0.7826815381233949,0.388531293965931,0.5539163487090503,0.5463404718934289,0.39144858246532854
2,29,326,91|0|training,0,3,0.4945337604951706,0.38440515414041915,0.47889180363617107,0.4096851288099354,0.4063116393459177,0.5352773499874415
2,29,327,92|0|training,0,0,0.3727575862454507,0.34770693710456946,0.2003439228939583,0.4843678680376121,0.4343622718555308,0.3939200902361892
2,29,328,93|0|training,0,0,0.3837153136870488,0.3401976806900557,0.36370586198119476,0.5058407046915766,0.4670328213257755,0.3795021868659874
2,29,329,94|0|training,0,2,0.5057611542363631,0.10679249131238837,0.6066886800699257,0.44190496546860664,0.41135225214382204,0.48874956935492975
2,29,330,95|0|training,0,2,0.5020469528362158,0.6725116742694119,0.5073070217514908,0.46453213016385264,0.5263847386405149,0.5077541707184332
2,29,331,96|0|training,0,1,0.4751441408998229,0.2921571861993713,0.23644007930819405,0.4578615429689307,0.41280209145340774,0.47761025315448896
2,29,332,97|0|training,0,4,0.5679033764824835,0.35875016551816286,0.4262291731508858,0.5222634782185958,0.61935540233219,0.643101909993993
2,29,333,98|0|training,0,0,0.4527541531581833,0.2979734679128539,0.3827115157927845,0.5977790124076636,0.6255623349995771,0.4723499020192301
2,29,334,99|0|training,0,1,0.43092259023017904,0.1581557713614977,0.36587585174211695,0.4739205458829338,0.4351697481104687,0.3768267813988672
2,29,335,100|0|training,0,3,0.46928152968571857,0.7038037808034759,0.6006848713960746,0.523447740115564,0.5212910330984353,0.5112060684148735
2,29,336,101|0|training,0,2,0.3838552524141391,0.40194681477484556,0.47357419593230304,0.4683791482067264,0.47597613948327094,0.4560148401215635
2,29,337,102|0|training,0,2,0.436227725112863,0.2493732052839509,0.39565416198910397,0.4625682860102316,0.45089619821832433,0.43793809176506504
2,29,338,103|0|training,0,2,0.3422189715474821,0.23787609384536157,0.1967707076591768,0.2944754810030338,0.23666699918914955,0.23403484833316868
2,29,339,104|0|training,0,1,0.3277336860893524,0.09927509022097418,0.1955136335382645,0.3791149301073877,0.34335992759834993,0.2997405960622006
2,29,340,105|0|training,0,0,0.4021394446687363,0.43317748314217386,0.2796293025390677,0.434988278261114,0.44429391855831984,0.44753184347528097
2,29,341,106|0|training,0,4,0.4724075655570809,0.2747610075151718,0.542673248743766,0.5413268930428743,0.6007254960596475,0.5267813468560902
2,29,342,107|0|training,0,3,0.3695754499395039,0.17808400126217663,0.3342585674580504,0.2602651822114896,0.1935979234646822,0.26240492407328103
2,29,343,108|0|training,0,4,0.3375164831361002,0.15777716504298292,0.18091848237809963,0.4031202937362433,0.37294101809306845,0.2732785451971233
2,29,344,109|0|training,0,0,0.36912044247922565,0.4203682883241482,0.3740203963135343,0.3869098991668325,0.3312359502047822,0.372155350652457
2,29,345,110|0|training,0,2,0.4756867059656206,0.07307427942069367,0.18703288248254507,0.4625139867854808,0.4627143871591148,0.22501698759153993
2,29,346,111|0|training,0,1,0.31548512035663423,0.07122086205323269,0.16056259578415719,0.3301397137754091,0.2513380399090457,0.22587942727705898
2,29,347,112|0|training,0,4,0.3488532603297592,0.42905590901257784,0.34423070983623616,0.4522321252794124,0.42867275807163363,0.38894492163894684
2,29,348,113|0|training,0,2,0.6830490432430414,0.8785594003211687,0.7420258482477604,0.5095087793320059,0.5521532339224481,0.740888026031287
2,29,349,114|0|training,0,1,0.5380187116367956,0.46780204206558784,0.4566648366647283,0.4972892754837416,0.44833969822073416,0.585051748719325
2,29,350,115|0|training,0,0,0.39762219668336524,0.3065849756086873,0.36226166103986673,0.4356078243777987,0.3971587124153046,0.377719853102431
2,29,351,116|0|training,0,1,0.2991315559912669,0.07165482405504348,0.20112006054974454,0.27764777891867676,0.23727653565803322,0.2891806270601156
2,29,352,117|0|training,0,1,0.5005688788838532,0.27060250073123643,0.3885786718118267,0.5467434142407878,0.5082299038717955,0.44128732742130045
2,29,353,118|0|training,0,4,0.4712491507201217,0.3094636696167721,0.46734579729781534,0.4897724821612777,0.4992410416313802,0.4845001105904036
2,29,354,119|0|training,0,4,0.22745816288295606,0.12696234594862704,0.07840681216031677,0.1788035955968917,0.1028165096763324,0.13534287565544786
2,29,355,120|0|training,0,2,0.28321341562993374,0.12400892098331859,0.18785121365305693,0.2159600561597738,0.18648225805527313,0.18826530517660245
2,29,356,121|0|training,0,0,0.3191488700756685,0.2661513333239403,0.3435030594757103,0.2796185951051083,0.2305405382104065,0.3659261398939921
2,29,357,122|0|training,0,4,0.33494397195139514,0.10068399056132803,0.18938421478893852,0.23052206829098176,0.1594022042714317,0.2456899631870193
2,29,358,123|0|training,0,3,0.4368821542481411,0.19184755163813874,0.43851240787242024,0.4715492933854055,0.43304334681676526,0.4301184519815448
2,29,359,124|0|training,0,0,0.5911679325954429,0.694374693114032,0.623978712116534,0.4453775405956457,0.3957668855595325,0.6148952332287847
2,29,360,125|0|training,0,4,0.4978032887980913,0.30818977732015385,0.3740159828230108,0.4085765935450885,0.4474903541318435,0.49642404594384787
2,29,361,126|0|training,0,1,0.30233197437875436,0.37819538111727247,0.42908143943549404,0.35391037951377086,0.30020936303904683,0.40634542666864804
2,29,362,127|0|training,0,1,0.5259981979814313,0.8038331004841601,0.6739606515171698,0.5380183066883347,0.5898060733045551,0.5450672810945568
2,29,363,128|0|training,0,4,0.27709754143536974,0.10421763076506861,0.35896822320498,0.3448968016563373,0.27800071403540744,0.3599379196237543
2,29,364,129|0|training,0,2,0.5653115696398526,0.8305061252548829,0.6652075661424816,0.5299123205767586,0.5306786050979503,0.6733175506290107
2,29,365,130|0|training,0,3,0.33255456722726234,0.28786953524773445,0.1948488082122611,0.2002667866891402,0.2693664743162362,0.120281186240856
2,29,366,131|0|training,0,2,0.4171631579558523,0.17270754908874789,0.41245927989956715,0.32813448751583485,0.23943466473037833,0.5718782105294185
2,29,367,132|0|training,0,1,0.526224090670809,0.7184923455953415,0.4772031901046207,0.5114839247270774,0.485026498987246,0.5839352377781546
2,29,368,133|0|training,0,0,0.24306732541665457,0.23157943260684807,0.18768550455300864,0.35004813373530463,0.2966169995870066,0.28191869377519596
2,29,369,134|0|training,0,4,0.37038786797802725,0.285481135950705,0.22742773639099723,0.3995064611760353,0.37193682036716436,0.3297033836240108
2,29,370,135|0|training,0,1,0.31965187702469533,0.3200332510278536,0.4571662276848984,0.307389611473145,0.27126631505758336,0.3729638365417922
2,29,371,136|0|training,0,4,0.362441518819604,0.2588556350093509,0.25559931186974877,0.3699312817674922,0.32416261106247224,0.2936194558896363
2,29,372,137|0|training,0,0,0.25066771923619674,0.20556923184942713,0.22093160696872807,0.2519141541135986,0.23406797662116513,0.21482897639231643
2,29,373,138|0|training,0,1,0.6179014981173331,0.9193097350125449,0.6530621450626165,0.5187487907519573,0.5124636862990583,0.6228907766480192
2,29,374,139|0|training,0,3,0.40394926359481254,0.5093851786161172,0.4285749262239914,0.39176246164605033,0.377505302809405,0.4800682075745087
2,29,375,140|0|training,0,3,0.3187180612038681,0.24666395614063552,0.4086886985448788,0.41771151464479067,0.36806728368832503,0.3730185355519385
2,29,376,141|0|training,0,2,0.3961547027517731,0.08965025900002367,0.214856239530779,0.38844858120262576,0.3525091745487988,0.2798416260198077
2,29,377,142|0|training,0,0,0.5063157090779834,0.24695506022705335,0.25056626272122656,0.4526548943985609,0.40440197807290795,0.31890560073335944
2,29,378,143|0|training,0,1,0.3364041088442546,0.23282529999654952,0.19987205035402167,0.28061117649528916,0.27273507202472963,0.32690594776866494
2,29,379,144|0|training,0,4,0.3332644960959317,0.16760824011224743,0.25011596455104973,0.4290607139464968,0.4012586872311597,0.37587069126579375
2,29,380,145|0|training,0,3,0.5115993971148162,0.5401831972242918,0.6907784394461456,0.41294591664933433,0.4054083772368242,0.5750850641333529
2,29,381,146|0|training,0,2,0.32460264282288587,0.10178894100576347,0.1962950217777527,0.29174372981984753,0.23716644600597703,0.2625571663493729
2,29,382,147|0|training,0,4,0.4555241309547745,0.4986196898385481,0.7204274241079874,0.44091742961145325,0.4948856885296955,0.4873089540318723
2,29,383,148|0|training,0,3,0.4738409500064591,0.5803393178319617,0.31057224158106705,0.4813366608311131,0.46863276031863094,0.5004362382374065
2,29,384,149|0|training,0,3,0.3614698789823327,0.24556905148521577,0.42260156182493036,0.3397523079579312,0.28045912201299683,0.46213524878872575
2,29,385,150|0|training,0,4,0.5493585160902708,0.5431886161314927,0.4595952561876475,0.5247095779307528,0.5387711440139655,0.5145063862206213
2,29,386,151|0|training,0,1,0.5434613808107323,0.7377916509377944,0.40029638216826713,0.40549964991140425,0.3806361938120627,0.3823367580001681
2,29,387,152|0|training,0,4,0.2581778781508938,0.20205934830369865,0.11262394951582459,0.19043505029581578,0.20335060276983982,0.08821778125652313
2,29,388,153|0|training,0,1,0.4577253710384234,0.16566226703203574,0.22922770011866908,0.454422908377896,0.41790481468593815,0.41527555154542145
2,29,389,154|0|training,0,2,0.27051460034944563,0.26056079367720014,0.3286710889531958,0.2960691324716229,0.23535893076033085,0.31446906962823695
2,29,390,155|0|training,0,4,0.43295822257830036,0.29831614944311263,0.4007084154405855,0.3753396394601897,0.3320419535310238,0.454613143534692
2,29,391,156|0|training,0,2,0.3198603413331642,0.12027536984614028,0.19902418564214638,0.30762409351840964,0.2676356909581505,0.3128516782899581
2,29,392,157|0|training,0,3,0.545910646237524,0.36985959041235944,0.5294545053151449,0.5234968044643604,0.5785637832986467,0.4507842817735548
2,29,393,158|0|training,0,0,0.36646025664186876,0.3598655742334747,0.22273241508646863,0.34892699630038454,0.2700860301457017,0.2362276755183648
2,29,394,159|0|training,0,4,0.44499548676013184,0.30151966625055465,0.554098824100399,0.46994381300879773,0.4458603962772957,0.4315918695483628
2,29,395,160|0|training,0,0,0.3956151721419735,0.7393114592654566,0.5797783107016858,0.41140778950928136,0.3568667697163428,0.6792628500288299
2,29,396,161|0|training,0,4,0.5151350299755076,0.7688867136570907,0.5102022916848767,0.40102061706965253,0.41349268400389916,0.4970227833400347
2,29,397,162|0|training,0,2,0.3483066469386305,0.39074442991971986,0.2883874517273165,0.292464084068155,0.24150295753986664,0.353274426223512
2,29,398,163|0|training,0,2,0.4492061386519109,0.40485490087002096,0.5661087640004767,0.45569987811283535,0.43557231155668286,0.37613452758621196
2,29,399,164|0|training,0,4,0.24964354726742582,0.10207685377306641,0.20030569122134753,0.2817263799837394,0.2663587062017422,0.31777605614492727
2,29,400,165|0|training,0,4,0.464180570823904,0.21603361931779685,0.26376911543788295,0.4065053734749275,0.3466395356667149,0.400128223626428
2,29,401,166|0|training,0,0,0.2950288775521601,0.35434659158063675,0.22153858552075106,0.21705986168535088,0.1715754527406821,0.23891508818323998
2,29,402,167|0|training,0,4,0.25650830857904783,0.11634103427197341,0.13123681018087544,0.24737981526466948,0.19400156051602502,0.21136007708582052
2,29,403,168|0|training,0,1,0.24807092359748031,0.08981671043418955,0.21678134821236714,0.3788785225823404,0.362887407788573,0.41305852905845175
2,29,404,169|0|training,0,2,0.38045520734752913,0.605714293207473,0.4452271141736809,0.3600999016358125,0.38681303146661433,0.32649188777052457
2,29,405,170|0|training,0,3,0.3133598604456749,0.08845757513368199,0.16727984701060045,0.4064695317162893,0.28076174679714516,0.20818608479325443
2,29,406,171|0|training,0,1,0.3283087085717142,0.14023265862376355,0.20758927406770017,0.3771609434927953,0.3738256170769738,0.31943515637788306
2,29,407,172|0|training,0,1,0.34356285515950175,0.23554405034808878,0.2792111793577737,0.37090247364632817,0.3482398974930296,0.4527339854641368
2,29,408,173|0|training,0,0,0.23703659908860233,0.25301778820422627,0.46027144948849325,0.2974041828955158,0.23397950274809573,0.29494287494763205
2,29,409,174|0|training,0,0,0.38329193576948606,0.640332557181767,0.37885929952064573,0.40758498917342434,0.4291278827429303,0.3898137681636884
2,29,410,175|0|training,0,0,0.3644420765261681,0.20772074097576385,0.2720653046636933,0.3243374671408578,0.2676016944977508,0.3010989345689562
2,29,411,176|0|training,0,0,0.3466826057794869,0.556249649472594,0.29032094859026736,0.4013271429617617,0.3596603893455063,0.5034918107707702
2,29,412,177|0|training,0,1,0.4417811786942779,0.8438608751758226,0.5504497338309028,0.29291836405997873,0.2715808113035444,0.47035470426378495
2,29,413,178|0|training,0,3,0.25328558417128455,0.09507831456067352,0.19895787634304068,0.2965222390917795,0.25142760907434014,0.240492100788041
2,29,414,179|0|training,0,4,0.32235008550868655,0.13833327358917036,0.16700922416559114,0.41356911909592525,0.33921012538555406,0.36112820360180536
2,29,415,180|0|training,0,4,0.3337096628510981,0.20716957576239448,0.11624193442701188,0.29084481028196446,0.30174918837971004,0.23098544125852805
2,29,416,181|0|training,0,2,0.48684056045493196,0.7138940327719417,0.446969182391486,0.5194228619255488,0.4823716567261374,0.5711455347908007
2,29,417,182|0|training,0,0,0.52536069494179,0.5594673870027032,0.5615825464756696,0.4605320135882691,0.4236653102454034,0.5713707990097638
2,29,418,183|0|training,0,4,0.42815761934714497,0.1455608681440973,0.3091678613307423,0.5392715197876707,0.5290863041985381,0.4587508494469428
2,29,419,184|0|training,0,4,0.4322965963362528,0.2588174963607253,0.2859566432106731,0.40497571862417764,0.3878029402156412,0.4004901222148733
2,29,420,185|0|training,0,0,0.24554546794795243,0.23393420648577762,0.23175890038918068,0.2590162585102914,0.21653341549372582,0.21119362061847383
2,29,421,186|0|training,0,4,0.34280497654756353,0.1676601906359894,0.4383994426468246,0.4794542352527164,0.4549621851559645,0.5779322647700855
2,29,422,187|0|training,0,3,0.33066790790045114,0.1550184069106474,0.22049380575783203,0.3333478628357817,0.26824896277668914,0.2463461917947626
2,29,423,188|0|training,0,2,0.42030327753466656,0.09722548478945138,0.36331285087310117,0.5445508767135352,0.5211369824195505,0.507642306523099
2,29,424,189|0|training,0,0,0.44867661973372036,0.27795001260436275,0.2675052897357922,0.5431974942112013,0.5289231319888633,0.3764235057362767
2,29,425,190|0|training,0,3,0.353463840679617,0.08918670661428191,0.38421625492676453,0.43038851278100976,0.3815630947976945,0.3560908167930507
2,29,426,191|0|training,0,3,0.44242271500676117,0.46143238454233965,0.5560414697594386,0.528152974032052,0.4986720057258266,0.4142055771021225
2,29,427,192|0|training,0,0,0.3391083995637438,0.203205749560799,0.1970797375574693,0.3873712337078597,0.3594976728720835,0.30520824174077293
2,29,428,193|0|training,0,3,0.5378960529245211,0.8435015169048974,0.7213993535630899,0.5350166124499545,0.5262650664174049,0.5846626449886636
2,29,429,194|0|training,0,3,0.4314584754420401,0.4970335711936034,0.28193937612903036,0.4576780890468649,0.42098080087831014,0.45227787214394444
2,29,430,195|0|training,0,4,0.4380499278596965,0.2081157235324193,0.31782918833980117,0.47007518156739575,0.444133002043466,0.47821688145329494
2,29,431,196|0|training,0,3,0.5190671554566789,0.612678022534906,0.5249066787382651,0.5307782906129763,0.5646767676989075,0.5615325412431851
2,29,432,197|0|training,0,2,0.45634567149552363,0.5447273261878405,0.6124146413594898,0.5066566952291547,0.5196381157172919,0.531987668599365
2,29,433,198|0|training,0,2,0.26884075162244475,0.08104853360485227,0.1535211983663818,0.38586815809034136,0.3062114123186241,0.2464955166699327
2,29,434,199|0|training,0,0,0.4393479824323521,0.31527505717287113,0.3333984016264363,0.4764482683189756,0.43709051165711155,0.3675865203993059
2,29,435,200|0|training,0,4,0.32561507240061927,0.21522574702173308,0.2355686627032263,0.2873221741496575,0.23795006836271015,0.3845567115838118
2,29,436,201|0|training,0,4,0.36331003550184454,0.5263503873518225,0.31875914101626585,0.4758553031216014,0.439380321736745,0.35304867169782056
2,29,437,202|0|training,0,3,0.5321509378981036,0.7958774535692578,0.7704127406342941,0.583740674801809,0.631341615221154,0.6166023170259595
2,29,438,203|0|training,0,1,0.42410880747079843,0.1913762567710955,0.24647876382521675,0.4250428600350911,0.4201671610489244,0.3787969315477826
2,29,439,204|0|training,0,1,0.3137669291924906,0.0914698660290847,0.1866275617054381,0.3369749651547266,0.27941527747687883,0.34807803993402486
2,29,440,205|0|training,0,4,0.3519107108988416,0.18915916100733468,0.29086955296682054,0.3767750741288411,0.3159545037919556,0.3517222121164818
2,29,441,206|0|training,0,1,0.5334989017112287,0.822038446964872,0.5395684293903715,0.4947969579322998,0.5059525643172542,0.6294219729905418
2,29,442,207|0|training,0,4,0.4318667092099583,0.19061210704846665,0.23187868988116472,0.4020407170180495,0.3924638156370904,0.4342150478227049
2,29,443,208|0|training,0,3,0.525375584173113,0.5557332403014855,0.5036301130025446,0.4659703872655718,0.4632596106691821,0.46728767960826184
2,29,444,209|0|training,0,0,0.43017471584034783,0.4503050088291521,0.689131617213272,0.5281751587746841,0.5524189897753925,0.5871783414548346
2,29,445,210|0|training,0,2,0.3524930396326548,0.0790220393952579,0.2871161619567358,0.4399629502381221,0.40721563368401087,0.29743482497703877
2,29,446,211|0|training,0,1,0.4374329277663576,0.1478973957867816,0.3521380023383406,0.4271692182422155,0.39610171016851337,0.4861010522439027
2,29,447,212|0|training,0,1,0.4492551403624138,0.2394067479728975,0.35837567436729806,0.32518621711715956,0.27214474950459544,0.30608049175959123
2,29,448,213|0|training,0,2,0.3426437948742376,0.09035008918726173,0.2790185333210854,0.3910801530565656,0.30750319317846997,0.2430269090279439
2,29,449,214|0|training,0,0,0.42889312779009214,0.2018655763388535,0.22543654925241025,0.4199312212651321,0.3633536078851256,0.3227547235262272
2,29,450,215|0|training,0,3,0.5055448321249332,0.3779571805236235,0.24180752315435108,0.5096425757093408,0.5601830833085529,0.4440424983409625
2,29,451,216|0|training,0,3,0.3628109870904856,0.4143069341398709,0.4406191829384436,0.3834526257009299,0.3338738086293386,0.43624081096205986
2,29,452,217|0|training,0,1,0.5199224670488689,0.5908831240581849,0.5034500569056019,0.5438458602859355,0.5687638983060737,0.5521492604394611
2,29,453,218|0|training,0,4,0.47625162745649413,0.5514853072220869,0.3945456470211608,0.4549910406365063,0.47762290869027696,0.5608958492466786
2,29,454,219|0|training,0,1,0.4797316517858773,0.2677495439426957,0.3706151418192576,0.3826362996363479,0.3798491932994338,0.5638842669375036
2,29,455,220|0|training,0,1,0.3162652412981391,0.06066097022611409,0.1594757027060657,0.3485558255869997,0.27929356118057885,0.25611885478443247
2,29,456,221|0|training,0,2,0.271516766541251,0.09091462497186824,0.20343738005235204,0.2932633211720725,0.19062008128716598,0.1882411796105009
2,29,457,222|0|training,0,3,0.5790380744290861,0.7930336759149602,0.4613412467007201,0.5027234359748526,0.4884857771266543,0.43386750511565075
2,29,458,223|0|training,0,4,0.391579418590619,0.18767920203577512,0.17558722356914475,0.30889795745209425,0.32894931741953914,0.17709231332789968
2,29,459,224|0|training,0,1,0.5117559340666584,0.8403639532921561,0.5134963541089348,0.3787789897460919,0.3809299391633817,0.4024519409576752
2,29,460,225|0|training,0,2,0.5217761037265659,0.24875616419154142,0.32854711312624085,0.42815038002465616,0.46124636467691293,0.4045287137635612
2,29,461,226|0|training,0,2,0.4004940599713061,0.06241040872066722,0.2820837314087883,0.4884877225091479,0.44667742317763365,0.48282541029533416
2,29,462,227|0|training,0,4,0.4233355206912101,0.44849550185650117,0.18159328340503259,0.4154022298927249,0.40306525170148255,0.43819421315757257
2,29,463,228|0|training,0,1,0.58700326533165,0.8744492456334049,0.6578838262233424,0.5495435922441385,0.546285517448626,0.5438697596537725
2,29,464,229|0|training,0,0,0.5704127858772208,0.5891345135049014,0.7523001962601886,0.6029002722394958,0.644315746483848,0.7214175716686366
2,29,465,230|0|training,0,1,0.4417875160777283,0.4656858562139538,0.46869203479583266,0.43256996176868723,0.39318007575284164,0.4417078882431137
2,29,466,231|0|training,0,0,0.5504052559449019,0.7256188793339464,0.6865984003058015,0.47688945097889596,0.5522408411235634,0.6254984360375867
2,29,467,232|0|training,0,3,0.5026340116340847,0.6695622525634171,0.42935485565219617,0.5045899532790108,0.49827774250692425,0.5522776741734793
2,29,468,233|0|training,0,4,0.36362179199870415,0.2616961703808581,0.19164087968473245,0.32106165862785735,0.28246453512203606,0.3265511118875116
2,29,469,234|0|training,0,0,0.4990471212837938,0.5113129703454595,0.39340608975704705,0.4899387160456612,0.5033040938939985,0.6730314572041725
2,29,470,235|0|training,0,3,0.4770466494186007,0.6020584989151653,0.3634385347089623,0.5153186815773428,0.5262382125778505,0.5767493475838625
2,29,471,236|0|training,0,1,0.45241444166113237,0.25826394941549885,0.2596911476361252,0.5191178131185668,0.43955290888745213,0.31665814790471897
3,41,0,20|1|training,1,0,0.6174542206640222,0.5605773058473048,0.737981597406581,0.8474916072827882,0.9001889814201897,0.6769757356034575
3,41,1,21|1|training,1,3,0.6687752877860432,0.8180559919222844,0.8012899550306175,0.6928547585088077,0.7330340957166702,0.7055932270724442
3,41,2,22|1|training,1,4,0.5697606062937279,0.6839007438001701,0.532012117132786,0.6062835941905388,0.5305897800076896,0.6080764541107196
3,41,3,35|1|training,1,0,0.5644692601692851,0.5730491771641006,0.545344932337651,0.49769337959972254,0.4798703728301542,0.44287802540625465
3,41,4,38|1|training,1,0,0.6077752168028812,0.7072494301621035,0.4951909417204768,0.7798888779684813,0.8176497774647599,0.5881160091820146
3,41,5,39|1|training,1,1,0.5063208504025899,0.6829582907902614,0.6170884573670448,0.42828357364828556,0.42120729031295606,0.43767136012787594
3,41,6,40|1|training,1,1,0.47455027157534396,0.7982255067461339,0.6560895495926341,0.5251952699059192,0.5043209014579612,0.5279148177471771
3,41,7,54|1|training,1,1,0.59182669084317,0.6101152159259895,0.5371592200536348,0.4744864447973358,0.4511752311668129,0.528609049763348
3,41,8,55|1|training,1,0,0.48459667141879564,0.5073873924463758,0.38738701929780367,0.46596455348418225,0.5028635703764218,0.5510481855542934
3,41,9,56|1|training,1,2,0.6034251203385368,0.4740301923967669,0.6881996022932332,0.5470698199693088,0.5470866328763168,0.6721023111748843
3,41,10,57|1|training,1,4,0.5990416298535312,0.6291766662591657,0.7554941408723094,0.6312969975786754,0.6596078616514882,0.6339826011052885
3,41,11,58|1|training,1,2,0.5715825239433876,0.572831629315867,0.6964997069631189,0.5111650582186996,0.5621251060829766,0.6340190658233908
3,41,12,59|1|training,1,4,0.6602394069621041,0.7203776990701662,0.7584547624680086,0.5030060968134514,0.640650809499901,0.7386413468907748
3,41,13,60|1|training,1,4,0.5746240835002849,0.7076775301184848,0.7752307006102568,0.49481496166357575,0.5854602622688906,0.6789420247612686
3,41,14,62|1|training,1,1,0.5104369830579629,0.6136463300500723,0.5001071709900872,0.6002439827984994,0.5640193486103804,0.6143787637066896
3,41,15,64|1|training,1,4,0.44066086376609803,0.5391607790861591,0.4390240159690469,0.40646888170145173,0.3966510971208619,0.5032673800967774
3,41,16,77|1|training,1,0,0.6590457486005117,0.34908653433435916,0.6367716146027194,0.6481765631143804,0.6789649987097847,0.5849170509721193
3,41,17,117|1|training,1,4,0.43093315333943777,0.2702374941635473,0.31212054201448075,0.4751396921166662,0.42661481067685963,0.41048455997739386
3,41,18,118|1|training,1,0,0.5148861524729862,0.38757367538350834,0.37098564401623185,0.501713114454294,0.4486210742000871,0.40339090013307094
3,41,19,119|1|training,1,2,0.5962371686785207,0.70624412265587,0.8188791785985693,0.5081324579670786,0.5024168543266897,0.7320839900546381
3,41,20,120|1|training,1,3,0.5022425402996482,0.5491875958906842,0.5343649357306737,0.48725983820890895,0.47237131158566026,0.5073838466539684
3,41,21,121|1|training,1,0,0.5872183307064521,0.8986084606336862,0.6563163094524888,0.43442448279300555,0.47579289791906426,0.5513292209734252
3,41,22,123|1|training,1,3,0.7171984193101776,0.77629062851745,0.8052213365910343,0.6594909489101838,0.7193893480111112,0.645532613085923
3,41,23,124|1|training,1,4,0.5676620663769142,0.44735442421341504,0.567592475871825,0.5159769603257729,0.5348006099566767,0.6045459506443335
3,41,24,125|1|training,1,2,0.5134448070894804,0.5353475626635257,0.5948212523372056,0.5763223653436524,0.5329714715465291,0.695046160439588
3,41,25,126|1|training,1,1,0.5846012244508508,0.6111073352806189,0.6276054939151979,0.451296256609957,0.46262031354269506,0.5101484878522743
3,41,26,128|1|training,1,3,0.5880497062057192,0.46052426417958575,0.5882234843347866,0.627284696239257,0.6548812335791234,0.6580064579623613
3,41,27,129|1|training,1,3,0.5518098780465563,0.6480127461806587,0.7804061437483956,0.5731329523502795,0.6318873315847326,0.6586340618922222
3,41,28,130|1|training,1,4,0.6030348619193816,0.700523139965088,0.8180988078568595,0.5822248048307963,0.6269718464642297,0.6605649827277079
3,41,29,131|1|training,1,4,0.5243695212003215,0.6459332893041455,0.5758071665815905,0.60700475087375,0.5589185696898626,0.5815760988274419
3,41,30,133|1|training,1,1,0.5723565453051246,0.8671212406477551,0.6864400378479849,0.5732321380681381,0.6042462608231608,0.6668093974340833
3,41,31,134|1|training,1,2,0.5546105827915097,0.6797236616529015,0.7209108147774603,0.5926583783284759,0.6553897427069629,0.7087065382319969
3,41,32,135|1|training,1,3,0.48056191472431786,0.41690986317100487,0.3758344051376301,0.5812057604634834,0.5489948439494409,0.49664146627867994
3,41,33,136|1|training,1,2,0.48719008439332406,0.6411076104112056,0.6987624249213764,0.5380021405630294,0.5760419832549615,0.6179587209501423
3,41,34,143|1|training,1,1,0.6097196643959828,0.8282460188099897,0.8318447639052121,0.570052852267479,0.6162132097462983,0.5570535246719337
3,41,35,145|1|training,1,1,0.5674085574695152,0.7315174770771473,0.7824380219340249,0.6062858336207982,0.6169267257913087,0.47957328428475177
3,41,36,155|1|training,1,4,0.4582055562248155,0.4540897488062964,0.5318418387756747,0.4808091417267355,0.47621965557612184,0.4996790196969851
3,41,37,169|1|training,1,2,0.40548726280546343,0.42786193880851814,0.5340164358157768,0.5121658118674928,0.5004060800977269,0.47354139267950585
3,41,38,172|1|training,1,2,0.55064761768899,0.4503314422503089,0.38473640324860225,0.45382567403913765,0.4475867575993314,0.6022973394937642
3,41,39,173|1|training,1,4,0.44709494641141656,0.5133908634383729,0.39529895307839735,0.387448971349564,0.4302253936945782,0.4326813158326497
3,41,40,174|1|training,1,4,0.5802081956222358,0.594849328398281,0.4971866855447907,0.5625111716825161,0.565816855822133,0.555077372711893
3,41,41,177|1|training,1,4,0.5538587556054289,0.4657970833079126,0.4661231246976439,0.6271785238707419,0.6525236720113389,0.6373231665859065
3,41,42,179|1|training,1,0,0.6921686689742576,0.5563448768287306,0.8134438889276144,0.7871999121765326,0.8115796551852791,0.5972486668040009
3,41,43,200|1|training,1,0,0.34248971467848033,0.14899990850338243,0.32903232653563963,0.5884149253205205,0.6043485134553175,0.4863059461310434
3,41,44,201|1|training,1,3,0.5253258194939754,0.5187324439422617,0.7008750275135371,0.48613153408292675,0.4683961312693299,0.5637804715609299
3,41,45,202|1|training,1,2,0.521130293360392,0.5535789969670879,0.4903112143528604,0.5637786505352365,0.5702915069568169,0.5895205377869802
3,41,46,299|1|training,1,1,0.3917686482799402,0.17520183707031908,0.22813144102849128,0.511030339108167,0.4532701717763156,0.4215641949786779
3,41,47,300|1|training,1,4,0.39499249940573483,0.42531978136038967,0.361092113075267,0.4727705215467858,0.4554375494609674,0.36669586623086864
3,41,48,301|1|training,1,0,0.5995900326475245,0.6358104461339252,0.6646688775422707,0.6978853468260504,0.7403850461433771,0.6195880809038277
3,41,49,302|1|training,1,1,0.5505789280473838,0.6654210897184311,0.6267445818572696,0.6351956409281105,0.657884337857066,0.5301666655260439
3,41,50,309|1|training,1,3,0.6780776928371495,0.6870923845848838,0.7971596686844383,0.5639949813015434,0.5633926871643051,0.6339461827478649
3,41,51,310|1|training,1,2,0.5890834223141488,0.7896478938253242,0.7786801769439907,0.5948970424113523,0.6594338991766555,0.7079577352005668
3,41,52,311|1|training,1,0,0.5437062475714098,0.26453983049650853,0.4782589069593301,0.6213328067091924,0.6205935555881458,0.577127554269823
3,41,53,312|1|training,1,3,0.6602219663257424,0.5365949408585572,0.6115726489893952,0.7943347025076292,0.8283089430342148,0.6513268587926571
3,41,54,313|1|training,1,4,0.6541572874028273,0.6639610132887663,0.47212872625342545,0.689850291704917,0.7077307672785168,0.513279254819559
3,41,55,315|1|training,1,1,0.5860547364732529,0.7921594842192604,0.6286730428085431,0.5877316500525759,0.6208931451564935,0.6584117157242951
3,41,56,318|1|training,1,4,0.736149075725314,0.6577430984377188,0.8230694210597381,0.7540026335988682,0.7753692095111132,0.7374518559997524
3,41,57,320|1|training,1,3,0.5313537464466139,0.4349750925917226,0.34028366538359683,0.4707752533224933,0.47001570663719666,0.402842092648888
3,41,58,321|1|training,1,2,0.6326406390175587,0.6378035311753311,0.48070180669700063,0.6301769898483901,0.6665376651901918,0.5161628648908376
3,41,59,322|1|training,1,0,0.3552306509220031,0.1826437074313807,0.3061463114256657,0.4495409565754606,0.4156387039118362,0.4255727820453291
3,41,60,323|1|training,1,1,0.5742714642833501,0.7352907817212845,0.614009132124342,0.5763027414403885,0.5791042528610071,0.6330623325486665
3,41,61,324|1|training,1,2,0.6014971436265213,0.5273259877806128,0.6561580615114094,0.6426180894203128,0.6485934513316941,0.6025732766623886
3,41,62,325|1|training,1,4,0.660166792064657,0.39995660797546123,0.4310986781940924,0.7690399303940328,0.8032567141414207,0.6506686581568818
3,41,63,326|1|training,1,3,0.6669707132783218,0.6576229624989461,0.7143458807194801,0.621272463030521,0.5957313352134377,0.6307847264993603
3,41,64,327|1|training,1,0,0.7184972413067046,0.8969828980201743,0.7419855185958217,0.8076797317612603,0.8519030815061706,0.6842562724173118
3,41,65,328|1|training,1,4,0.5871024076811948,0.6358541139889075,0.583094726816061,0.5955222042128344,0.6342048411047324,0.517600121208121
3,41,66,352|1|training,1,0,0.46924460325840744,0.3170849669199376,0.3663466794693501,0.47773826721901513,0.40985701110908507,0.4562645011732056
3,41,67,353|1|training,1,3,0.7539180462404188,0.6824384144483826,0.6920389434015634,0.7530437411741624,0.7839799489323519,0.7006357345480463
3,41,68,359|1|training,1,2,0.5943930673411982,0.6837102378154137,0.6493115669359651,0.5177196054995591,0.5213235217733452,0.6306419808124232
3,41,69,386|1|training,1,1,0.6206566645769176,0.6881519653289595,0.689481913722174,0.6381889827151558,0.6812187071481589,0.7182133932525507
3,41,70,398|1|training,1,3,0.5973026769333869,0.6373570661114497,0.6135807208319217,0.722219753275056,0.7310470521577486,0.5977189907704192
3,41,71,421|1|training,1,3,0.5905306665555742,0.7017974950346092,0.4625758186686373,0.5190661245641757,0.521654912450401,0.6525940586062224
3,41,72,451|1|training,1,0,0.5864488580506768,0.7808263410234526,0.6164399487695307,0.577802029601829,0.6162829322201633,0.6330423968048275
3,41,73,454|1|training,1,4,0.6433771822837537,0.6422302816527273,0.7355779381803802,0.6225541070986043,0.6472298784153079,0.6449217345990796
3,41,74,490|1|training,1,2,0.7549279067027234,0.6469179568916748,0.7700313839732951,0.8146290430891409,0.8349404615640249,0.6233348442469383
3,41,75,531|1|training,1,1,0.6254603183384352,0.764009184367204,0.7097306524942301,0.6773667747939538,0.7071517489686064,0.6645427550399592
3,41,76,549|1|training,1,1,0.7456654617929672,0.8895478708310858,0.8505947127613155,0.7540160819664068,0.8086755425501054,0.8036446062296276
3,41,77,569|1|training,1,2,0.5574945013358934,0.670569744499472,0.607914803979281,0.6049282463505294,0.6555195080965156,0.6084271158733108
3,41,78,571|1|training,1,0,0.7291884197084656,0.9294137718159035,0.8575591455570004,0.789752822688725,0.8304313651499365,0.7661777451377256
3,41,79,574|1|training,1,2,0.5254376332511723,0.530949936101103,0.42255519971971955,0.5325149550047756,0.5553345660257691,0.5565102782186844
3,41,80,575|1|training,1,4,0.671392622414606,0.5603052716360888,0.5842294264557794,0.6128692796633549,0.6348270430469076,0.7329988771794965
3,41,81,588|1|training,1,3,0.5452550685026615,0.4917004783920706,0.4687432882301077,0.5274838748985842,0.4944466437793989,0.5038066827152013
3,41,82,615|1|training,1,0,0.45287688478062643,0.707284644098692,0.30003235838969916,0.4255755026821438,0.39739267398477096,0.49308590217548026
3,41,83,618|1|training,1,1,0.747157333084902,0.880034875343113,0.7757321349002424,0.7671864012487906,0.7672307541915819,0.6819469855251723
3,41,84,624|1|training,1,1,0.5888898958969393,0.5401623336501105,0.6872636396945564,0.7070941963832927,0.7572505606284555,0.6323663273927781
3,41,85,638|1|training,1,0,0.5812803727484747,0.7483626704937473,0.5965543588811723,0.5238060903823415,0.46890984273042613,0.6155000685238755
3,41,86,644|1|training,1,0,0.638884638709419,0.7928000410933814,0.785167340147859,0.6693128939654419,0.707257617526927,0.6617508881396071
3,41,87,659|1|training,1,3,0.7842460296428554,0.8064563522129001,0.8132407457774748,0.6884813730976632,0.7199488132251117,0.7484662336000492
3,41,88,681|1|training,1,0,0.6491042441332388,0.4378918447448393,0.6036706678247749,0.6502220375624783,0.6415613149214726,0.6017565819487743
3,41,89,706|1|training,1,3,0.4440174676632501,0.4255899466532858,0.5837960101657721,0.5773515343096539,0.5761949336277802,0.5139602120435148
3,41,90,707|1|training,1,2,0.546124489320178,0.5197684641690814,0.43237828447634635,0.5191061121543937,0.5416703889880226,0.55190515849703
3,41,91,708|1|training,1,0,0.591609376416505,0.8846722404768187,0.640705844200298,0.4960412295320256,0.49783003488322125,0.6703433265910635
3,41,92,709|1|training,1,2,0.6214274267030414,0.4362879645203004,0.7567573396782719,0.5773708136496976,0.611143708950654,0.654721659405998
3,41,93,710|1|training,1,4,0.5563749776689806,0.6950106172233051,0.509714733401309,0.4801492345464241,0.4769096545892406,0.5685285327315533
3,41,94,711|1|training,1,3,0.5507691679751647,0.7081222281654596,0.564233058059004,0.49985899895492397,0.5218375269855187,0.6367199587331542
3,41,95,712|1|training,1,1,0.5698896072232191,0.63429875637786,0.5615729234607887,0.4251458275803713,0.3889335416700403,0.5926224006465524
3,41,96,713|1|training,1,4,0.7382505676355582,0.7223354507879698,0.872982690847037,0.7159891340168572,0.709479626282629,0.8165392362444459
3,41,97,714|1|training,1,3,0.559008807953183,0.5396090577961438,0.6123198382703492,0.42615441652028785,0.40586407587220635,0.5930762360684628
3,41,98,715|1|training,1,3,0.5650245243939723,0.5221121415084586,0.627486995918267,0.46708613307173963,0.45572681152376704,0.5255285575844902
3,41,99,716|1|training,1,4,0.5101420093208563,0.3930690586140407,0.5051317136075948,0.490210547469221,0.5115330645133473,0.5325472349227099
3,41,100,717|1|training,1,1,0.5899809798629413,0.8504229090852208,0.6118302403907072,0.5073306568708486,0.47767075131096143,0.5516031790745161
3,41,101,718|1|training,1,0,0.5068608158513179,0.3356227666977191,0.3194376907009093,0.4551162888183127,0.3681514057849256,0.43814661136375543
3,41,102,719|1|training,1,3,0.46725028800941354,0.35216709553378117,0.19498953687485432,0.43809729722421376,0.3518320717969536,0.4358605472650855
3,41,103,720|1|training,1,2,0.5827222960913356,0.4716476404549294,0.7062644751220618,0.7390840505561374,0.7778435875581133,0.6489447644753612
3,41,104,721|1|training,1,2,0.5324178155852386,0.7367756691000376,0.6007081081909657,0.5802371175836214,0.5662965584092389,0.6166413003981421
3,41,105,722|1|training,1,2,0.7285916066772831,0.6913929622633658,0.8679666127027464,0.5483325944880597,0.5639938778398182,0.7863264079314404
3,41,106,724|1|training,1,0,0.5394035818748792,0.520273912307534,0.7926851689672388,0.5254191722137926,0.5471225616424141,0.6365218612815565
3,41,107,725|1|training,1,0,0.5690445431794597,0.6796957723819439,0.5288063055719873,0.5635084237196565,0.6031751745710936,0.5677421959102871
3,41,108,726|1|training,1,1,0.4957379670106369,0.31784090022569733,0.5890935958829435,0.5521320433760921,0.5390269630058196,0.5076997436939248
3,41,109,727|1|training,1,3,0.5332579146931073,0.2706138133930003,0.35739060408060697,0.4148781438862803,0.44842967386780896,0.5396301667755812
3,41,110,728|1|training,1,4,0.49416873655674504,0.6859396275048762,0.788115570981896,0.6227578650579869,0.6058207966491126,0.7427486871129015
3,41,111,729|1|training,1,3,0.5612181245414963,0.7000045410589094,0.6781075742958083,0.40841165289248677,0.47712094008850514,0.5723482549482621
3,41,112,733|1|training,1,0,0.5790014252972101,0.6145059881775119,0.5695331426811201,0.7401548286004432,0.77151814711589,0.5635442539101778
3,41,113,734|1|training,1,0,0.6348206499348267,0.7593284152603349,0.5054504102413095,0.623531666288154,0.6217601956425747,0.6941589289410718
3,41,114,824|1|training,1,1,0.6170631695526816,0.8395194407125269,0.7321567861638836,0.7023845683919938,0.7325095230142172,0.6459831165719541
3,41,115,838|1|training,1,2,0.6712597781302335,0.7481850039687759,0.7514517630537487,0.7085485019520892,0.7523718314410762,0.6781851761856498
3,41,116,893|1|training,1,0,0.5639974598040323,0.794089419270516,0.6619825047755781,0.5223665289681731,0.47359486814794405,0.582638492999209
3,41,117,981|1|training,1,4,0.8320294529380043,0.7685878799911292,0.8504076113690832,0.8835174909439564,0.9209550630107085,0.8030155680855813
3,41,118,982|1|training,1,0,0.5750409097282745,0.2453515515390556,0.2677202446327764,0.6336547080576744,0.6432259963511752,0.4146722010557744
3,41,119,995|1|training,1,1,0.6752531231542964,0.9123814836731181,0.7143241284409254,0.6461139416308638,0.6543680154747274,0.6780940655284314
3,41,120,1054|1|training,1,1,0.6036331911523038,0.6631416448643542,0.6988495289026556,0.5690918062859167,0.5436620520195067,0.6104921865252277
3,41,121,1095|1|training,1,0,0.5440010427196922,0.7317946776067293,0.5808466620823096,0.521418063189379,0.5876189671533285,0.6380800911743617
3,41,122,1100|1|training,1,0,0.39153028211950464,0.1419147858291309,0.30367272314625887,0.42588392515291407,0.399102490112606,0.3428368306137389
3,41,123,1115|1|training,1,1,0.6709424925732601,0.6940367182094123,0.7999875051516137,0.539891690495854,0.5465315581022766,0.65142457628234
3,41,124,1116|1|training,1,4,0.6544355073054658,0.5900263832688287,0.4572790973043421,0.6480649809901616,0.6724735897062483,0.6099423385392737
3,41,125,1126|1|training,1,2,0.6011798039112132,0.4623884944334262,0.6166930236544175,0.7223845273563954,0.740059572641707,0.5279884698627535
3,41,126,1127|1|training,1,0,0.51518538828787,0.8400309825617792,0.5818094590509045,0.427040859131459,0.387442931912995,0.5122192069444803
3,41,127,1139|1|training,1,4,0.6231652805157337,0.5461351183423749,0.3304622529443087,0.5763518448153534,0.6056949878917179,0.5049801698916969
3,41,128,1151|1|training,1,1,0.45148645559531203,0.40249559628870696,0.5608519776453259,0.568719792658559,0.6117179414588203,0.6467312250647526
3,41,129,1152|1|training,1,3,0.7468875651015505,0.6139984643203341,0.8265768030555971,0.8395787200814412,0.8708626537274414,0.7487604829171685
3,41,130,1153|1|training,1,0,0.4971353579646237,0.8292776457964398,0.7474911097650311,0.465246292409907,0.4359839524639635,0.5244663324983919
3,41,131,1180|1|training,1,2,0.7589517943926661,0.7131863940329111,0.8266005068570389,0.7977090882475807,0.8564375136703296,0.7381718115395979
3,41,132,1233|1|training,1,0,0.4026828091994827,0.5911357540905927,0.5621339070220247,0.4771315811163866,0.4768257209359245,0.3976652900111777
3,41,133,1234|1|training,1,3,0.6320600240750683,0.7762731474605841,0.7168464336360013,0.6041103397617174,0.625832864248866,0.7021645185236135
3,41,134,1235|1|training,1,4,0.5272732160435201,0.5740209446490983,0.5010901083884356,0.48763816278066685,0.5313850482303992,0.5688341181107488
3,41,135,1236|1|training,1,3,0.5173214085303458,0.5034053804604849,0.4251374614157641,0.4395562712038393,0.5923428792303056,0.5215646876371508
3,41,136,1238|1|training,1,2,0.5658079011582724,0.5170280185689488,0.6314757467814196,0.5787334222892722,0.6012401697668761,0.5234597400840295
3,41,137,1245|1|training,1,1,0.8118532017618123,0.7863517201978307,0.7367437581647411,0.8103167993173143,0.8403054587405723,0.8099514689906873
3,41,138,1247|1|training,1,2,0.6765784497323084,0.40080009673368827,0.7703984671157046,0.6949811986549064,0.7200263072068102,0.6242010091222552
3,41,139,1256|1|training,1,2,0.6117465009711771,0.49296504043369466,0.6527922934467135,0.5961560849575375,0.5762149045754358,0.6996118392199597
3,41,140,1258|1|training,1,0,0.5653034498907445,0.8790141620079519,0.7005550228823634,0.5209429935983172,0.5418818522641788,0.5868682960230058
3,41,141,1260|1|training,1,1,0.5187512906492021,0.8143391098628183,0.6038186880907236,0.5298029199091121,0.5096933766761196,0.5484427119832547
3,41,142,1276|1|training,1,3,0.6913013668889406,0.548550998683118,0.48494890189574974,0.6450690061595653,0.6865641455653191,0.6153287182190158
3,41,143,1277|1|training,1,0,0.5378301420604202,0.45535309090184517,0.5041618764138714,0.44419619177205705,0.42804843789342895,0.5373589802273976
3,41,144,1279|1|training,1,0,0.4312986195184678,0.588074362462762,0.2959401813816211,0.5218794318467487,0.5106590317572101,0.5479558338253907
3,41,145,1280|1|training,1,3,0.5004156395309902,0.3022484728626179,0.6690358062202555,0.48001546834847747,0.4736677912658247,0.4645528167209508
3,41,146,1281|1|training,1,4,0.5191600579126647,0.588069146637337,0.3699455408773143,0.5064739777305306,0.5243616577144937,0.5470793189711717
3,41,147,1289|1|training,1,2,0.669448382342359,0.6436890662567245,0.6388190300694873,0.6649676531690425,0.7142464060797664,0.6499206059445574
3,41,148,1303|1|training,1,2,0.48666281379680565,0.5376524801317895,0.5151938002202473,0.4787274813741357,0.4789115253433557,0.6268045235356944
3,41,149,1305|1|training,1,4,0.7027138754019,0.7210621846688734,0.7444376129412474,0.5988753052584415,0.642427797666838,0.6993792207546504
3,41,150,1307|1|training,1,3,0.6495935430951292,0.48229150842480095,0.6803513603342348,0.6185371418589631,0.6064849939089699,0.6704799835097569
3,41,151,1309|1|training,1,1,0.3338300456486208,0.1668532436540642,0.48584982080296696,0.48626846061620627,0.4334718393366391,0.5045642037389251
3,41,152,1320|1|training,1,1,0.4986343980009828,0.8478439519576376,0.4842708125322437,0.55240309246612,0.5584323064493142,0.5439153920038854
3,41,153,1322|1|training,1,1,0.5953551858283416,0.8656692478499546,0.700954404781954,0.5347281894527345,0.5559667043197261,0.6825168029262599
3,41,154,1324|1|training,1,2,0.5672204516950617,0.6444279879122793,0.7028149617798064,0.505253747025501,0.5194584798956651,0.6390321061513926
3,41,155,1326|1|training,1,2,0.499120071546249,0.6393357648159085,0.6709390459383459,0.5001264969695028,0.5175640581992452,0.5738605691464194
3,41,156,1328|1|training,1,1,0.6258666403579162,0.620550297213873,0.4945731733498853,0.531025728498164,0.5578103401089208,0.5582431389103311
3,41,157,1330|1|training,1,0,0.6525252094885439,0.8344712878256363,0.7618686868190798,0.6544572716000714,0.6690797375391734,0.7165801888079218
3,41,158,1332|1|training,1,3,0.6361814893738149,0.7804649826644665,0.7667834662775209,0.6434406073403761,0.6197784329880479,0.737930125303275
3,41,159,1334|1|training,1,4,0.5662278288248084,0.4153643733617211,0.4327250506208776,0.6359841006594372,0.577676300120627,0.5534452120720126
3,41,160,1336|1|training,1,2,0.76828560783497,0.7890549113064432,0.6216327396958874,0.587711390380259,0.5551131906977584,0.5448132165420112
3,41,161,1338|1|training,1,4,0.6781319738040155,0.7156274757134438,0.6704600780509121,0.5326485269173555,0.5063165793374697,0.5646335452943383
3,41,162,1340|1|training,1,2,0.5468975335511932,0.61756297432462,0.40366617876167515,0.5707271886424589,0.5490842765548392,0.5971980550924252
3,41,163,1342|1|training,1,3,0.3964631295067239,0.3573697120494566,0.2874441716619101,0.47386436431849155,0.39478329582351135,0.5685090551996194
3,41,164,1344|1|training,1,3,0.49015576917313153,0.43206878457258646,0.294953449180594,0.5234170430131215,0.5318180880717558,0.57592585957355
3,41,165,1346|1|training,1,4,0.5809858705653693,0.7076431069145575,0.38003951181044726,0.6323726373140965,0.6135215846981811,0.6695723010783902
3,41,166,1348|1|training,1,1,0.6099298966067108,0.8450379856078546,0.6140589595863617,0.6837856110302047,0.7120448733694624,0.7474896695504779
3,41,167,1350|1|training,1,0,0.6331424507969898,0.7463080424974057,0.5857833298253753,0.6738860037542064,0.6803595644764563,0.6701085829613648
3,41,168,1352|1|training,1,4,0.6061612837143858,0.6740387389164417,0.6017928895023648,0.5549649088112898,0.558741532934908,0.6910654575199912
3,41,169,1354|1|training,1,0,0.5427875863488048,0.7572743724050682,0.6727833288386831,0.5472173971154592,0.5784238181916308,0.6814015905061472
3,41,170,1356|1|training,1,0,0.5463032557657543,0.5637775651543145,0.7087204918364491,0.6021572412042827,0.6211259762705524,0.6808766895993678
3,41,171,1357|1|training,1,3,0.7159235624156113,0.7722401551809381,0.8277339658386058,0.6555548825198825,0.6759895035444952,0.7318806759014926
3,41,172,1359|1|training,1,1,0.5650478586222775,0.8638532908098632,0.7177390779426187,0.5985576640227145,0.5994986233422432,0.7197685052188558
3,41,173,1361|1|training,1,1,0.44103348146105065,0.4432494404739821,0.4199432120696699,0.4587767397401579,0.40863183253614305,0.5223694878779643
3,41,174,1363|1|training,1,4,0.5422301331779426,0.4505035196873817,0.6412035843751988,0.5385246050551821,0.526701813994531,0.6357405002475447
3,41,175,1378|1|training,1,1,0.5087490717568504,0.6479850446754462,0.5328413489462165,0.557434458845844,0.5953296168649921,0.6135679522934026
3,41,176,1413|1|training,1,2,0.3773913087132242,0.41070421200285157,0.2680419153620367,0.48778574551607645,0.47500231031836276,0.42123037325014906
3,41,177,1550|1|training,1,1,0.5495211112483971,0.7724866894985385,0.47021824660191713,0.5201416834978216,0.5198473711885144,0.5440144322923849
3,41,178,1552|1|training,1,2,0.6044398019153947,0.6720950128841703,0.6296048113074142,0.5925814300790914,0.6668100373436499,0.6880016144320756
3,41,179,1553|1|training,1,2,0.662059146945418,0.6056293195676471,0.7801403287260552,0.6568670904534443,0.6624985233160862,0.7594447550157306
3,41,180,1556|1|training,1,2,0.6679011652304251,0.711236796024694,0.7157357996808018,0.7103986564179099,0.7560335434210436,0.6327321067584398
3,41,181,1560|1|training,1,0,0.410363195275888,0.1324981278850409,0.41766777593425874,0.5891256175195468,0.5850045447718843,0.43879247077678263
3,41,182,1563|1|training,1,0,0.5378414437026602,0.8183859216832787,0.4981242916042506,0.541139610225822,0.5439901359938741,0.5929516046058106
3,41,183,1564|1|training,1,1,0.649644573012112,0.5322110173915398,0.563294560777492,0.7791890619085311,0.8158752022455561,0.5321625997803481
3,41,184,1571|1|training,1,4,0.730779303774322,0.7730659817298943,0.7874064265571581,0.8110255954021333,0.8380007667588594,0.7249851432687858
3,41,185,1580|1|training,1,3,0.42423074536381544,0.1586564291820854,0.1862731749438683,0.4192169932874393,0.3419942972141628,0.2630187984737278
3,41,186,1582|1|training,1,4,0.5341866055550616,0.6614871011371593,0.7474740628052667,0.5613366631263101,0.5834383911131988,0.5670270723046007
3,41,187,1583|1|training,1,3,0.5721773428027932,0.698013654307813,0.6610375737119296,0.5164775877556597,0.5734722157276151,0.6386327349061865
3,41,188,1594|1|training,1,3,0.5054401630275073,0.6596318300775644,0.5713289735640883,0.6306081706333397,0.5786863000267792,0.5495027867842499
3,41,189,1629|1|training,1,2,0.7624921935163912,0.6447660230900792,0.8635183755369146,0.8523563969467585,0.9025852974061133,0.7448833050691912
3,41,190,1639|1|training,1,0,0.5416594414679476,0.6286072395873978,0.40764798221907506,0.5749907662530053,0.599190769314355,0.575359697812349
3,41,191,1641|1|training,1,3,0.5378888254304317,0.7562766916885036,0.6110909422454507,0.603685301360672,0.6422475515586688,0.6976224400780375
3,41,192,1646|1|training,1,2,0.3948014513343174,0.42247418742029136,0.2412988227331508,0.4487573484456938,0.4356797674176247,0.40111179654211226
3,41,193,1647|1|training,1,4,0.5428766061146321,0.6408162278655877,0.7203102035644416,0.46622501068670685,0.4927974452963971,0.5274017833351567
3,41,194,1655|1|training,1,2,0.5694979352111252,0.513062260977018,0.6949599787939217,0.4800220316418189,0.43513851381395013,0.5661653057314415
3,41,195,1656|1|training,1,0,0.6222186248715261,0.5575956638704711,0.6814935321738288,0.6323122043152628,0.6590378998629629,0.5698418202600662
3,41,196,1660|1|training,1,1,0.5831012388939405,0.7194471171018227,0.7139970968635037,0.6987735795504841,0.7255487886685915,0.554433688752666
3,41,197,1662|1|training,1,2,0.4335045778654292,0.5444778218137826,0.7137807173872645,0.5855504956355748,0.5950482657113841,0.5721481738694346
3,41,198,1663|1|training,1,1,0.6016366553616085,0.8825990839546077,0.7590258262079491,0.5578763489325762,0.5974619995754891,0.6042981896616465
3,41,199,1671|1|training,1,0,0.7005798673605622,0.7773251850351975,0.7364693258912852,0.7400225898342547,0.7810614180033411,0.7199421059514569
3,41,200,1674|1|training,1,3,0.597631106483789,0.6169217778229473,0.7021697619307233,0.6597559549532835,0.7137244756110663,0.5724325586433007
3,41,201,1675|1|training,1,3,0.6603730087006732,0.668854107661897,0.8055911415266155,0.7284512268203883,0.7918263139675731,0.7196579849949439
3,41,202,1680|1|training,1,4,0.6318383997723753,0.8377381930925967,0.787936631884819,0.6319054175068112,0.6737791087642415,0.7417640357248771
3,41,203,1728|1|training,1,4,0.615845831518691,0.6834099209208875,0.7531743043517568,0.6558174808092598,0.6708503505550703,0.588942331998973
3,41,204,1729|1|training,1,2,0.6180252031989167,0.6867961743932128,0.7460115766271064,0.5975787871149483,0.669015040372381,0.5849818161076962
3,41,205,1741|1|training,1,0,0.632665057926692,0.8576970810107208,0.47310144122373377,0.5982922442707401,0.6260907977138687,0.6367607323223424
3,41,206,1753|1|training,1,1,0.49007194596401515,0.42042165965201417,0.36476314688939443,0.5285922097304163,0.532557323401258,0.5469005200188202
3,41,207,1756|1|training,1,0,0.5097516339257011,0.4288141055749238,0.5905629531500715,0.5201145225136156,0.5452675114097473,0.5658046761398406
3,41,208,1759|1|training,1,2,0.44842147105041363,0.5431632487307045,0.40506876687052046,0.5018986136254875,0.4665728198036914,0.4487981094617101
3,41,209,1770|1|training,1,3,0.5774534542785115,0.7738613991141252,0.7689865581073859,0.5540427416979055,0.5990916939430522,0.6504807735949129
3,41,210,1771|1|training,1,3,0.6475286926794798,0.3162280304157291,0.6208065047236133,0.7269896112658523,0.7487200402340156,0.62447162824917
3,41,211,1772|1|training,1,3,0.5616047728732807,0.6112316579605765,0.5250518340640762,0.5409909662016898,0.5571125396626269,0.45476247604215647
3,41,212,1793|1|training,1,1,0.6395776536874617,0.6401872370933713,0.5897085868684174,0.5959517318991723,0.5614245838529528,0.6305351121865174
3,41,213,1794|1|training,1,4,0.6671190798075838,0.5814913619065136,0.7695715233691658,0.6142677211770472,0.5821126631140553,0.584780406188964
3,41,214,1795|1|training,1,1,0.3996224847587946,0.2927835857744739,0.37931745413930273,0.43406345528214,0.41771682699234386,0.4530509489922814
3,41,215,1802|1|training,1,3,0.507475716261345,0.524142587963634,0.4571413556298869,0.5382593893527798,0.5320639087790014,0.533478379374019
3,41,216,1833|1|training,1,2,0.44260160428671635,0.45497375859232686,0.35629202734794274,0.5462661067179445,0.5509629619438493,0.4951328313166466
3,41,217,1855|1|training,1,4,0.5625911030611672,0.49856538252244426,0.6660226858848766,0.443202333383819,0.4464409384378528,0.44928330710588105
3,41,218,1860|1|training,1,1,0.5149327490854891,0.47871605149608754,0.47640577372219306,0.4940477980691376,0.4853029547058899,0.5748812176949835
3,41,219,1875|1|training,1,1,0.6327472213321195,0.7670884585647502,0.7160049064197663,0.6162444716671657,0.6171723346982237,0.7591642292111096
3,41,220,1876|1|training,1,4,0.5315363379825743,0.574719701196182,0.45869761368113726,0.5431359210610747,0.5564924106030881,0.4118468804419807
3,41,221,1877|1|training,1,3,0.48761984145968884,0.5287511725013443,0.7380134670651459,0.65889885951394,0.6864515910916666,0.6393021772457863
3,41,222,1878|1|training,1,4,0.7057190477312228,0.7238940581061469,0.8119634270541547,0.7137620145731026,0.7727009361058207,0.6072435903202342
3,41,223,1879|1|training,1,2,0.5962953310168518,0.579421391607418,0.8564923381633315,0.6399391188858792,0.6783138525235134,0.7291726246610192
3,41,224,1880|1|training,1,3,0.6306951058930167,0.6659311318213942,0.7934959122181037,0.6745928887017851,0.7808737975266264,0.7115853936174945
3,41,225,1881|1|training,1,2,0.5943082539069483,0.39332213369162555,0.3488144987911515,0.5626640660096178,0.5281564809014714,0.5078719072194464
3,41,226,1882|1|training,1,0,0.5266148958152354,0.34649675646086736,0.5250956614350137,0.7026981743926904,0.7194490939650384,0.48650802991693404
3,41,227,2003|1|training,1,4,0.5112461108615056,0.5989454246335496,0.4955794026025615,0.4113605602175478,0.5055429556502815,0.41032004364855224
3,41,228,2022|1|training,1,3,0.5612118632376202,0.5993865669675219,0.7572398187745991,0.5899643367423666,0.6410181401539226,0.6465381247585622
3,41,229,2032|1|training,1,1,0.511841340632358,0.585309284656875,0.6231247218390813,0.47824518987643555,0.4405865481825557,0.48201949844824393
3,41,230,2038|1|training,1,1,0.4815478119592323,0.4841623035098476,0.2945326701387335,0.5344624989351769,0.5675143807406374,0.6097937650927555
3,41,231,2039|1|training,1,1,0.4834920941267106,0.41719706655477856,0.3492653751589667,0.5489789635875114,0.5794168901996924,0.5308415228189091
3,41,232,2050|1|training,1,4,0.5201296193409077,0.6845913479536556,0.5213420015153043,0.48426106239151695,0.5086471954057751,0.5550935673586705
3,41,233,2057|1|training,1,2,0.5555061556793623,0.5597046067787468,0.7237436946244312,0.5176677132905011,0.5596524448472596,0.5569252769578403
3,41,234,2060|1|training,1,3,0.5858496672195784,0.48290454829925095,0.6402870989149175,0.6273188771095588,0.6538788629599843,0.5770178717351774
3,41,235,2071|1|training,1,4,0.5702484594222715,0.5401570094647709,0.5706367277166722,0.46579788613310386,0.4546346148043154,0.4285082848764173
3,41,236,1|0|training,0,1,0.2864106655663094,0.09718230204249914,0.29400720750400283,0.3350624541005957,0.23877600833628815,0.19420421109749
3,41,237,2|0|training,0,4,0.4034277145008453,0.5472787051971069,0.49471563653595696,0.5164492024378559,0.4920430212140447,0.44711691968860406
3,41,238,3|0|training,0,1,0.5402073211002341,0.22502976977633155,0.47194887176927813,0.31393896673729293,0.2673464000641443,0.42555622519226033
3,41,239,4|0|training,0,4,0.4602026827157061,0.4328154139015218,0.32905571668596945,0.5234350621028441,0.5368629425291401,0.36763076859244703
3,41,240,5|0|training,0,1,0.48913431564142684,0.5033486041375007,0.46650203276426505,0.5751979150070851,0.6148298284343661,0.6042265294800268
3,41,241,6|0|training,0,0,0.37928973996601667,0.8188121476074589,0.48096562462862125,0.2044201047397819,0.19267685305619914,0.41302641025678455
3,41,242,7|0|training,0,0,0.4394818554013967,0.2843961214446164,0.3519003128333055,0.43920237780340016,0.43535165025249023,0.4632284694607701
3,41,243,8|0|training,0,0,0.32159050674585,0.0798629262031017,0.18212968067724145,0.498246120484553,0.371228647696666,0.2827236622781326
3,41,244,9|0|training,0,3,0.5478312408359434,0.5058030705668476,0.35827229434488833,0.4917885087686133,0.503539466466549,0.42683056006904035
3,41,245,10|0|training,0,2,0.3157273942832618,0.5758231878504967,0.3394310643033415,0.1368260739232335,0.1187843861600586,0.30543894341504546
3,41,246,11|0|training,0,3,0.5048827241382032,0.5966643421493386,0.5675531853903958,0.4816092280160278,0.4623567723931628,0.49117751113421204
3,41,247,12|0|training,0,2,0.6832960686009011,0.5998398618711517,0.7441113824068217,0.6277334070416393,0.6825279512752779,0.6517024832328655
3,41,248,13|0|training,0,2,0.48533021648044355,0.5062960174205864,0.4280766427053148,0.36852052376165606,0.3425447232060176,0.4346655267945966
3,41,249,14|0|training,0,0,0.5007496339476822,0.7962460846271594,0.5750155219728378,0.5313836997128197,0.48396189562084874,0.5045763436154945
3,41,250,15|0|training,0,1,0.4509481550590065,0.37357810189826834,0.3932274296933097,0.4300328289482899,0.3879841047068106,0.48115959524900603
3,41,251,16|0|training,0,4,0.28071073227249793,0.21838111561161047,0.0782534068461844,0.1913940777519522,0.11238831488715786,0.18174050089742472
3,41,252,17|0|training,0,2,0.3749010744436578,0.4070420267199076,0.31023449561924527,0.38184779160421034,0.3576723188951885,0.37691568230605876
3,41,253,18|0|training,0,4,0.416776229284132,0.3827000061082359,0.27602139418580535,0.21323845833809263,0.18914906759728692,0.34597086562146484
3,41,254,19|0|training,0,4,0.5364311457456031,0.3827611524625124,0.41268816680612125,0.5585190905660811,0.5386355757525204,0.4886739228366767
3,41,255,20|0|training,0,0,0.46060162828328427,0.15569109971348083,0.2667883820337464,0.3930081171539479,0.3998506868787593,0.3932013151418984
3,41,256,21|0|training,0,3,0.3555970872260221,0.19876888144990823,0.1077366894228464,0.4197392997028915,0.35115922417096074,0.18806610258280945
3,41,257,22|0|training,0,4,0.4795603713785357,0.5293520672939075,0.40733516540601467,0.5987326281744487,0.6451246812742231,0.4880615444539567
3,41,258,23|0|training,0,2,0.32690023655766903,0.1996147215832192,0.15683092534679535,0.35801945983674055,0.3203379505394208,0.24014279944529188
3,41,259,24|0|training,0,1,0.5589394443189065,0.22878976609680654,0.3951556924448072,0.5066944505469193,0.48951082621308994,0.35224206868407754
3,41,260,25|0|training,0,0,0.2833903297262448,0.09067067310605992,0.15715691869989654,0.21059543723405216,0.13816256745505934,0.17913570271496393
3,41,261,26|0|training,0,0,0.2601979565278004,0.1334473031738917,0.06909931995921448,0.12454828531307502,0.08571929493910291,0.11512082332040377
3,41,262,27|0|training,0,3,0.4949935985716664,0.7320765171739354,0.6980461280131738,0.43584711188679454,0.44107073152393655,0.4396743255325582
3,41,263,28|0|training,0,4,0.46575805864023473,0.555927523794201,0.3809985155263565,0.4976408745054302,0.47591111845035977,0.5262175464810042
3,41,264,29|0|training,0,0,0.2937175564023541,0.07754047484244284,0.07388299021447395,0.18795198750620812,0.15103884746910942,0.17259669531586666
3,41,265,30|0|training,0,3,0.2780602415204749,0.3046253410299173,0.40356053311971196,0.19841452810390608,0.14986193354668792,0.24899482798265415
3,41,266,31|0|training,0,3,0.2233076482641408,0.25435360535372536,0.142109367307688,0.1440275935188991,0.10426917846181924,0.14159032974199157
3,41,267,32|0|training,0,1,0.31151391279670226,0.10919893119804965,0.16525193156059625,0.15241309848144327,0.11936827087184405,0.2612249508703822
3,41,268,33|0|training,0,3,0.4941021293669611,0.6318679014693479,0.6188748879481918,0.5247208403314252,0.5601259314055101,0.7089952838359382
3,41,269,34|0|training,0,3,0.4846598669325277,0.5589875627879946,0.45226338968402746,0.5193948000642886,0.5099725585857453,0.5511229409967807
3,41,270,35|0|training,0,1,0.5821624336814457,0.47295659479972,0.6574758476621299,0.434659827966664,0.47435867000580567,0.5371839679328808
3,41,271,36|0|training,0,3,0.3719072393010261,0.28762945661322625,0.19249078268297873,0.22112463013361705,0.2013019483394053,0.31442618032781494
3,41,272,37|0|training,0,3,0.6433922780985741,0.6111458105636343,0.7014220014561422,0.6325729713502342,0.666706380777553,0.6096881803641411
3,41,273,38|0|training,0,2,0.41129477383998353,0.5749787158743952,0.35571996270674683,0.450323352289593,0.4669767886472491,0.4197974014546986
3,41,274,39|0|training,0,2,0.563607709447632,0.4640014079937271,0.5628293900315017,0.5073897579914065,0.5505868305602485,0.589768603907032
3,41,275,40|0|training,0,0,0.4713181626824708,0.7961608323620273,0.36879580030492054,0.5612875151090109,0.5164622633746552,0.46938779282377163
3,41,276,41|0|training,0,0,0.35960986521834776,0.4280330908615595,0.36263362311816616,0.34670233060131345,0.3200980897000245,0.31441217570099445
3,41,277,42|0|training,0,3,0.4053904417400734,0.536372776895738,0.4351687285169557,0.30375143552641404,0.26850763004204714,0.4408790686252286
3,41,278,43|0|training,0,3,0.43980650394433757,0.2876324898938893,0.22846790728087787,0.48913614023856095,0.46855066666763784,0.34705200377136786
3,41,279,44|0|training,0,1,0.4607276290973719,0.5966827164611203,0.36847838716810943,0.5174229017381379,0.518918083244474,0.43939238636380845
3,41,280,45|0|training,0,4,0.3727292238124838,0.39930526855755355,0.29906762916658974,0.2569383787790372,0.2076237731373155,0.38982674918116245
3,41,281,46|0|training,0,4,0.48946872938076247,0.42630722531693066,0.46109755644787237,0.5508993247227434,0.5017807134769664,0.5693482603067813
3,41,282,47|0|training,0,3,0.5307818962552926,0.42503513857669767,0.5312633997500413,0.49217760161264784,0.5295434191808069,0.5984094425256492
3,41,283,48|0|training,0,3,0.5690065915063264,0.678590894908494,0.8073934881605389,0.5573234069299025,0.5700160030370017,0.7063598099239428
3,41,284,49|0|training,0,0,0.5870975328735215,0.5243330004960877,0.3664044479876571,0.4172191838162586,0.37456560527365507,0.5037861942706146
3,41,285,50|0|training,0,0,0.5508132054183068,0.4187471494082563,0.512619269177533,0.4412495148772322,0.4198859137365971,0.43417609740341934
3,41,286,51|0|training,0,4,0.3433771763382545,0.3676551478173247,0.3962008094144183,0.28819867851719616,0.26852803594634667,0.32727472868678537
3,41,287,52|0|training,0,2,0.4106145417070414,0.5070728843525998,0.36505641911987474,0.4370874273600236,0.40994260338366195,0.42634324328275675
3,41,288,53|0|training,0,1,0.4458583352136345,0.4683548772341793,0.34984100691453435,0.5554429339986102,0.5981580681467488,0.6745378582874347
3,41,289,54|0|training,0,3,0.5188128176847445,0.6886283651594628,0.7390047341752464,0.556263648001874,0.6212346565999256,0.6660083678117502
3,41,290,55|0|training,0,0,0.5159758366293165,0.5908330155037449,0.562840576154381,0.36264070578196156,0.3615830239585503,0.5330132645749937
3,41,291,56|0|training,0,4,0.5306485302321899,0.7250647892179167,0.6946547125483354,0.5424808967066157,0.5981821610362359,0.6714829505442507
3,41,292,57|0|training,0,4,0.48888801370116464,0.5758269759514724,0.5674559794958568,0.49883150213739147,0.43009288653378486,0.4615883089619461
3,41,293,58|0|training,0,0,0.5084943164893447,0.8039495209065138,0.728412240134862,0.5192578277063115,0.4755177099343754,0.5376734181901781
3,41,294,59|0|training,0,4,0.1132187652558808,0.16666894229027224,0.053370562591903585,0.10880178076625034,0.08101989973966531,0.05289024147498627
3,41,295,60|0|training,0,3,0.5168346915320979,0.3100471858192863,0.28837024458254523,0.5563563130850322,0.6250342741902732,0.5029644040495611
3,41,296,61|0|training,0,1,0.11521846334105176,0.09695607573634918,0.06763205904730436,0.10088659468884413,0.07475182154465529,0.04953589695069257
3,41,297,62|0|training,0,2,0.4454378776915072,0.5521636592788849,0.40819283218864566,0.4883233087666299,0.47297237542493564,0.49472002390795194
3,41,298,63|0|training,0,3,0.17217283522961274,0.25785194388864874,0.10512334504309775,0.24909529218364018,0.23933692601707968,0.15338240284081603
3,41,299,64|0|training,0,2,0.4538289634211511,0.5660025062747845,0.5554918097870438,0.46832479653734327,0.5338612881156406,0.38244433033592723
3,41,300,65|0|training,0,0,0.469149257737477,0.19261774494746753,0.4099274960663767,0.4605596042620544,0.4192150735411678,0.46287027990137386
3,41,301,66|0|training,0,4,0.4269668433242993,0.48938318927699626,0.3911670747963036,0.40371111963714407,0.2996612283411598,0.38645098844900616
3,41,302,67|0|training,0,0,0.35651132027452265,0.1089559823031893,0.37385350492112684,0.49309724268270794,0.46588048060481707,0.2552769917107744
3,41,303,68|0|training,0,1,0.24856643382942084,0.17017743894166,0.19975493397877758,0.2959613673832319,0.25372717106600434,0.20922830411938853
3,41,304,69|0|training,0,1,0.20671251441124544,0.14648693495110088,0.15630475922860831,0.1465369208297346,0.10835262665720592,0.25435114476356396
3,41,305,70|0|training,0,4,0.33669562706552925,0.359812284797464,0.24836294613217647,0.21259834159485635,0.17475300409347327,0.21292864133948197
3,41,306,71|0|training,0,4,0.343568646523162,0.5357203395124139,0.22193375863556872,0.17855458859126624,0.14722548134327354,0.2493637597418159
3,41,307,72|0|training,0,0,0.4047994029335899,0.32781279361548854,0.25487561719748614,0.378812702631211,0.35403161266672817,0.37000312710588584
3,41,308,73|0|training,0,1,0.406840295181989,0.4875058314550848,0.5817268378962002,0.46437332574723134,0.44919550941888264,0.4941747102261783
3,41,309,74|0|training,0,2,0.543686254825462,0.5997035952016775,0.6833783425322733,0.44676475957114803,0.5178908249731732,0.5104812366755415
3,41,310,75|0|training,0,3,0.42810143590618643,0.7322841254682723,0.5111665550756745,0.4334794875348286,0.4469810762366376,0.45264077456466856
3,41,311,76|0|training,0,3,0.4185462490158577,0.4608146163898575,0.5176009132634378,0.4506997916283115,0.45049572188671255,0.5073986629889142
3,41,312,77|0|training,0,3,0.4110011961079357,0.43867327070058226,0.4110273214342728,0.456129375745038,0.4040999823760663,0.43828516708971427
3,41,313,78|0|training,0,4,0.33711819241109436,0.24839827230695047,0.2854161809835982,0.3087236941298038,0.2658133883309996,0.2852087860335871
3,41,314,79|0|training,0,0,0.26247935422338786,0.07374672364044357,0.15153655147072484,0.17772964763885912,0.14590913945337386,0.3331054495400931
3,41,315,80|0|training,0,0,0.4138223171081381,0.11565264012347617,0.3171250699545148,0.5146225341157341,0.4434912005935309,0.4836951104585436
3,41,316,81|0|training,0,3,0.4911328023530892,0.3611490702245143,0.4749428532820862,0.4851487609726989,0.48863342014056294,0.4947069219613252
3,41,317,82|0|training,0,2,0.46355103290631877,0.4167874832749759,0.27378838885704837,0.4182754473073456,0.4034312699276632,0.3964461514406776
3,41,318,83|0|training,0,1,0.3564218667684699,0.3108204285458276,0.4378600327381306,0.3813227397408784,0.3412950303948123,0.5274334327948001
3,41,319,84|0|training,0,3,0.4345363545334075,0.29569385615240656,0.2346526308659434,0.33589607142123556,0.3006132089501195,0.24894215987113993
3,41,320,85|0|training,0,1,0.33038504747560654,0.3905474062842204,0.42914391655325773,0.3384221666392105,0.356571306993541,0.41055634879201325
3,41,321,86|0|training,0,1,0.30189340958396493,0.23020825477989662,0.0800852521584642,0.16523363075119948,0.13023507846272867,0.2224936064936626
3,41,322,87|0|training,0,2,0.5106759039252385,0.6311288267098355,0.6316596423734905,0.5828917980278966,0.602377611648743,0.44812223079382457
3,41,323,88|0|training,0,1,0.5578071765667162,0.7266495970335599,0.508298453647794,0.5054443383335354,0.513992429957093,0.5912692522302615
3,41,324,89|0|training,0,1,0.40280590771522895,0.16888521112750757,0.2629516585004441,0.40759274498954273,0.37284459595071173,0.26882258273810555
3,41,325,90|0|training,0,4,0.5419015901082488,0.6263104948895764,0.6424706527904961,0.538053785625152,0.5543297738527061,0.4138913352870131
3,41,326,91|0|training,0,0,0.44282949333416705,0.218703180820715,0.5523219010746909,0.4443442998169284,0.42882108897318333,0.5503605952187584
3,41,327,92|0|training,0,0,0.4611651662243607,0.24352582759305105,0.4513053817350622,0.4816241498130212,0.43287117270997144,0.530769658230648
3,41,328,93|0|training,0,1,0.4002320746326032,0.3358717564571818,0.4939304747537057,0.45360288828929257,0.4154548550980006,0.4884141971271244
3,41,329,94|0|training,0,1,0.5114296142230421,0.39237116454875043,0.36445325455290534,0.40824849145673836,0.4099274954546702,0.5239925689792486
3,41,330,95|0|training,0,2,0.5619284032785782,0.6687552778514669,0.6730453435167758,0.44467663794839773,0.5513897228039175,0.48373327502473246
3,41,331,96|0|training,0,1,0.479634953008926,0.6061534699905723,0.4324276162431741,0.48787020711732715,0.4544405265515893,0.6015081884299083
3,41,332,97|0|training,0,0,0.5864060987295866,0.4633806615049373,0.5473047355921828,0.45850750038912347,0.5593866539329273,0.6215352391335354
3,41,333,98|0|training,0,3,0.4194137266303376,0.30500642052788335,0.4174976751969076,0.4882678264821658,0.4525764723433134,0.46369663882254397
3,41,334,99|0|training,0,4,0.4030224671985511,0.38430359527215363,0.34457350953014965,0.49033888072225834,0.493915660833983,0.3938607518796764
3,41,335,100|0|training,0,1,0.49191349920506705,0.774832495979793,0.5411566634121902,0.5380976823792886,0.4922821813710787,0.5246448785344029
3,41,336,101|0|training,0,4,0.36192606231559926,0.5368978847208179,0.6155300990865364,0.49804136724317166,0.48595398593725575,0.4392054422447436
3,41,337,102|0|training,0,4,0.4177465407384738,0.4567205900452945,0.4300375827190728,0.44376260925951067,0.3728482613758685,0.42682064956959936
3,41,338,103|0|training,0,0,0.29110119620606634,0.5050232145648396,0.25204102911919896,0.2569805307761083,0.2029623959211572,0.238421547981512
3,41,339,104|0|training,0,2,0.21949668451051674,0.2614093994926723,0.28444094764092726,0.2656335947173603,0.2228300817715733,0.21655869023238142
3,41,340,105|0|training,0,0,0.36331130455593613,0.15179026699980064,0.5525925838849368,0.48755647784322376,0.45718221683085836,0.4236506097710313
3,41,341,106|0|training,0,1,0.49103769647357637,0.7343125714275899,0.3165420313192144,0.5514662884301853,0.5510273242725512,0.5889347472020374
3,41,342,107|0|training,0,1,0.41531682086920835,0.10780226847994544,0.43748977938149936,0.46491743704204036,0.37759031659381886,0.3556221304510515
3,41,343,108|0|training,0,4,0.2760772168482466,0.2505128179160736,0.1625151346224069,0.3065244684120391,0.2557104948704447,0.2726007789270123
3,41,344,109|0|training,0,2,0.288224166172237,0.3650326571963289,0.3080061880548702,0.35382043040306566,0.3045755751930371,0.3081620731204105
3,41,345,110|0|training,0,2,0.49472725005860135,0.4865886666946697,0.2531547184813096,0.4307755424874369,0.3520436592334616,0.28558417070102415
3,41,346,111|0|training,0,1,0.22706735150047483,0.08956983462815067,0.14540310818724533,0.2857694053340167,0.24042962705254767,0.26152562934147977
3,41,347,112|0|training,0,2,0.3187253827619226,0.35356667700984606,0.2667335807879957,0.36841461673500836,0.35205732544903373,0.3207324408937257
3,41,348,113|0|training,0,4,0.41366439189023035,0.4171196201125133,0.36169291082320804,0.4000574812456423,0.379544663935059,0.5369724625998767
3,41,349,114|0|training,0,3,0.5440223786194892,0.6909114193880969,0.6333536384300334,0.49051598382842465,0.4756448141820403,0.5829359689719085
3,41,350,115|0|training,0,0,0.41792889368914515,0.5138216754280461,0.3804571481483379,0.5108123075741582,0.43703936259973125,0.38790211476946984
3,41,351,116|0|training,0,1,0.37580533697666524,0.13635173793072944,0.2388581071225216,0.4220894395385614,0.39753942199315484,0.4057542190365072
3,41,352,117|0|training,0,1,0.4490721607069734,0.26073228387041636,0.28470101333249787,0.5853150735672225,0.5100989058655052,0.41864663929654433
3,41,353,118|0|training,0,2,0.5196856566026925,0.5534355342361003,0.4652457776738916,0.4926745170627008,0.4351254095487886,0.533366930341127
3,41,354,119|0|training,0,4,0.3141704304322863,0.46255625375789294,0.21778194738166085,0.1445260810635566,0.11405458574133502,0.201647606604347
3,41,355,120|0|training,0,2,0.3043398961651593,0.27998987287910204,0.2520184573609907,0.22538994663643416,0.1990685615623458,0.19610905558947944
3,41,356,121|0|training,0,3,0.3685713121098805,0.5405670636631317,0.5804640495183503,0.3148166948634635,0.2776256012166205,0.4466394581576374
3,41,357,122|0|training,0,1,0.333672634750835,0.16442551680118653,0.16956727253189918,0.2242566147844998,0.18576386680841944,0.22187245328871447
3,41,358,123|0|training,0,2,0.4693536379554179,0.4023507930672387,0.189294740789393,0.4791468563104387,0.4261813171487761,0.38175236521812234
3,41,359,124|0|training,0,0,0.5713284255428883,0.8136271729557488,0.5967889858845412,0.4532829246912969,0.4157793166421055,0.5506907435277655
3,41,360,125|0|training,0,2,0.48043012478986125,0.6122359826056234,0.5750287297549506,0.4789329197389087,0.4607977335284916,0.4718305540718258
3,41,361,126|0|training,0,0,0.411585944412338,0.6885174001504906,0.3662033116672753,0.31963956915423514,0.2753860546958045,0.44153613702136835
3,41,362,127|0|training,0,2,0.5034698884806794,0.5435611967103868,0.6681640514799507,0.5615040894983746,0.5581306991541845,0.5580817206893725
3,41,363,128|0|training,0,2,0.35029492420459174,0.42164149350908714,0.42522120523571927,0.34220605157694184,0.3003653496396303,0.35174704185744665
3,41,364,129|0|training,0,1,0.3746859942244859,0.3245384649432992,0.3720514312396774,0.2965595742500035,0.27236791563648954,0.4863220880678213
3,41,365,130|0|training,0,4,0.2175934456685069,0.24581195220109606,0.10765975289478591,0.1838877591016075,0.13684821593917987,0.08882525458423204
3,41,366,131|0|training,0,0,0.4448679347222418,0.3257857352804387,0.4644160064901672,0.3575318222352882,0.306893235058588,0.5344536704657269
3,41,367,132|0|training,0,3,0.5000082369603377,0.6152761444919699,0.679575653206059,0.5333846972933447,0.4835929431056619,0.5798716137996384
3,41,368,133|0|training,0,1,0.2734696918017063,0.08641857728240944,0.17969557310625192,0.354651645870803,0.2641010874745664,0.3428727591857514
3,41,369,134|0|training,0,0,0.27666702838215806,0.17312666085990552,0.2823761009081098,0.30640393661862797,0.2653158776689461,0.2839299980131118
3,41,370,135|0|training,0,4,0.31583852602003654,0.3750253196433068,0.48030371529622196,0.3339150215134948,0.27135727697634077,0.34402637415226395
3,41,371,136|0|training,0,1,0.24644330992444466,0.15850481108022804,0.1894886302682713,0.23504923177481907,0.21064758053773355,0.22956118421169686
3,41,372,137|0|training,0,2,0.2665556721044509,0.31747666491712856,0.28487293933272545,0.2821812855854533,0.2526803563831044,0.25205449220036935
3,41,373,138|0|training,0,1,0.5905406009703061,0.8825919741330991,0.5132921745743875,0.5674656007189978,0.5768256106495415,0.6070790535652828
3,41,374,139|0|training,0,2,0.4380247260507756,0.6432608173503943,0.5804858832353519,0.40028781823867454,0.42074241018828296,0.47040773983336676
3,41,375,140|0|training,0,3,0.3578890410153528,0.2899612442353711,0.31552732114240084,0.461938658990358,0.44167790507635435,0.45425858509403977
3,41,376,141|0|training,0,1,0.3725621490928341,0.1997451902599995,0.2133955304229971,0.4024350564279437,0.3525396386509908,0.2961992065410752
3,41,377,142|0|training,0,1,0.47725662116453843,0.16200962900811158,0.24494565510118932,0.4728407146906063,0.4487188886216728,0.3903902984171941
3,41,378,143|0|training,0,2,0.325173294550015,0.32086871263522887,0.27517123279180755,0.2640159246431921,0.25132357870249367,0.3421909490389959
3,41,379,144|0|training,0,4,0.40108564764541976,0.40389020379468293,0.439341206858716,0.3508991223342007,0.31624496808094776,0.3668166017742779
3,41,380,145|0|training,0,1,0.5244052783723723,0.7836367808533983,0.6791640715808024,0.4367438782900909,0.4327807277511853,0.6002200767103303
3,41,381,146|0|training,0,4,0.32448388540145706,0.46043300551968225,0.28208324165370763,0.493418734968506,0.4789166138785827,0.3310623668790508
3,41,382,147|0|training,0,3,0.4137631689770568,0.5629132012935225,0.44359773612771003,0.40103914139768443,0.39058349230144307,0.310888563624186
3,41,383,148|0|training,0,3,0.5709097133978749,0.44804685827387747,0.5788221337401128,0.5447669691436583,0.5487808461002056,0.5830222832898184
3,41,384,149|0|training,0,4,0.4828164082504858,0.6031835324913756,0.5202155157598564,0.39095226590447396,0.30845562880635197,0.5560523729230464
3,41,385,150|0|training,0,4,0.43079946280994025,0.4836487756281281,0.4089983562847945,0.40033225792047566,0.3668853059901595,0.36905292552250196
3,41,386,151|0|training,0,3,0.5113972010954733,0.481699722498103,0.3722213088551941,0.41537190856232886,0.34893100442959735,0.43023864485420854
3,41,387,152|0|training,0,1,0.27315452553993835,0.11791982884476267,0.11763535153457481,0.19137063311099684,0.20800473308755096,0.08684779506004915
3,41,388,153|0|training,0,0,0.4140526161456135,0.11140786214064873,0.44835666834536997,0.4555207393121912,0.4397553033337637,0.37467600328011436
3,41,389,154|0|training,0,0,0.33585352560484943,0.2899156670749036,0.36435611291745035,0.36921553303071575,0.31724181197771717,0.41213720946455384
3,41,390,155|0|training,0,3,0.41138583673653406,0.5108905577177406,0.4403897295934658,0.3640177972878338,0.32952763382361294,0.5169830832963137
3,41,391,156|0|training,0,3,0.25787051149680684,0.4026704791464976,0.34756047031868037,0.278326663941981,0.22881845327980024,0.3144306305920575
3,41,392,157|0|training,0,2,0.5639892276371781,0.5964121158517218,0.31352742846769543,0.5570604830569482,0.5359349694423714,0.45456064925956374
3,41,393,158|0|training,0,3,0.40042530836275225,0.283434079673848,0.27632371969544045,0.38921699915184266,0.3426319445962871,0.2014108063427155
3,41,394,159|0|training,0,3,0.40109518228614016,0.5685614537892448,0.6634497833846389,0.4484557021287953,0.44361509907530816,0.36240373197252007
3,41,395,160|0|training,0,0,0.5299003155660812,0.8618849191091404,0.5315549780758111,0.5010666399621914,0.4864232427597674,0.6436661554573471
3,41,396,161|0|training,0,2,0.4325756373008062,0.39697307672036797,0.5642739345253589,0.37278076517484393,0.36602434047272336,0.430776482208226
3,41,397,162|0|training,0,0,0.39494098957625584,0.24590676167654826,0.3122476092770312,0.2703854100844861,0.2289967980420453,0.3754811536622007
3,41,398,163|0|training,0,4,0.39886114561082264,0.2521521604024364,0.3722594352963278,0.45473074639709665,0.4192585841349362,0.37520186087451174
3,41,399,164|0|training,0,3,0.25509676366538714,0.24245367287617609,0.2716728070852371,0.3103597817976252,0.2674635457537545,0.3611033909888413
3,41,400,165|0|training,0,4,0.45701569024188454,0.3924321866326038,0.32567246252945165,0.46800411818666876,0.43026908884351955,0.4437999364270231
3,41,401,166|0|training,0,4,0.3288344298595216,0.4510916950309708,0.40508489614447246,0.31930573382921656,0.25982855992855214,0.302208085077927
3,41,402,167|0|training,0,0,0.3069643022780608,0.19361052251432798,0.20942696826697982,0.38975112752618496,0.2911894801178121,0.19996075560133256
3,41,403,168|0|training,0,1,0.25326595330624624,0.1137387240161654,0.26203233113018326,0.3782621743613664,0.3713383926414942,0.38577098472413324
3,41,404,169|0|training,0,4,0.2625510386877799,0.5720153236266621,0.5012476599363517,0.2602228659801028,0.2873857142425728,0.29560094522962194
3,41,405,170|0|training,0,3,0.30550954152231197,0.21788397153619557,0.2066754918617285,0.41177966753565026,0.24178994392349998,0.2001387528756604
3,41,406,171|0|training,0,4,0.2911580990118013,0.24745139849985148,0.19555007441512925,0.32596510591145933,0.2750886114147848,0.25147143877406836
3,41,407,172|0|training,0,4,0.22043569514421618,0.2527257804472995,0.23105497021369475,0.2973275786540553,0.25345666399901384,0.4319760322153377
3,41,408,173|0|training,0,1,0.29867045607181114,0.18309881528709968,0.43508592350784353,0.3595182868705711,0.301309552596344,0.26970737143518636
3,41,409,174|0|training,0,2,0.37931838499719533,0.47302377225196895,0.4105737826077511,0.3889057577061823,0.38941109060979007,0.4109778753978154
3,41,410,175|0|training,0,0,0.30517694249837307,0.12536081327983792,0.22329317774045168,0.2884611506356259,0.2385064702925754,0.22095854086628644
3,41,411,176|0|training,0,3,0.4389199167058045,0.6844856805385497,0.5861135237773062,0.45482433901488134,0.44960939508577263,0.4899120468407648
3,41,412,177|0|training,0,3,0.45888790045941497,0.6629820557494365,0.5031149447853535,0.3743903683431544,0.3244080600564017,0.6221513203102693
3,41,413,178|0|training,0,3,0.25142985045441496,0.1796982222425567,0.1603988787745282,0.2874799924720594,0.26210544028185184,0.2305455732761425
3,41,414,179|0|training,0,1,0.42438820152639467,0.1679299391968242,0.3176423511320381,0.46694281505552476,0.3607662504271372,0.4510796309396515
3,41,415,180|0|training,0,2,0.3549941660151565,0.27713616990055606,0.2925430356111178,0.280203969102116,0.279112829219752,0.22796689045610607
3,41,416,181|0|training,0,4,0.4748303868750349,0.4895592580010403,0.4960074136037074,0.4875963317011409,0.4873349516328267,0.5153664274564504
3,41,417,182|0|training,0,1,0.49643524494131075,0.4865198020904473,0.264134870256725,0.5104641960617172,0.4988253868708568,0.5440814270821819
3,41,418,183|0|training,0,1,0.4495945915893541,0.18397457655708763,0.40641953827722044,0.4703110036690736,0.4644841006523285,0.5136605610432413
3,41,419,184|0|training,0,0,0.43257321294268297,0.3108764583828003,0.34786881897852023,0.47195806333008483,0.43800229013088027,0.4108964286449301
3,41,420,185|0|training,0,1,0.30897969050206314,0.19943731904991038,0.24547550859838776,0.2297221619117657,0.1746812406886245,0.20420637155844798
3,41,421,186|0|training,0,3,0.3692565138382251,0.726313228329471,0.43782893585633686,0.4810605026232052,0.47673303166249875,0.6177287456359162
3,41,422,187|0|training,0,0,0.3767489532597061,0.15381396504485947,0.22936504465886998,0.3523837107683955,0.2591004210912605,0.25919808093796076
3,41,423,188|0|training,0,2,0.4756104118660301,0.4016080785232659,0.5583684757425941,0.5361438507062521,0.5466462111339512,0.5413700537340312
3,41,424,189|0|training,0,4,0.5164438157381033,0.4357542513246374,0.39833059855419395,0.5270553561147826,0.517118425565597,0.3687281947909365
3,41,425,190|0|training,0,2,0.34336694526057976,0.2697894370444906,0.2716054529254435,0.42594732492109294,0.3402014528841035,0.3409662727831634
3,41,426,191|0|training,0,4,0.38564294801224464,0.390660606206913,0.38337233143937166,0.451090162237552,0.4462696738648633,0.31968650089402273
3,41,427,192|0|training,0,4,0.35459742418707835,0.38099963880088755,0.2048158842749496,0.42404610974667195,0.32005930014399775,0.30151709707272206
3,41,428,193|0|training,0,2,0.5901340103586763,0.6917489307249017,0.6444472699353316,0.5364104034419767,0.5760197113397337,0.646898164577997
3,41,429,194|0|training,0,4,0.39668624025021676,0.36608401040126265,0.4445467993416574,0.4851062989293599,0.4364624473981314,0.4686497607665333
3,41,430,195|0|training,0,4,0.3770537550894944,0.3659846783813653,0.32613983930012536,0.4877002985104954,0.40959505124155005,0.4612827942401266
3,41,431,196|0|training,0,3,0.5140570004060394,0.3771752158873534,0.7279374048866659,0.4626803986602974,0.522233854306723,0.5572450194349083
3,41,432,197|0|training,0,1,0.5204467283534937,0.6850813929015143,0.7556635939162231,0.48013232239277426,0.5463118404093223,0.5313713509864126
3,41,433,198|0|training,0,0,0.2890758860811493,0.10904428226997896,0.2174364238423298,0.3924080709007187,0.314247667989627,0.2548821571439735
3,41,434,199|0|training,0,4,0.4764449696185855,0.20876894501756854,0.24371346963787377,0.5507702257321901,0.5336167010208285,0.419207366177049
3,41,435,200|0|training,0,2,0.3174213217617761,0.48562899945908017,0.31069426250360255,0.28464047295213685,0.23440962328701537,0.3719428537427914
3,41,436,201|0|training,0,4,0.3191464785607345,0.26171974091275463,0.26150341620402623,0.33027552446489095,0.2805020535423319,0.2896619433785902
3,41,437,202|0|training,0,2,0.5809170048437315,0.7200376307129981,0.6662421092953466,0.5883821149424762,0.6152441310266183,0.6301900368978794
3,41,438,203|0|training,0,4,0.426913908423965,0.31159290681046453,0.3067562347720628,0.4003405303526515,0.3733245980203515,0.3457072810750664
3,41,439,204|0|training,0,1,0.333314513346651,0.12702039073229293,0.25681193404025715,0.2957062169007797,0.23564130956281576,0.27301340130734286
3,41,440,205|0|training,0,3,0.4124658892556233,0.38491663183437397,0.21297946485406946,0.36807330048774195,0.3170048159745237,0.33216360336735
3,41,441,206|0|training,0,2,0.557912379616065,0.6765276270275375,0.5686796641558226,0.5347412541453136,0.4936964033931192,0.5679069870650363
3,41,442,207|0|training,0,1,0.3731703103675929,0.18198884564689607,0.3023199757980703,0.4495693850570709,0.3295747201570124,0.4434938039320815
3,41,443,208|0|training,0,4,0.4548678969596946,0.5459005232091234,0.44334452804912833,0.44666952044776775,0.41714320333095006,0.40453625004405475
3,41,444,209|0|training,0,2,0.478347849769574,0.5890088310248838,0.5475544210652629,0.608726701706852,0.6259215535905206,0.6214398191168503
3,41,445,210|0|training,0,2,0.39104929551821305,0.3978081859065283,0.2758219035982606,0.4640831053576517,0.41470114193973845,0.3449900094408833
3,41,446,211|0|training,0,2,0.4508326476440329,0.40873346728436144,0.3224006893048756,0.3877996631596735,0.3295739462567802,0.5652883753722605
3,41,447,212|0|training,0,2,0.4687338016805131,0.4153842001643127,0.22994441631522267,0.3464378131549408,0.2540582930081322,0.32809148749263284
3,41,448,213|0|training,0,1,0.318753166068902,0.32257627837180647,0.17183707062192077,0.3389237303290622,0.33392012144789285,0.18128667360318576
3,41,449,214|0|training,0,2,0.38191712062458955,0.2774130321552223,0.16821224423929237,0.4272961911880007,0.35016518054017154,0.35648030586448687
3,41,450,215|0|training,0,0,0.5314470682660791,0.5256295479568728,0.4444300102228345,0.5589982436490916,0.5455333138482837,0.5741027123540566
3,41,451,216|0|training,0,0,0.35467335946661466,0.18195728390616148,0.25925155446993275,0.40105952103957787,0.33560246175505887,0.420032116138281
3,41,452,217|0|training,0,2,0.5657194367570971,0.5865750856916835,0.42378639442610083,0.5650011213006707,0.5949858097486073,0.5349526033124746
3,41,453,218|0|training,0,4,0.5311892396824326,0.3764131512592595,0.23691812660001976,0.445554164370121,0.4867133335211271,0.5455492767943969
3,41,454,219|0|training,0,3,0.517200267382023,0.48077460827364826,0.35066653300704903,0.47358609287151127,0.38685778086925066,0.5554325023351728
3,41,455,220|0|training,0,0,0.29126228797288306,0.0841002715680419,0.16052211406838837,0.2930985070892577,0.20635202473446737,0.19516579476635157
3,41,456,221|0|training,0,3,0.20644689550589923,0.20829687799172444,0.1241278907718645,0.2588976932200281,0.20586545472668288,0.14472861111644567
3,41,457,222|0|training,0,1,0.5595541471307078,0.6954329502090738,0.6557311872858069,0.5435661342096564,0.5614963896472134,0.5244171797721153
3,41,458,223|0|training,0,0,0.36355163609957153,0.10666260711831953,0.1386339694122536,0.3166923886719686,0.26211894584617373,0.1765902179727613
3,41,459,224|0|training,0,0,0.5387723469823313,0.664978629921883,0.46220472305397037,0.3372789478303888,0.4461369541711162,0.44405521363178524
3,41,460,225|0|training,0,0,0.44097384927237127,0.28551011412817023,0.342063821590008,0.4797535409901249,0.43549052031061986,0.41051172586538276
3,41,461,226|0|training,0,0,0.40612805146506964,0.15488289588480192,0.28147588398234746,0.4916401737476701,0.4580879764418813,0.5409795408282676
3,41,462,227|0|training,0,0,0.44090460326642916,0.32330611257381486,0.267050929673416,0.39696245118493917,0.3367737963865456,0.36425247033889097
3,41,463,228|0|training,0,2,0.6454011588443266,0.6743575319444355,0.5198558848175856,0.5521080559294516,0.55533666149436,0.6408924189298657
3,41,464,229|0|training,0,2,0.5598923004739847,0.4877559861677731,0.7539913242322547,0.6587385360113693,0.6760822122871888,0.7570775151713112
3,41,465,230|0|training,0,0,0.48164274695580267,0.6499130495189567,0.3205144659465224,0.45958006006143987,0.46611496824246446,0.41902545006165853
3,41,466,231|0|training,0,2,0.548805739444721,0.6492850263709528,0.8004465253407781,0.48285633818665263,0.5204165444746232,0.5409238033403626
3,41,467,232|0|training,0,2,0.45800022854455247,0.4714934073094906,0.5948736036018534,0.4979664383745165,0.4956394987682399,0.5494669358038
3,41,468,233|0|training,0,3,0.3263148205951969,0.27476870218377675,0.20625198783208346,0.35888127543045334,0.30063020082503084,0.28296357159721586
3,41,469,234|0|training,0,3,0.4964071477007302,0.3404167936225274,0.5387786345918371,0.5328975720739713,0.5151312245162611,0.6564795604937947
3,41,470,235|0|training,0,3,0.5656730704028562,0.3065382451269325,0.7064184859872459,0.5487204244893901,0.5306398593449848,0.6119097475311801
3,41,471,236|0|training,0,1,0.41556806491081016,0.430468194344457,0.5491917889460574,0.44530876706968264,0.4952954566957191,0.31485098947751217
4,53,0,20|1|training,1,3,0.6230502346195907,0.5926356145019072,0.7654550604891631,0.8389829414962091,0.887641162640931,0.6279658118496401
4,53,1,21|1|training,1,0,0.661246362877887,0.8745444136805196,0.6924284738780115,0.6999331374799544,0.7550205997508623,0.6449708528127879
4,53,2,22|1|training,1,3,0.5046618348463967,0.6244605848473456,0.7351670021133879,0.5824629335343986,0.4486483978078574,0.6300386278517374
4,53,3,35|1|training,1,1,0.5836264183323459,0.7436443604997722,0.5117538845540958,0.5303163393778135,0.5219133718325963,0.4947624307801966
4,53,4,38|1|training,1,4,0.6287722567429077,0.48133618604974765,0.5749961169551735,0.7387231850739893,0.7798223045380798,0.5348175523908117
4,53,5,39|1|training,1,1,0.49574319777176407,0.742966767171615,0.3775353369625766,0.46094974383434906,0.4538758578086575,0.4917394446896243
4,53,6,40|1|training,1,3,0.544871656362059,0.6242025962340134,0.5179563642721011,0.4983093418843664,0.4907533704446318,0.4694669253323739
4,53,7,54|1|training,1,2,0.49303341383293836,0.5201707314203231,0.6915453838146731,0.483589170900359,0.4333206380776839,0.5108033104452568
4,53,8,55|1|training,1,3,0.48576590565505884,0.6196503381784383,0.6858637972660767,0.417414886104501,0.39538459848848806,0.5625030941251915
4,53,9,56|1|training,1,2,0.6311759450800695,0.8146038682587253,0.7523616215735515,0.532425986867949,0.5842922276545772,0.6766223433365076
4,53,10,57|1|training,1,2,0.589937826028594,0.7298933555943945,0.68018524580027,0.5863082581007953,0.5961839132364835,0.6757105846966505
4,53,11,58|1|training,1,1,0.5209271262770889,0.806865684989122,0.7358970969819286,0.41663877138990235,0.3582783131200147,0.5004552970443579
4,53,12,59|1|training,1,4,0.7029294953981504,0.8992854029216792,0.774403118951003,0.5537635412050945,0.6243006897714398,0.782673846562003
4,53,13,60|1|training,1,3,0.5627980888676668,0.6692881552912527,0.7674966811016651,0.6182268573432353,0.591063596443231,0.6620923940564014
4,53,14,62|1|training,1,2,0.49564000493786,0.7708854425926901,0.5022576376375137,0.5946838682577519,0.5510151778187773,0.6152011104087319
4,53,15,64|1|training,1,3,0.45460598408946273,0.4565422532788857,0.5339371702746863,0.4122101946196655,0.40034180818368365,0.5589278394965957
4,53,16,77|1|training,1,3,0.6092000032522682,0.4941266238521624,0.39253000383361025,0.6721990204365824,0.6951667322225374,0.5691454911343753
4,53,17,117|1|training,1,0,0.47345061884463846,0.2121669902416001,0.4183906847015872,0.4722369697729823,0.4346569285246745,0.42732454352555826
4,53,18,118|1|training,1,4,0.5117241195769949,0.3395628445775325,0.48393536675289633,0.5308113216145236,0.4775293680003063,0.43334743796336156
4,53,19,119|1|training,1,2,0.5827356605230941,0.6970224765193098,0.7355613444169531,0.552438683372319,0.5124743229741754,0.6792629748625304
4,53,20,120|1|training,1,0,0.586679706432033,0.8700461133280264,0.6742318208155348,0.5801999528851742,0.5429166529168327,0.6434650996136585
4,53,21,121|1|training,1,1,0.5834778956790602,0.771622994783272,0.6573410410546433,0.3830561560410663,0.4727346141826079,0.5324868049537533
4,53,22,123|1|training,1,4,0.6629151276408186,0.8598720598141129,0.771546762540644,0.6271503388738697,0.6626851643640584,0.6776942620488307
4,53,23,124|1|training,1,3,0.5808354530051134,0.6010016596794464,0.4624658996895956,0.5228435707078976,0.5948794147476777,0.5319949422510027
4,53,24,125|1|training,1,3,0.538226299145492,0.5168415149812141,0.6677039581508566,0.6140227077684989,0.5747043493699789,0.7110280034825205
4,53,25,126|1|training,1,3,0.5883538821210907,0.7314346842586814,0.5098541715336792,0.4875549711602402,0.4148342273597217,0.5549956420778108
4,53,26,128|1|training,1,2,0.559597163007214,0.6052318284113961,0.7278189250963221,0.6257273685084178,0.6253582926748089,0.6330028908745601
4,53,27,129|1|training,1,3,0.49893953447666417,0.49479236684492844,0.7018730111702217,0.6142671636442518,0.5540933010788924,0.656064640000097
4,53,28,130|1|training,1,2,0.5393658163843127,0.7908935404178629,0.6464586186127035,0.5923042049668591,0.620862362487651,0.6809358378600502
4,53,29,131|1|training,1,4,0.5093029187788416,0.6482660970369026,0.6003961904637699,0.5651504028727911,0.5723736424815221,0.5957311978742859
4,53,30,133|1|training,1,0,0.5472173497493393,0.8977164411741078,0.7320204646628528,0.5962626723651936,0.6152882632928398,0.679487702399374
4,53,31,134|1|training,1,3,0.5513981055185767,0.6520091228980721,0.7099704755687063,0.5572248586824489,0.5654930419781107,0.6440269752824674
4,53,32,135|1|training,1,4,0.5675684882072076,0.5463380856425164,0.7073727129167018,0.5170468983800098,0.4749046520878468,0.6002428597145206
4,53,33,136|1|training,1,4,0.5111021960197741,0.8662135063180477,0.7881946459345305,0.5795708914495803,0.5372547806599337,0.5805731992522046
4,53,34,143|1|training,1,4,0.5897340748280356,0.8365596967754244,0.5262684786569269,0.6147884304176178,0.6595565927646245,0.62544681111897
4,53,35,145|1|training,1,2,0.5986174204391658,0.5701764292180926,0.6242914611043322,0.7174647163390324,0.7589427672707448,0.5601773197839938
4,53,36,155|1|training,1,4,0.5011868808007185,0.2657666373961882,0.6806745708081043,0.5247144727014473,0.5163543760372838,0.5463543211406394
4,53,37,169|1|training,1,1,0.3952514986214075,0.19414125019781064,0.3164616866156629,0.4067472477970748,0.43014070454763703,0.48314085782437616
4,53,38,172|1|training,1,3,0.525096698091895,0.5543750796986157,0.41719879403435545,0.5049342583667821,0.4944687170874573,0.5266841343737677
4,53,39,173|1|training,1,4,0.4339944831681342,0.29910256806128405,0.34594760556828474,0.44470960665764314,0.4284376370824593,0.4055805361081111
4,53,40,174|1|training,1,3,0.5765818578994798,0.6489681511112948,0.6681441780054447,0.5044428284933744,0.603395432989817,0.526608333170637
4,53,41,177|1|training,1,2,0.5622945843349846,0.5309747828356043,0.5882401852704412,0.6255241969029359,0.6327204507144896,0.6665188829816607
4,53,42,179|1|training,1,4,0.47975932073304667,0.15336056840819665,0.47844434194320373,0.42721393264833,0.39890969605564736,0.5170242449798282
4,53,43,200|1|training,1,1,0.31923684538908903,0.42463293234184574,0.35779514907533805,0.5270847036130332,0.4859082971556643,0.4942682687710977
4,53,44,201|1|training,1,4,0.5074465724787317,0.7143710162769535,0.5719697985499208,0.4890759407545411,0.5008644585540595,0.5773120853172826
4,53,45,202|1|training,1,2,0.5004687392485289,0.5516298932991018,0.5764926799925102,0.5379876474543229,0.5490745802416297,0.6151461377084954
4,53,46,299|1|training,1,0,0.39097459936169554,0.14406995498956238,0.2887895345876251,0.4506582918043887,0.3769238208256002,0.43128981653962245
4,53,47,300|1|training,1,1,0.46721639235553675,0.20620666875305851,0.3099743332719448,0.49548962601569574,0.5150158489594577,0.3567738530957705
4,53,48,301|1|training,1,4,0.5905802347894805,0.5298790217978487,0.4898406104285386,0.6862480404711763,0.7223921235884094,0.630164871313012
4,53,49,302|1|training,1,3,0.6089135469315381,0.5390672333355558,0.571614099699116,0.7000295075948545,0.7290664401324357,0.5472294950146744
4,53,50,309|1|training,1,4,0.6003845463766843,0.862097485926469,0.47140762741257775,0.5805182616387158,0.5525857068424247,0.5820885525363065
4,53,51,310|1|training,1,3,0.5576033927846196,0.7105593316900529,0.6822391080793945,0.6134037294960836,0.6454538953079368,0.7172635518930464
4,53,52,311|1|training,1,2,0.5386946320514439,0.5259584525784357,0.6307633430654899,0.5966971576870979,0.620660817511017,0.5806563350183069
4,53,53,312|1|training,1,4,0.6593871391280303,0.8902405319942108,0.7460170757591067,0.8029172916589453,0.8289465761656278,0.6801442748029781
4,53,54,313|1|training,1,0,0.6398711513534678,0.7056202991170769,0.7064812898389836,0.6811553319438747,0.6994547583142857,0.5332150615879133
4,53,55,315|1|training,1,0,0.6239765083388158,0.7674372550099162,0.6047812474015007,0.6027983587226955,0.617054444373046,0.6390442082010511
4,53,56,318|1|training,1,4,0.7415819083538413,0.8210837785095204,0.7787616849431755,0.782366745712766,0.7867985007717028,0.750519840839109
4,53,57,320|1|training,1,4,0.5390365984968379,0.5281115941619412,0.3483266507237957,0.4783797861211662,0.488966950496519,0.4555121718896309
4,53,58,321|1|training,1,0,0.4705708275482113,0.4735374256127872,0.4735368810472364,0.46761771641783884,0.45434885315232093,0.570393645079237
4,53,59,322|1|training,1,4,0.46284189681874,0.3313934124045631,0.19864594370724775,0.5567729391546411,0.546395596343989,0.4495439498296782
4,53,60,323|1|training,1,2,0.7017576321155005,0.695743510262508,0.8159938477807968,0.666730070365978,0.7362366426710729,0.7364868510479791
4,53,61,324|1|training,1,1,0.6057400145355242,0.42756527514372067,0.6444262681640386,0.6154937042150999,0.6423640651818703,0.6008786010018972
4,53,62,325|1|training,1,3,0.7208399297538254,0.5063980810627118,0.41679418598232426,0.7710747815258434,0.7937828111252238,0.627541540051664
4,53,63,326|1|training,1,4,0.6637812970035005,0.8657795268581524,0.5962211587154581,0.5617579713488255,0.5581588211038883,0.6286238132405476
4,53,64,327|1|training,1,3,0.7625086813356088,0.6436942603898089,0.739211456600587,0.8268810206228467,0.8554001710537752,0.698572839909613
4,53,65,328|1|training,1,4,0.5785758691114703,0.3389201481175537,0.39051790195152797,0.5504902273363771,0.5787063134299836,0.5596175016940937
4,53,66,352|1|training,1,3,0.47172495732327224,0.436647005179538,0.3340007470610345,0.47923742660230045,0.4427991955506927,0.5208089226234377
4,53,67,353|1|training,1,2,0.7465836654594863,0.7490945508556085,0.7868989155947335,0.7298201741084859,0.778819512207674,0.6696133307987777
4,53,68,359|1|training,1,4,0.579258712868328,0.632882755121541,0.7044331132398441,0.5122360463561583,0.5069423704246845,0.5927110410935368
4,53,69,386|1|training,1,2,0.6206070097806499,0.5666633387283236,0.5822414225487023,0.5995131408280279,0.6502717001966551,0.750927078953021
4,53,70,398|1|training,1,1,0.5931713305462173,0.6750605592359777,0.7029159284799381,0.6767759736578992,0.702164896186291,0.5688345956244591
4,53,71,421|1|training,1,0,0.5686949864506059,0.8747613496604704,0.5788709373031,0.5014892056894962,0.5145325509188162,0.6177576664122774
4,53,72,451|1|training,1,2,0.596372671360874,0.654973156220964,0.5042431118862147,0.5816591139047809,0.6268973226050231,0.5777022187928224
4,53,73,454|1|training,1,2,0.5725619822871945,0.6366924485743581,0.705800758328361,0.5895536825768053,0.5809481555005618,0.6620244081332926
4,53,74,490|1|training,1,2,0.7751028184615207,0.6361359665988447,0.7362276553361724,0.8331479069792663,0.8617165225133726,0.6718842537624572
4,53,75,531|1|training,1,4,0.6982227187314254,0.8399788258259532,0.7945060211535172,0.7316339858285942,0.7605880355569382,0.7128774775252225
4,53,76,549|1|training,1,1,0.7482926872164687,0.8157747121772938,0.8246477936662236,0.7427392731152581,0.8117704948582899,0.7918279540117797
4,53,77,569|1|training,1,2,0.5131951956774145,0.5344638832758862,0.3909372727142603,0.5600139904403849,0.5691510697791468,0.6226161779923651
4,53,78,571|1|training,1,3,0.7524893573094066,0.7594511280044702,0.8160863346718749,0.7696678161982574,0.8282837730636785,0.8158808672708786
4,53,79,574|1|training,1,3,0.5047115490251919,0.3883498953272038,0.41466910404276097,0.5532338894058813,0.5623588931639464,0.5069766995126046
4,53,80,575|1|training,1,0,0.5460853397473739,0.6128719668375981,0.6744993904193354,0.6076367824528411,0.6090489889491174,0.6898464506026285
4,53,81,588|1|training,1,0,0.458282400180313,0.17334986113029344,0.30795393871526505,0.4055062344206378,0.3896717516927206,0.48633258645656524
4,53,82,615|1|training,1,2,0.5519827151452097,0.7719846750145278,0.6087738506729573,0.49896016239982965,0.5105110452062269,0.4946948648454346
4,53,83,618|1|training,1,3,0.6972298877234498,0.6279027757506024,0.6201422371174673,0.7455661336440305,0.743297353502963,0.7077320357280192
4,53,84,624|1|training,1,2,0.5943649152735114,0.38032814838964574,0.2160757174258647,0.7282070982272545,0.7678218391887562,0.5355841623158919
4,53,85,638|1|training,1,3,0.5804222435796484,0.687547496656624,0.6967826236009674,0.5087389139303699,0.5548142465796589,0.599778019722889
4,53,86,644|1|training,1,0,0.6635933410764467,0.7324958964494053,0.7373969965496184,0.6922776474800776,0.742483879085822,0.6729647467509119
4,53,87,659|1|training,1,3,0.7696062419972614,0.7310217884626973,0.7870667803361744,0.6945134271049475,0.6936521648657623,0.7648301893195241
4,53,88,681|1|training,1,1,0.6340791060326172,0.3046813218310067,0.48326170735850627,0.6263189192194991,0.6313069845693284,0.5954409380370194
4,53,89,706|1|training,1,0,0.49070698069057117,0.47763445034969576,0.45752972117405744,0.5458116137460262,0.5363714142657797,0.5537597557032582
4,53,90,707|1|training,1,1,0.4758405333624976,0.6539461858640432,0.6452436207635794,0.5148017055371606,0.4444634628405084,0.5106462127612722
4,53,91,708|1|training,1,0,0.5380164992247235,0.8566077533167669,0.5824293071249342,0.5194553208203027,0.4924217056082105,0.6791884912666771
4,53,92,709|1|training,1,3,0.6357982379316071,0.6237586124800879,0.648275897136635,0.6411870803961921,0.6666312673964424,0.6245856852240264
4,53,93,710|1|training,1,0,0.52427311332461,0.6798902627954295,0.6293776139279361,0.5145637529968363,0.4421131998292767,0.5622206227443567
4,53,94,711|1|training,1,2,0.4966726988723044,0.5419687317834311,0.6550951664930752,0.4636767989904717,0.4478968146578739,0.556788558033022
4,53,95,712|1|training,1,0,0.5749102986967993,0.5459528983057166,0.5359253380509733,0.4386288121360593,0.43976114531952865,0.5770035030579768
4,53,96,713|1|training,1,3,0.733878441807233,0.773675346469267,0.7731065860538212,0.6597829501524497,0.6328561514325952,0.831112749499264
4,53,97,714|1|training,1,0,0.5532163734855187,0.36291422983970034,0.4503022860155423,0.4725749277841279,0.4560228357441275,0.5381675004097326
4,53,98,715|1|training,1,1,0.5780017627294797,0.7169089432453611,0.5680159077341385,0.4558184818507887,0.4304419816573503,0.5539285209517101
4,53,99,716|1|training,1,3,0.5630980623935541,0.5947435305955847,0.6749467722026358,0.5615036243253972,0.5408403903093573,0.5287036886549112
4,53,100,717|1|training,1,0,0.5233560130644159,0.5420514729585149,0.7278658720512976,0.5375859661261286,0.5545224095295094,0.5978783088599834
4,53,101,718|1|training,1,4,0.5172931750533809,0.5547285944707003,0.3357994044062437,0.42883186254635,0.3931303732721146,0.4808912269538633
4,53,102,719|1|training,1,2,0.483547996778568,0.3790049254915017,0.4191821243793346,0.39702983535609104,0.32173185804693816,0.4440675019645762
4,53,103,720|1|training,1,2,0.5851513130405801,0.5707895768719409,0.6273612177646111,0.6845677758824903,0.7266147364501424,0.6576439602594651
4,53,104,721|1|training,1,4,0.5699008190010648,0.7529088818000192,0.6304027276951292,0.6013969583659686,0.56767345358181,0.5693897900923797
4,53,105,722|1|training,1,0,0.6748307104324368,0.8682245039554526,0.8256799433946362,0.528366228193097,0.47588392145327385,0.653892235487776
4,53,106,724|1|training,1,1,0.5667791816726622,0.7282362120328606,0.6323020642033101,0.5508392426749456,0.5714476154171517,0.605325694592454
4,53,107,725|1|training,1,1,0.531528975750452,0.5859262073827428,0.5879366971831759,0.5511289626484955,0.5432825274057916,0.5747980204871925
4,53,108,726|1|training,1,2,0.48718084730921457,0.4189163230923266,0.2648999800569862,0.4863637441898802,0.5537796001697245,0.4411668555434432
4,53,109,727|1|training,1,2,0.47145770033730994,0.4577047060508556,0.2562353396254965,0.409037876225453,0.4087980908216436,0.5557374832175213
4,53,110,728|1|training,1,1,0.511946419543738,0.7929019573495504,0.557764937612329,0.622081214717977,0.6077416653964565,0.62935882292761
4,53,111,729|1|training,1,2,0.5553301693964655,0.7242867433095326,0.7116634808786944,0.42829491202841263,0.48660338517347734,0.5045341193682754
4,53,112,733|1|training,1,2,0.6283063427055615,0.6022453126680636,0.6443225530930329,0.8114343150163658,0.8486812253999609,0.7161250122146887
4,53,113,734|1|training,1,1,0.5501224060241078,0.5524947993746941,0.4593768854986079,0.5801079543553225,0.5898620704657949,0.5511081528742487
4,53,114,824|1|training,1,2,0.5828229064076638,0.6555732263760957,0.6097761131595324,0.5347839080872273,0.6080815455421188,0.5644748459421596
4,53,115,838|1|training,1,1,0.6212767047936277,0.7478464342363538,0.8064742755619668,0.6999734004671697,0.7300630358727725,0.6861911853275465
4,53,116,893|1|training,1,4,0.5805055386695158,0.5562720824294596,0.4856920438340257,0.5549384400998199,0.5157440220858882,0.6080398577456089
4,53,117,981|1|training,1,4,0.7916113503461649,0.9112310480171606,0.8151669294593583,0.8779302050960082,0.9196239540842981,0.764391082863797
4,53,118,982|1|training,1,4,0.5794695010499636,0.13933334114860593,0.5382257033614101,0.7434767405892452,0.7547315909329491,0.5319803819789186
4,53,119,995|1|training,1,0,0.5879874325210761,0.8396391683462536,0.5922231037108875,0.5611514767648542,0.5197215467358691,0.5595936593871367
4,53,120,1054|1|training,1,4,0.6001672917989901,0.7013938492990246,0.7394467516761456,0.5157382589181748,0.5790269603274999,0.5553527111475013
4,53,121,1095|1|training,1,4,0.6115784533007763,0.8003807149499454,0.7781780875124076,0.5770343402797165,0.6010744000188459,0.6796033172067916
4,53,122,1100|1|training,1,1,0.3757018393140687,0.17545503184663225,0.26795480922384063,0.41859421719344725,0.36542373795115174,0.3344793299054687
4,53,123,1115|1|training,1,2,0.683907415362854,0.6260320112165147,0.8039700543822558,0.5182539361811503,0.5610332441338349,0.6379183831194812
4,53,124,1116|1|training,1,3,0.6750031601982919,0.48212139568046136,0.5049833684031568,0.646064865062743,0.660231664245071,0.6383178697804
4,53,125,1126|1|training,1,1,0.4200784323932835,0.2815286195423792,0.33863207840054443,0.4696782729861357,0.45868928155708383,0.3592950825981921
4,53,126,1127|1|training,1,0,0.5072696881387534,0.6801926316124961,0.6502282098102623,0.5457230479782699,0.5097120626040486,0.5148860714571334
4,53,127,1139|1|training,1,1,0.42666742107409056,0.19587990425557678,0.5010810557802963,0.4836898351884518,0.4990724785181678,0.3979433687380404
4,53,128,1151|1|training,1,1,0.5475849394604019,0.3825929777529457,0.47943297351317155,0.6486933104150516,0.6974436751695263,0.6249361042629816
4,53,129,1152|1|training,1,4,0.5849345873957476,0.12204063370410287,0.4500870798989546,0.6442440821313004,0.6577505568608213,0.6252488528062905
4,53,130,1153|1|training,1,4,0.5012142719980327,0.8187707453901921,0.6777908965919399,0.5168791485865412,0.47859252389518897,0.5716991035922279
4,53,131,1180|1|training,1,0,0.6262257692586779,0.8070777323396925,0.7684754855981639,0.754732586812111,0.8081922359287974,0.7071604665778048
4,53,132,1233|1|training,1,0,0.45457847773094223,0.7021563569329963,0.6475733775929035,0.45076130017165084,0.4659079073130051,0.4221484734504392
4,53,133,1234|1|training,1,0,0.6464196747853299,0.8861319727627951,0.7025129723059579,0.5675489176204617,0.5892857293003774,0.6528521742626494
4,53,134,1235|1|training,1,2,0.5493726112314669,0.6580394719716443,0.6769523582527371,0.4784489594948552,0.5272315229598082,0.5831789851372547
4,53,135,1236|1|training,1,1,0.47334523831829906,0.7060003370680835,0.45530605433445503,0.39189419075053855,0.45481067575252726,0.5137554796007565
4,53,136,1238|1|training,1,0,0.5081301400531558,0.7689595093278664,0.36303798860830155,0.5179483159683641,0.5157249713861758,0.44839581774488535
4,53,137,1245|1|training,1,4,0.8036960534204435,0.9025928928555021,0.8094074613383516,0.8136961070996296,0.8439166525928145,0.8138878888867855
4,53,138,1247|1|training,1,1,0.6137296998903944,0.7481377979118993,0.7534180665673372,0.6514664492153406,0.6719861557079925,0.6061504763172322
4,53,139,1256|1|training,1,3,0.5754119389410651,0.7511245007151428,0.7381024913936711,0.594636904028723,0.6679481004978143,0.7703807063516631
4,53,140,1258|1|training,1,0,0.5675105789185275,0.8968770816111387,0.506701167451875,0.5756894533720394,0.5713524450298746,0.5848439502677601
4,53,141,1260|1|training,1,0,0.45926237704330664,0.2949059204118769,0.3755181984720743,0.5393420485504644,0.5239025297507379,0.5119485963779433
4,53,142,1276|1|training,1,4,0.6433376394632536,0.6074499095293939,0.6666757431589853,0.6521506194116635,0.6624778101960956,0.5917199758367419
4,53,143,1277|1|training,1,1,0.4863090390021295,0.3299304673017964,0.4691444440440157,0.47496163496479676,0.4302956508655755,0.5818120963353465
4,53,144,1279|1|training,1,1,0.5563777840505848,0.4009748060888854,0.5854590616438038,0.6922949647729025,0.7084394862343579,0.5117511205778642
4,53,145,1280|1|training,1,1,0.4479494633518585,0.31507920338752987,0.37971013836729056,0.4400671386831404,0.3772678889389264,0.4534232538211243
4,53,146,1281|1|training,1,3,0.5819624565343913,0.688889673172899,0.6899181492202782,0.5924357531993688,0.6106149881561673,0.5833497251553137
4,53,147,1289|1|training,1,3,0.6441550621708736,0.5276719367969152,0.4910460435544556,0.6779016846152801,0.7290289878391375,0.6563873182418963
4,53,148,1303|1|training,1,0,0.45332736099741944,0.6114812419360672,0.5918893445506519,0.4839976572909474,0.4766313252509489,0.5872225166564774
4,53,149,1305|1|training,1,0,0.6839917006406241,0.7342428160556623,0.5929379858099995,0.6053533343278604,0.5949288155408857,0.7035141674391484
4,53,150,1307|1|training,1,2,0.7209509128958344,0.7636428457062411,0.7603717899752201,0.696096322088473,0.6569507501479658,0.7001631871040503
4,53,151,1309|1|training,1,0,0.46950967699334806,0.5045421909922139,0.5172957778628965,0.524637923037259,0.5433923044567444,0.4909258424524484
4,53,152,1320|1|training,1,1,0.5847023904878089,0.8120901226578984,0.5646015037247093,0.6176597448229036,0.6873633332960308,0.6152787414543582
4,53,153,1322|1|training,1,4,0.6097395479482464,0.8839379882115891,0.6795261812552683,0.5784320787728624,0.5983702410612741,0.6548106167088769
4,53,154,1324|1|training,1,4,0.7116616633524396,0.888755817553564,0.7198676318668487,0.6514919885603045,0.6847615832877176,0.685144663758471
4,53,155,1326|1|training,1,0,0.6870357676398179,0.5801417841900459,0.7016019017348708,0.612365865124401,0.6400068267976766,0.6437630227267388
4,53,156,1328|1|training,1,0,0.6547992362064498,0.7711416201427557,0.6797886761296422,0.5526697832472542,0.5636228452083683,0.6197031265049141
4,53,157,1330|1|training,1,2,0.7306594759606873,0.7741363051342661,0.7304348681539818,0.7209238052658229,0.7398942634891067,0.7653662526381149
4,53,158,1332|1|training,1,4,0.6241813613702455,0.889550912542692,0.6714037166394621,0.6082599690349354,0.5887344747613588,0.7253514013087443
4,53,159,1334|1|training,1,0,0.5798044018285253,0.5083273287230476,0.472107549374213,0.6322477595931597,0.5866884771528881,0.5776694155262931
4,53,160,1336|1|training,1,3,0.535842464668726,0.3365862588628963,0.39361722693788403,0.5381580636081472,0.5294676771458806,0.48379638674853576
4,53,161,1338|1|training,1,3,0.4891127866940617,0.36849890108400724,0.3016402041443847,0.4668384269271085,0.4579983702531719,0.4901080038640284
4,53,162,1340|1|training,1,3,0.6524458344279745,0.6090237220251158,0.6910253986554292,0.7117577957811603,0.7716902547583411,0.6403250089885858
4,53,163,1342|1|training,1,1,0.39924378896078405,0.2720174934089372,0.2914416426978007,0.45174345305964025,0.4117144310090205,0.529920509947863
4,53,164,1344|1|training,1,1,0.41370799474802117,0.32506869986059145,0.3271159406185481,0.4505662952704869,0.4478971042819096,0.4621122031071352
4,53,165,1346|1|training,1,1,0.5665962746206316,0.6803445470679175,0.48519652601543145,0.5932549991619804,0.6116270359800147,0.7044720342047487
4,53,166,1348|1|training,1,3,0.5497150907626552,0.5563338810694491,0.5540130218852524,0.5594236732379979,0.6069018978789513,0.5222587892103961
4,53,167,1350|1|training,1,3,0.5247134414272027,0.3390026072392591,0.5173306526558938,0.5603607014288677,0.5521799710864932,0.5463230038909934
4,53,168,1352|1|training,1,1,0.6983864439550167,0.8097753805430049,0.7582530579285043,0.5811833414772309,0.5676949077163429,0.7240801123154076
4,53,169,1354|1|training,1,4,0.5617637774251032,0.8629206838602068,0.578800241471548,0.5634044406460518,0.569091910041103,0.6533597128682166
4,53,170,1356|1|training,1,4,0.4946688893119137,0.7329857570698212,0.4615399080245957,0.5185352465375738,0.4979023520951554,0.6331449303183128
4,53,171,1357|1|training,1,4,0.6108774907720668,0.5912088083176881,0.6371993244766069,0.5443503080274135,0.57007440458619,0.7349253328429015
4,53,172,1359|1|training,1,1,0.6266000322340283,0.8428493706794502,0.7227535232521156,0.6256065642520747,0.6506826462672961,0.7252546249129449
4,53,173,1361|1|training,1,3,0.48714720677287443,0.5360194112121474,0.38264169095402567,0.41589048464923095,0.40186515085956465,0.49831338334434633
4,53,174,1363|1|training,1,4,0.6143316395553231,0.842110304723791,0.5188541816738184,0.5743757650651229,0.556595443106213,0.5825264112258235
4,53,175,1378|1|training,1,2,0.4930371538401604,0.630302755977788,0.8127384394356431,0.562136272764793,0.6109015428000573,0.6340436875568939
4,53,176,1413|1|training,1,2,0.5307503605670862,0.35868316899575375,0.42626266909011173,0.5779930239153234,0.577637369317573,0.5179467344754908
4,53,177,1550|1|training,1,2,0.5045111550916038,0.6354642777389056,0.43537966077268825,0.5025558511237133,0.500945305723985,0.5640526136667025
4,53,178,1552|1|training,1,3,0.5980530405997627,0.6335987837243842,0.7320750676302152,0.5955568491261461,0.6818479241888673,0.6801174084386217
4,53,179,1553|1|training,1,2,0.6327963295491262,0.6088280844084842,0.534577821553673,0.5618863488440407,0.5984949895145898,0.6978270593624912
4,53,180,1556|1|training,1,3,0.7493204112227645,0.6768042418711132,0.6896554452498312,0.7560770836315955,0.807047423577946,0.6593000152560795
4,53,181,1560|1|training,1,1,0.40843628551260325,0.3033699341044551,0.5022946156728666,0.5569054515487005,0.5635308207920084,0.4361722480025116
4,53,182,1563|1|training,1,3,0.6695980425255259,0.7318229622553648,0.5703561060806498,0.6025536632478892,0.6210050979682907,0.6448825860758334
4,53,183,1564|1|training,1,4,0.703284259781292,0.40383828369903824,0.6333160790553396,0.851200245073216,0.8629756797025033,0.6775318688908119
4,53,184,1571|1|training,1,2,0.7093981111115215,0.7705813521100946,0.7395719756673059,0.7700862179595317,0.815496298882768,0.7075731424901245
4,53,185,1580|1|training,1,3,0.40851036230174803,0.2243154801664465,0.20109682337896795,0.43712179356515896,0.34757218444366456,0.2970146067837762
4,53,186,1582|1|training,1,1,0.5932736918016208,0.7350590579528812,0.6540706970072221,0.5848808856551423,0.5729463103198583,0.6224298477581778
4,53,187,1583|1|training,1,1,0.5511432829754308,0.7917800674828269,0.6759432083242658,0.5093038450143972,0.5300266286531764,0.5946679575114181
4,53,188,1594|1|training,1,2,0.5309674885079845,0.42467854343263384,0.5662066803349741,0.40754344643801876,0.49851959731132595,0.4467193408108758
4,53,189,1629|1|training,1,3,0.7620707661752286,0.5300887910010117,0.7816791886288686,0.8755372154729799,0.9089789902901598,0.7367659224799276
4,53,190,1639|1|training,1,2,0.5235767441629634,0.5709562968855668,0.6811772337184785,0.5197092388231628,0.5426971534156502,0.5309310809912582
4,53,191,1641|1|training,1,1,0.6361210207937826,0.8020950050686211,0.8096809221591574,0.6512971129622943,0.7080278268966,0.7309444746329264
4,53,192,1646|1|training,1,4,0.36574874634448173,0.125449381618603,0.39167545122355824,0.43642388904594653,0.43611521428190847,0.3781846552664716
4,53,193,1647|1|training,1,2,0.543958962485085,0.5969420165595662,0.43682738139865046,0.5018755666022843,0.4647095144906405,0.5493117761086338
4,53,194,1655|1|training,1,1,0.6710113835638642,0.7781171875997172,0.6681706299585657,0.6094330977692108,0.6356715476447136,0.5901901721120868
4,53,195,1656|1|training,1,2,0.6751289146763854,0.5949068589528239,0.5951027682941747,0.7188396649199105,0.7559104987472501,0.5999131418592542
4,53,196,1660|1|training,1,0,0.6734991035231385,0.8388875821466133,0.6974488008416331,0.7827126926951783,0.8031064289500371,0.6338449954518306
4,53,197,1662|1|training,1,3,0.43438032423895767,0.57551979211495,0.5675438949144822,0.5863819249662735,0.590938145695353,0.6133675081799816
4,53,198,1663|1|training,1,1,0.524793771261697,0.508219265627741,0.5862912774286251,0.5402490645732593,0.5078464791934445,0.5780382287666461
4,53,199,1671|1|training,1,1,0.6860370377637498,0.7183388157091973,0.6090513748445772,0.7544265523816507,0.7745457511028946,0.6934978320026233
4,53,200,1674|1|training,1,2,0.5518113138139664,0.6243762854936364,0.6188501176620218,0.6538487890423615,0.7009189893495096,0.5402283320854417
4,53,201,1675|1|training,1,0,0.6364165916970637,0.7400175897991645,0.690547318847198,0.7486581645170632,0.8196016499333902,0.7387030111494854
4,53,202,1680|1|training,1,0,0.6159057701803766,0.8973238868373107,0.6103469484444651,0.5782872558340639,0.6098069105515941,0.6091341635033085
4,53,203,1728|1|training,1,0,0.636759896652213,0.5474030485110207,0.5697243446173202,0.617801954090415,0.6355165455044922,0.6708252480655028
4,53,204,1729|1|training,1,1,0.5991930518066862,0.7958931964080735,0.7044970177335323,0.5935424086841794,0.6420678555534725,0.6100153871781828
4,53,205,1741|1|training,1,0,0.6040507852160659,0.8144455455591432,0.7705594026837091,0.5971632071771397,0.5528239871774417,0.5790651396534897
4,53,206,1753|1|training,1,0,0.5516336621414065,0.6994005159467376,0.35541625168152124,0.6081684166422215,0.599971699192393,0.6164498215298446
4,53,207,1756|1|training,1,0,0.4728223559419875,0.4376587498955419,0.49452172805409356,0.5246273523423229,0.4989661323429922,0.5185991385295923
4,53,208,1759|1|training,1,4,0.4613453706780972,0.23638158330561193,0.4193299658741947,0.5046476489126137,0.5307161589259435,0.45964317978491825
4,53,209,1770|1|training,1,3,0.5062867830678828,0.44907566421957174,0.43871147902323493,0.5477272119123137,0.6037841616581399,0.6776079258018802
4,53,210,1771|1|training,1,0,0.6471936189272046,0.6160024064642224,0.7075172390976948,0.7192439195785605,0.7362401503647422,0.6716433503014531
4,53,211,1772|1|training,1,0,0.5469559451941517,0.8085134454359154,0.5392529237035888,0.5394299569990458,0.5478338863386377,0.49131388243760804
4,53,212,1793|1|training,1,0,0.6414872181761597,0.7859171799469237,0.6178707197208909,0.5855657681532445,0.54123716585263,0.6322808617966076
4,53,213,1794|1|training,1,1,0.6894407035164989,0.5445953535260479,0.6431967133297094,0.5548517435961029,0.5808404053834623,0.5646131286398832
4,53,214,1795|1|training,1,0,0.4176745887511763,0.23193569239411593,0.2841309209812837,0.450706937129848,0.40362815184561274,0.4905054660691037
4,53,215,1802|1|training,1,0,0.5158196123614857,0.6318268559491943,0.6265759255946812,0.510147407678473,0.4983933335814155,0.6537962008180231
4,53,216,1833|1|training,1,4,0.5519604791463257,0.7296708882813043,0.6847648833272265,0.6033110404979424,0.5990745311804903,0.5488004767749816
4,53,217,1855|1|training,1,4,0.516483256312427,0.7955615534293339,0.3852675597742974,0.5107463330356573,0.49582153264347445,0.48529832455060007
4,53,218,1860|1|training,1,1,0.5737469823112531,0.5305031443409454,0.4520308302818617,0.5061346207872808,0.522589969827045,0.5956700514313175
4,53,219,1875|1|training,1,2,0.6557785881637411,0.7191351018005928,0.7514115501312888,0.6580046435452902,0.6958960029620506,0.7650984571138937
4,53,220,1876|1|training,1,0,0.5066473502084703,0.6907839838151437,0.419531308803527,0.576087503813022,0.5141055877568141,0.41719558320163885
4,53,221,1877|1|training,1,4,0.47304326241099304,0.35011016056728095,0.7122312378383707,0.6475411038364455,0.691259699828143,0.6639417908890485
4,53,222,1878|1|training,1,1,0.6723648855602307,0.8665790032104533,0.8476534089811225,0.7237001735829126,0.7855994171449979,0.7088691180664484
4,53,223,1879|1|training,1,2,0.5946514746960472,0.6890558753132577,0.7765080458573365,0.6051461784692815,0.6213968984950125,0.6385871765258263
4,53,224,1880|1|training,1,2,0.6237727685478224,0.7211564303770616,0.6771970238512082,0.6943878842620932,0.7493773139218005,0.7058398226287129
4,53,225,1881|1|training,1,3,0.5493091695563151,0.41457968842635917,0.44279061243422907,0.5065868838054237,0.5002998810146448,0.4969364491433446
4,53,226,1882|1|training,1,1,0.584193173730437,0.33750828474836647,0.4567473422119431,0.7229848361977417,0.7369405197142873,0.48813524282318554
4,53,227,2003|1|training,1,1,0.5298405293612262,0.7691228434320201,0.4788563862397159,0.5661330220302881,0.5921843707696032,0.5089784046066528
4,53,228,2022|1|training,1,2,0.5817932937192536,0.6085620655623201,0.7011260496086776,0.5327322472044685,0.5644621148355277,0.6027178210734334
4,53,229,2032|1|training,1,1,0.5669406551984746,0.7944843931630217,0.7865844797029997,0.5019409002947126,0.4732714837546924,0.5847677318380203
4,53,230,2038|1|training,1,3,0.5305877554309978,0.4508563777778749,0.24403015006586448,0.5584524313855983,0.6178685938170456,0.6423833799902093
4,53,231,2039|1|training,1,4,0.5127865170066459,0.3629581002180476,0.6881068660691405,0.5287362870785225,0.5662185898760198,0.5859127834762966
4,53,232,2050|1|training,1,3,0.5685708591228807,0.6492672999806676,0.7272373381653959,0.5264369495574294,0.5712528077388933,0.5876087563029057
4,53,233,2057|1|training,1,2,0.5432732114801305,0.4078922584346917,0.42469502889098604,0.4691091935700717,0.4955632831936297,0.4736514906946374
4,53,234,2060|1|training,1,0,0.5846711770131082,0.7723600865259551,0.6371643104799009,0.6394077764026982,0.6905107690339464,0.6011337827951512
4,53,235,2071|1|training,1,0,0.5171106051174503,0.3722780749077638,0.4892222781214476,0.4815268073427113,0.4728158974027774,0.41188490659738536
4,53,236,1|0|training,0,4,0.3731850800680709,0.20266519377015177,0.314366818674041,0.32214987042835364,0.23151304345913448,0.24968400566635227
4,53,237,2|0|training,0,4,0.4756886008167921,0.8263230928493779,0.6254848842211843,0.4631457909375143,0.45242355165612386,0.5684308066811445
4,53,238,3|0|training,0,1,0.5398759391349371,0.2552944517901438,0.48009992314076916,0.37410140616696164,0.33396450713429854,0.4290978202388113
4,53,239,4|0|training,0,2,0.5260627763505712,0.3581237972661711,0.30129582389797216,0.5204335941530495,0.5330348809572355,0.3873004877314882
4,53,240,5|0|training,0,0,0.4778969794324367,0.2627037370856719,0.5330917730502414,0.5659128211785777,0.6223539116569532,0.6223167417493884
4,53,241,6|0|training,0,4,0.511037410529767,0.8827276772611894,0.6070554627798138,0.5109866383572202,0.5578291355676026,0.5985914091135862
4,53,242,7|0|training,0,4,0.45136875404023347,0.26862333349440615,0.427235950137337,0.47009882538862646,0.45750396479213057,0.37926087531775865
4,53,243,8|0|training,0,2,0.34427042537005725,0.14582129637634728,0.1546897557046594,0.42644966068938117,0.3786319628038067,0.23214939488984504
4,53,244,9|0|training,0,4,0.49880378462369945,0.4774319728774277,0.4080291562022364,0.48885468786199865,0.49109469714472737,0.4397996318652577
4,53,245,10|0|training,0,4,0.46725580477218753,0.8515096271147858,0.4900458312860231,0.42665323090708496,0.3808219424515063,0.43096301395141673
4,53,246,11|0|training,0,2,0.5366736819610851,0.675615919900806,0.6489671885047381,0.41879114036853815,0.3814338424864467,0.4627540627142326
4,53,247,12|0|training,0,2,0.6645594681840302,0.7182042669209822,0.7932737997200373,0.5852368831081413,0.6449490726479756,0.6027727069914763
4,53,248,13|0|training,0,2,0.47920496019308567,0.3556864088494542,0.5360712916667655,0.3815550748117256,0.34104703935552694,0.4456597381756594
4,53,249,14|0|training,0,3,0.4730322291080361,0.38705600415258745,0.3866163329669543,0.5305397258926747,0.48678160670079096,0.4825845187889167
4,53,250,15|0|training,0,2,0.6052380906869006,0.6112324172593825,0.6016440240401059,0.5263618744979977,0.5171364179878397,0.46541644951721256
4,53,251,16|0|training,0,1,0.30159812958140036,0.17053156340667894,0.1267550501945491,0.20715437799057437,0.12624768352005214,0.17917666809381477
4,53,252,17|0|training,0,0,0.32095148941793666,0.0929426674106001,0.19488901397076303,0.3338412629130466,0.26078752116063864,0.36221761460200785
4,53,253,18|0|training,0,2,0.6387825472392943,0.4243805671054174,0.3273108653723027,0.47276163920710795,0.47266070173262725,0.44235258279009015
4,53,254,19|0|training,0,2,0.4873282738667967,0.4123550304426303,0.537523636180009,0.42370552388977334,0.37858185349199425,0.3875625860539843
4,53,255,20|0|training,0,2,0.3792657310838172,0.35892149507749654,0.2789579911683123,0.3128954041045031,0.28123474581386715,0.3279672644617418
4,53,256,21|0|training,0,3,0.3811636258787523,0.27877932874087785,0.16898339226302247,0.42543296542283493,0.35375347167386767,0.1967514916409069
4,53,257,22|0|training,0,2,0.46172067118630006,0.6803056944460596,0.4771079835029634,0.551462218136534,0.584098361989699,0.6122723005290384
4,53,258,23|0|training,0,1,0.35580343102327605,0.14935662210443146,0.20004443481046036,0.4154309325741018,0.34259381859035126,0.2952388469109712
4,53,259,24|0|training,0,1,0.5023368828306417,0.31067781945286144,0.4589579166502693,0.5019404603667845,0.4649912563054543,0.3888453141431886
4,53,260,25|0|training,0,3,0.2812718560869346,0.3052559483316934,0.13685504285606204,0.2069685277865992,0.1394172776545877,0.21544553745034473
4,53,261,26|0|training,0,4,0.23813035374757294,0.11850176083766961,0.07914753316289296,0.1655948414954595,0.10269968480229791,0.10969829484767195
4,53,262,27|0|training,0,1,0.5364907399411843,0.709253293636692,0.5400510788524071,0.49140574607186427,0.47221454953307546,0.4537272253519462
4,53,263,28|0|training,0,4,0.37757395310011116,0.7015228505855179,0.4499533817042635,0.3176079190896194,0.2733093264086325,0.3117972484820559
4,53,264,29|0|training,0,2,0.27343350951937784,0.17016768714963154,0.07987668224480256,0.17571551741100247,0.12121865540172297,0.1352130201365956
4,53,265,30|0|training,0,2,0.5881105864539448,0.46133975829707213,0.4658350809274751,0.4281240292297901,0.4223339635627834,0.4610358561120704
4,53,266,31|0|training,0,3,0.23119642271645924,0.17981307868423918,0.10308264350495788,0.1556652009337475,0.11722896190116473,0.13978388562573546
4,53,267,32|0|training,0,4,0.4123894379593372,0.3204505325980077,0.3270172613535747,0.2845110465963337,0.2263624562921532,0.3004315959046835
4,53,268,33|0|training,0,1,0.3053942080884597,0.3326214537614031,0.14053226284631706,0.18272654979694292,0.12491853838410995,0.2686380393269536
4,53,269,34|0|training,0,1,0.5306406412241741,0.7032985435974717,0.6713608614890417,0.5160974553051115,0.49912700297805546,0.5434312397198565
4,53,270,35|0|training,0,1,0.49140995453005104,0.7074815969803687,0.4293381156806503,0.45032163577153317,0.43366588623856756,0.5668054860309537
4,53,271,36|0|training,0,4,0.43678177863273715,0.4980581783780981,0.5635403362727621,0.4169933660239018,0.3685630452794558,0.37034666753790835
4,53,272,37|0|training,0,3,0.3760423374054597,0.45539571230275927,0.28951885735841176,0.24420440086784284,0.19190999781041343,0.3299287890492827
4,53,273,38|0|training,0,0,0.4009837765425265,0.372006475301203,0.35447519671146926,0.4826680249740222,0.5296179614982769,0.3901771011872439
4,53,274,39|0|training,0,3,0.5881785074537635,0.5536382789447918,0.6964936370501749,0.5390594099527759,0.626599526479334,0.6246993246796643
4,53,275,40|0|training,0,3,0.5218126771851576,0.5870608502847958,0.6295622581768189,0.5142933602011427,0.4954644935734509,0.48206616530011687
4,53,276,41|0|training,0,1,0.3332634844752244,0.45825804132409537,0.31609825362784477,0.41107621839893865,0.37700892997684826,0.33689513954493655
4,53,277,42|0|training,0,0,0.5014178545065263,0.6712128258109387,0.7249380555906444,0.4546082520042618,0.42115052576903256,0.531465560957836
4,53,278,43|0|training,0,1,0.42851101856035406,0.28673109329905916,0.5633374004719645,0.41190954714235484,0.3893088332915504,0.49916935691416525
4,53,279,44|0|training,0,4,0.4483022636580048,0.5670386988994657,0.38314390415020233,0.49588266916352186,0.48516154991249344,0.4571592870494788
4,53,280,45|0|training,0,0,0.441541434193267,0.46353858246119206,0.5279241492303135,0.5025262604301007,0.43845043661502947,0.42587183188177674
4,53,281,46|0|training,0,1,0.45155020306734,0.34524031857764453,0.382452279178917,0.5147753446240338,0.5273181526017986,0.5373672232721739
4,53,282,47|0|training,0,4,0.4805968563684846,0.23912503125738443,0.4925072677926275,0.4736101087074759,0.4250843349411997,0.43411847089787464
4,53,283,48|0|training,0,1,0.5637436485743705,0.7520170755454584,0.8413162152423295,0.5747660482648602,0.6016932396103447,0.757354332196864
4,53,284,49|0|training,0,0,0.4924097772491006,0.30996445066442835,0.2696594012619573,0.40622099058598954,0.3391424051189965,0.4874453571768966
4,53,285,50|0|training,0,4,0.555807636489916,0.5228003009120643,0.5690916621188634,0.43246434228236147,0.3866737494045885,0.4196570862769689
4,53,286,51|0|training,0,4,0.32392872372599285,0.1334725657135153,0.2597318875253038,0.2891576163995793,0.2517308694317942,0.2955860123090013
4,53,287,52|0|training,0,4,0.4726473340726165,0.783557045507041,0.6120973547407166,0.4787628507595632,0.44402386788780124,0.5018346383015694
4,53,288,53|0|training,0,4,0.5725840475960022,0.7925796080284256,0.7447036202518494,0.573368206256204,0.593476985644291,0.7112871083179831
4,53,289,54|0|training,0,0,0.3721571977839816,0.5740140221054716,0.3422645836721489,0.25471447256590013,0.19749537088948557,0.42926878858696055
4,53,290,55|0|training,0,4,0.5221846517230035,0.8341745202834442,0.7302525835751803,0.4208005661487242,0.46935519820713656,0.513586426276021
4,53,291,56|0|training,0,4,0.5537933233838984,0.4934434329457857,0.6920450492395303,0.563591865823853,0.6129064072670327,0.6932229242008533
4,53,292,57|0|training,0,1,0.4341297444729909,0.5737357472827704,0.3839291966107333,0.444679705481829,0.3724277366057381,0.4278424650887308
4,53,293,58|0|training,0,3,0.5287644097190792,0.6958945046824152,0.6360632345288292,0.49523472352098313,0.5229585724568606,0.5164802286846849
4,53,294,59|0|training,0,3,0.1330234356355818,0.13051746621614577,0.048673434799178676,0.10623651390466719,0.0765240107665665,0.059966320274313284
4,53,295,60|0|training,0,3,0.527056450672005,0.3222741311916414,0.44747209174425207,0.5945196763223167,0.6227084312603192,0.4640772527614986
4,53,296,61|0|training,0,1,0.1533365893355322,0.08856078941498423,0.04682203217457313,0.11457562886981999,0.08125789190114407,0.05096514625600621
4,53,297,62|0|training,0,2,0.4188026487757998,0.622741624449569,0.45059430367342396,0.48216337846140134,0.40859484215129743,0.4749113562337084
4,53,298,63|0|training,0,0,0.29120860442200486,0.1993238532102716,0.11549621263039367,0.2525041698691016,0.3085127725347993,0.18137534004396544
4,53,299,64|0|training,0,1,0.5087600990814451,0.36833389990077525,0.21602249805847876,0.4915503821260276,0.45907296233287825,0.4445684714752578
4,53,300,65|0|training,0,1,0.5033719788718652,0.1961292386216117,0.414451643428879,0.517720340161797,0.4971865446970427,0.5099140430472117
4,53,301,66|0|training,0,2,0.4122361472709247,0.3596620492012859,0.5734011677321996,0.45381277274776455,0.4081940002564194,0.43197910973379644
4,53,302,67|0|training,0,3,0.3542726654112599,0.2532239578212859,0.2586978755910044,0.3572670194584204,0.40814395322847735,0.2957885490855491
4,53,303,68|0|training,0,2,0.38432270565171134,0.29174081209093927,0.17125385993989123,0.5093835536979899,0.5047321439426008,0.39887610528558326
4,53,304,69|0|training,0,4,0.2126459707961543,0.10774065284583101,0.14480311157481407,0.1684996093672685,0.12595025996887657,0.2735032034529174
4,53,305,70|0|training,0,0,0.2510814617289861,0.15073208461789414,0.11162751920104982,0.15021084478352967,0.09217040119744098,0.13689165310534612
4,53,306,71|0|training,0,3,0.2321901948435118,0.38820833557524254,0.1693405228138291,0.14435429017570087,0.08235053886706852,0.1544772627198122
4,53,307,72|0|training,0,0,0.40633989431782835,0.3772356108778379,0.18672232155871873,0.3588860943588121,0.3680494838688955,0.4128914670548736
4,53,308,73|0|training,0,2,0.42226089373877657,0.6623724863437004,0.42733932515838086,0.47799822797301694,0.49441354815599753,0.5392748724618552
4,53,309,74|0|training,0,1,0.5003961010876368,0.5679798838226399,0.5134433478215857,0.45012804437538856,0.4669067445547063,0.5167332877947908
4,53,310,75|0|training,0,1,0.43651594727982784,0.6696274920142291,0.507099708052592,0.3808178544684754,0.4120436346926419,0.48821257755610653
4,53,311,76|0|training,0,0,0.4611963478290146,0.4713562339023243,0.39670692648814926,0.46300468215700974,0.45318412505534394,0.5892525955019353
4,53,312,77|0|training,0,4,0.3970998774076306,0.24011181311122512,0.371837674825077,0.33975404713082263,0.30253154792398207,0.4179794260944284
4,53,313,78|0|training,0,2,0.36206898473468885,0.25979506325141016,0.1555028009204374,0.4059283767250521,0.40503251454737094,0.37531260968932395
4,53,314,79|0|training,0,2,0.23617569376164244,0.25351786148464306,0.14498186992606116,0.17119562566975483,0.12519133221996825,0.3222242132325632
4,53,315,80|0|training,0,1,0.4433432119936068,0.39205567096695965,0.2990263123693392,0.5347251660449994,0.42446603667806565,0.5278602642097256
4,53,316,81|0|training,0,2,0.49261545401134244,0.4467503507587125,0.4115785656126994,0.6000497343150764,0.5837326752499452,0.4571291389817352
4,53,317,82|0|training,0,3,0.4288098290818854,0.3462383205456471,0.3208164277464286,0.42176156642919704,0.3674596440777887,0.3492506714817345
4,53,318,83|0|training,0,0,0.3708982234575793,0.17382676451008583,0.4239503288884428,0.36906067454919883,0.3196270631515501,0.4839689453458525
4,53,319,84|0|training,0,0,0.3969760075517346,0.12708769721145025,0.27119771532320824,0.32983447916464076,0.28353269080529253,0.23623090307694017
4,53,320,85|0|training,0,4,0.346993779788679,0.29486859703060264,0.34270624130822996,0.39060847625785744,0.42638278248329325,0.36809898719700423
4,53,321,86|0|training,0,3,0.29809018005654336,0.284769895746275,0.12473397547692287,0.15933698200390436,0.12675337263974568,0.21342924356322646
4,53,322,87|0|training,0,2,0.5605720552237469,0.7087152829746568,0.3990735003859201,0.5418352365520209,0.5538635060734969,0.40805706163058414
4,53,323,88|0|training,0,1,0.5653158587463377,0.5747475353307482,0.6895130425157586,0.5838792304370656,0.6264855193151854,0.6028577192805316
4,53,324,89|0|training,0,1,0.3686609011843217,0.2701776303350099,0.23302806916475208,0.4334069878529738,0.3986116813138726,0.2359666297097029
4,53,325,90|0|training,0,3,0.5404354243228164,0.6474173728894397,0.6833883824389422,0.5731805807937368,0.5237256067322831,0.42279008919200556
4,53,326,91|0|training,0,1,0.39177840988564105,0.24420086464661836,0.33540282062542137,0.46787122206480214,0.4272673300019621,0.5488258470393353
4,53,327,92|0|training,0,0,0.3641648323818872,0.2073392891857198,0.22786619956819432,0.46130244572624574,0.4514748668866773,0.3853446781597394
4,53,328,93|0|training,0,0,0.38136287389750845,0.27866293352248145,0.48468421110999127,0.42444195277829766,0.3821466378666942,0.39024517550494736
4,53,329,94|0|training,0,1,0.4252763142449433,0.24628269649212686,0.5152810859139966,0.4488427605585062,0.3748776431379632,0.5011276144530908
4,53,330,95|0|training,0,2,0.5311908723096936,0.6563416497020392,0.871383343707346,0.4521365182093707,0.5057888839683563,0.5209059121214974
4,53,331,96|0|training,0,3,0.4675819664566119,0.3318093156406396,0.4888662223419706,0.45104249254092244,0.42938256624445914,0.5173995722986572
4,53,332,97|0|training,0,0,0.5908361754348761,0.4596872213842067,0.598458529024997,0.48704764940575934,0.6502018858709313,0.6812978377350732
4,53,333,98|0|training,0,4,0.4341576322926635,0.169384675805985,0.26344719926030724,0.5343803324331401,0.5569770701786365,0.4633644992906895
4,53,334,99|0|training,0,0,0.46776944838595874,0.2884479796052977,0.3146990176319975,0.490983592312519,0.45486608528730355,0.37982013023887345
4,53,335,100|0|training,0,4,0.522912097117629,0.7751232995659286,0.7041290972263567,0.5371893588659585,0.5133430610041827,0.5705379747367457
4,53,336,101|0|training,0,3,0.37017854453173676,0.48998959597516495,0.45808793522601665,0.5069243837240868,0.5040570218276359,0.4021860934109336
4,53,337,102|0|training,0,2,0.4253020981380213,0.4430915416224019,0.3305819289734232,0.40028224095407483,0.40360303665568625,0.44137244569439815
4,53,338,103|0|training,0,3,0.3302347468870594,0.3511861036766532,0.31057863665288354,0.28661084915844137,0.24625400224796548,0.26523668023142793
4,53,339,104|0|training,0,4,0.31457037412982053,0.12721080178602606,0.389029751612689,0.3283324761504934,0.2781822780922247,0.2782260474219723
4,53,340,105|0|training,0,3,0.42318886687329493,0.3494932302751466,0.4123577219550244,0.48270366475414495,0.4635275599108242,0.5050485721856585
4,53,341,106|0|training,0,3,0.502917147806646,0.4458308267917025,0.6215893193494996,0.5720568049386049,0.5925963174737306,0.6126888253312618
4,53,342,107|0|training,0,4,0.43144133356858944,0.11964484530873096,0.2687537298090844,0.47002584261536534,0.3967006880097152,0.31537548249235337
4,53,343,108|0|training,0,0,0.27109384527947766,0.07295193596524555,0.20861105837063387,0.25945231600108903,0.19293839472157168,0.22536666311177214
4,53,344,109|0|training,0,1,0.37433602752451195,0.18136958833882658,0.2909761745187505,0.3742851967740828,0.34887840991753744,0.3799526116255986
4,53,345,110|0|training,0,2,0.49413081495687183,0.2629772697031522,0.2797984525325782,0.48006394959512505,0.4346453211361394,0.3488915583095001
4,53,346,111|0|training,0,4,0.26255508004755196,0.08350333954667928,0.1801975726736406,0.27782613640312154,0.2450982516423134,0.20563126252398897
4,53,347,112|0|training,0,3,0.29716934537119793,0.3320829062074663,0.3050798319709131,0.3733923191489718,0.30741757875077647,0.3407144510441808
4,53,348,113|0|training,0,3,0.4450124971913911,0.6037494695659467,0.5110279066075176,0.4178042059725029,0.40771022996107514,0.5914470924837746
4,53,349,114|0|training,0,0,0.5125724832938531,0.47798474064932,0.5652897662226241,0.4760480424031257,0.44453237176208615,0.5928893912382927
4,53,350,115|0|training,0,0,0.4154273295749469,0.12155022760939548,0.3188167956445607,0.4095316736090045,0.31368031068077185,0.36855639256422446
4,53,351,116|0|training,0,4,0.3665855559264607,0.11690281538526462,0.22435839020988294,0.4014980672219374,0.3551395246766706,0.366967728682142
4,53,352,117|0|training,0,0,0.44546674090819177,0.4561540517475365,0.4117247782211726,0.5607390858444307,0.512382573241919,0.3846869863116023
4,53,353,118|0|training,0,2,0.45334269755135687,0.5833242574922656,0.40687296115372773,0.5016812956805934,0.49236388815489307,0.4616507390493653
4,53,354,119|0|training,0,2,0.22614363385032185,0.18000828757599896,0.07896744846339859,0.17615403494843337,0.09650270150516291,0.1298969209007236
4,53,355,120|0|training,0,1,0.29832566782757064,0.21226970152126648,0.37421078119765344,0.1644125671025792,0.13224145313729285,0.17360983244113476
4,53,356,121|0|training,0,3,0.3037236066732037,0.2447552731631262,0.3325542412028936,0.2953241200714688,0.2469267640219103,0.382745414919073
4,53,357,122|0|training,0,0,0.31550920454705994,0.09280671518441078,0.1432467433303773,0.226870726279891,0.16925842309919018,0.24850581015465711
4,53,358,123|0|training,0,2,0.537829589478767,0.28018236175812633,0.3953395509261519,0.5267711395503092,0.4808638932870247,0.4396922436164355
4,53,359,124|0|training,0,0,0.5794597018668404,0.8584236106739499,0.7604355051817672,0.43550348912568143,0.4240853719246247,0.6593877180279524
4,53,360,125|0|training,0,0,0.4974726871549279,0.3245988390340387,0.4264395323973709,0.4314670787264395,0.48298120744950795,0.5325695921878109
4,53,361,126|0|training,0,3,0.449337748849944,0.48093018539352406,0.47468285692581946,0.48635630587815865,0.4557880819137984,0.5135908372796552
4,53,362,127|0|training,0,4,0.5341135115521625,0.3256353742177269,0.5177737017672404,0.5383303792321271,0.5758826632003717,0.5485551008903918
4,53,363,128|0|training,0,3,0.3413229045064228,0.31170880359408115,0.3903245616633138,0.3070822048958302,0.2583353435870523,0.35618121026324073
4,53,364,129|0|training,0,4,0.37011397478334285,0.2607012600098461,0.49132451826203644,0.2927690181136356,0.26650679944600203,0.46285026470877744
4,53,365,130|0|training,0,0,0.3159195552789845,0.33480463016498563,0.20718542796288783,0.2173774524088257,0.25761110113246527,0.1125907395337275
4,53,366,131|0|training,0,4,0.4840302755973645,0.3181279396451447,0.322956441973044,0.317487290265096,0.2832629707789677,0.5326479539233744
4,53,367,132|0|training,0,0,0.49724613406370777,0.5765643664776191,0.5984474537679081,0.5290306775918248,0.5270772332509776,0.5594716873093681
4,53,368,133|0|training,0,2,0.25338776169766525,0.22934619788013821,0.2299883677542093,0.3408376602963154,0.2813722028633032,0.2978589334085782
4,53,369,134|0|training,0,1,0.32871976430813826,0.20552237970794052,0.43388134703821424,0.33277750105071324,0.27692450834783944,0.41375130419682243
4,53,370,135|0|training,0,0,0.4286721664899226,0.4396713588094454,0.49768478732583327,0.3655127833676302,0.3223177769452272,0.5063376435192743
4,53,371,136|0|training,0,0,0.33110844055228195,0.07689895979810805,0.30908297990248745,0.32904074692934115,0.2861284265427947,0.28838181659206086
4,53,372,137|0|training,0,2,0.3309422009490875,0.3145920311733682,0.24079080474446513,0.4131529308365434,0.4650789264843343,0.4243387015219576
4,53,373,138|0|training,0,3,0.596731482294875,0.6874900836748699,0.7790021031385697,0.5198292651537991,0.5162630817677647,0.5813011596242036
4,53,374,139|0|training,0,2,0.4148303206588315,0.5781183300882541,0.39567244343110797,0.42018103627360287,0.38031987675355083,0.48936550891474123
4,53,375,140|0|training,0,2,0.3127707893921713,0.37614097834438764,0.3485183288207127,0.3752633249546543,0.349444173186899,0.44137068799029716
4,53,376,141|0|training,0,0,0.39704267466263077,0.24346927930905912,0.19284817650459038,0.4375680686235682,0.3780394303117378,0.3457296513469261
4,53,377,142|0|training,0,1,0.44207534859061387,0.20009252687317303,0.33852943880025044,0.4591132566227564,0.4373951901772964,0.39463142296031195
4,53,378,143|0|training,0,1,0.3300667314275455,0.4471898111425056,0.20891406378004412,0.3241478913929297,0.2796679308087818,0.38540465287834835
4,53,379,144|0|training,0,2,0.31554723197495543,0.3629190623035188,0.3926380778688443,0.35020123480385185,0.33438831483947135,0.3382765546748555
4,53,380,145|0|training,0,3,0.5365283303306657,0.6180687239050525,0.5943984361032909,0.41871812618930654,0.42364625542118023,0.5781534634789077
4,53,381,146|0|training,0,1,0.28119636272871507,0.1921311440928785,0.25758803361780996,0.27860689024282054,0.2315286657461673,0.2804593482436152
4,53,382,147|0|training,0,3,0.3563382585418879,0.41133281892859064,0.5652488279438738,0.32517261118927315,0.2880665165583368,0.26737236730046493
4,53,383,148|0|training,0,0,0.5929392116336225,0.5678314026611134,0.31167300732973585,0.4862102336681011,0.4986313381944594,0.520162763122267
4,53,384,149|0|training,0,3,0.32422380335309586,0.5154915502334929,0.33869224364647665,0.33896015550740105,0.2759979519364363,0.4231191403066682
4,53,385,150|0|training,0,1,0.46979454483450805,0.6483215920947718,0.6385528335514039,0.39896198188725474,0.36152773155485257,0.4050367293843879
4,53,386,151|0|training,0,1,0.5997103003615374,0.2908051868734676,0.5043525879198085,0.4573917068216012,0.4598990015053182,0.3761446433675305
4,53,387,152|0|training,0,1,0.289055014876565,0.23010853627868302,0.12493680526777809,0.1874625747962084,0.19600053684369056,0.09229449033754956
4,53,388,153|0|training,0,1,0.4068447628656696,0.17793677280517234,0.20094056732111967,0.4543237288010385,0.44039018551494413,0.39699702343747767
4,53,389,154|0|training,0,3,0.26652020531956727,0.3910759640482468,0.39279615162531306,0.2985690861136793,0.24373117263611543,0.3035720589272953
4,53,390,155|0|training,0,0,0.393985211334899,0.27375802890917106,0.5891533434202981,0.3724070320682217,0.3503229317780159,0.44206092922967793
4,53,391,156|0|training,0,3,0.4440373413343188,0.4038808411123557,0.3155686298503746,0.45658892349337243,0.4479660239155487,0.38896417756717844
4,53,392,157|0|training,0,2,0.5064585819524905,0.47363509394592423,0.5450388438036801,0.5318370513572992,0.5015906059650097,0.42302684248107075
4,53,393,158|0|training,0,3,0.40469051863734284,0.3177245566712406,0.25624132927640014,0.4445465958666237,0.3460188279992626,0.23005845146673085
4,53,394,159|0|training,0,4,0.4108694682824169,0.18837565073498413,0.353486117574258,0.4559359181737117,0.43055991465644095,0.3679993579436064
4,53,395,160|0|training,0,0,0.3964201636517276,0.7177658524901105,0.7041538396395863,0.40858729785224035,0.3494788116560139,0.6794097169923071
4,53,396,161|0|training,0,3,0.43945472608231356,0.47504003131433453,0.40497745145832936,0.32348890479176073,0.3456631754852691,0.39496610733684145
4,53,397,162|0|training,0,3,0.3885147878112675,0.49925254057213214,0.3327163037833944,0.3118628465057467,0.2592219334038935,0.3857415975342787
4,53,398,163|0|training,0,0,0.3961999840701679,0.12119206705836492,0.29346206946166686,0.4169580399720382,0.37940402428815284,0.3938144092392008
4,53,399,164|0|training,0,3,0.24238736480559722,0.36452495591379674,0.23510940137353842,0.2710419897600461,0.20938481333375994,0.310966735124323
4,53,400,165|0|training,0,2,0.4776734981581593,0.17006403636344486,0.2607132581967049,0.4681651765368957,0.4501982079900425,0.3939292082809057
4,53,401,166|0|training,0,4,0.2798156864402538,0.1378328367586347,0.309960376047784,0.21945688808230118,0.18545653947485682,0.24305413246270066
4,53,402,167|0|training,0,4,0.2533394284876353,0.11863676961682275,0.1764439864719988,0.26558638044391464,0.20411394983349793,0.16192901827531772
4,53,403,168|0|training,0,1,0.26685461421255496,0.18520431456471867,0.22560598924128208,0.3849784657692067,0.3452949995158707,0.4253887514823147
4,53,404,169|0|training,0,4,0.3393961070846248,0.47607180026427964,0.2245849608763558,0.2852082735056481,0.3011308664145319,0.3380527493197915
4,53,405,170|0|training,0,3,0.3297071428973934,0.29698007754285055,0.16552038939961283,0.39253542557236243,0.28834409361023206,0.24034759450814097
4,53,406,171|0|training,0,4,0.3198154749126558,0.10110521287307934,0.19697822026310838,0.3726038803341829,0.31801565071983773,0.30957506266463486
4,53,407,172|0|training,0,2,0.27539926128745923,0.2573758224878033,0.40094638367302915,0.2840192084809279,0.2659710419624505,0.4122969064171402
4,53,408,173|0|training,0,0,0.4576867564727668,0.25814291190814537,0.3509237295799806,0.4489045861396486,0.43983966601501767,0.478224865843322
4,53,409,174|0|training,0,0,0.44213589900618233,0.7475897265449039,0.46596233920999014,0.46137460312874307,0.4137255121071783,0.4681282978473593
4,53,410,175|0|training,0,1,0.34050186533905175,0.18325407330148277,0.4012535721846818,0.30015037618776674,0.2440020450338459,0.2965227029441072
4,53,411,176|0|training,0,2,0.35713258385190944,0.3525750766047761,0.5070439467837593,0.3972248872389651,0.3436882114405704,0.5038342914440986
4,53,412,177|0|training,0,4,0.3751673690527325,0.6068815186469564,0.6000187300891905,0.28569428755953785,0.2568565784063246,0.4356617401250037
4,53,413,178|0|training,0,0,0.25227453182395415,0.08805577168478411,0.16665956997073605,0.26937505439489673,0.23084940341252402,0.2610147190738176
4,53,414,179|0|training,0,1,0.32893306111583237,0.19320501772519155,0.2446747904681853,0.365929619068533,0.33447725938133205,0.3226783494556257
4,53,415,180|0|training,0,3,0.32139822651345096,0.24580885238241232,0.1518307322464538,0.2779435858363761,0.21909756074865602,0.2014424422593641
4,53,416,181|0|training,0,1,0.4974564652906825,0.5866133504574146,0.3784640922194657,0.5096555332739051,0.5051872694138402,0.5283711326033358
4,53,417,182|0|training,0,1,0.5393860198831992,0.7840774505181612,0.6519972469098441,0.44545541220914664,0.38985287453281525,0.5193390737448911
4,53,418,183|0|training,0,2,0.4556230186485618,0.305909505068028,0.5894400474513031,0.47206183978945576,0.45618210674278226,0.5403098939700679
4,53,419,184|0|training,0,2,0.44217315932774914,0.3998925382896536,0.5382824080959093,0.45686084304266106,0.43039778213555724,0.43365202407156617
4,53,420,185|0|training,0,3,0.29089485411135857,0.3004064182910271,0.22797183929425907,0.2674506991696676,0.22500216252654864,0.20779664438199713
4,53,421,186|0|training,0,4,0.36607250460924445,0.249235825647848,0.7223832900066711,0.4507255259136985,0.48185392972350355,0.5471370418767779
4,53,422,187|0|training,0,2,0.4287166646799979,0.22515346422115642,0.2211076148750335,0.36338901600812235,0.304209507631513,0.37658634519220535
4,53,423,188|0|training,0,3,0.4390456880303111,0.2951286622129304,0.5737939001752951,0.5104686125119977,0.5047925052425801,0.5067655751663397
4,53,424,189|0|training,0,2,0.4701933735402516,0.3476807558879618,0.44416986122357704,0.47393887785743183,0.4687337071728134,0.4168777287232886
4,53,425,190|0|training,0,0,0.35592462400139263,0.12242924317466033,0.2527489792334773,0.46072193603530737,0.3852277218878289,0.3453882973441198
4,53,426,191|0|training,0,3,0.3876114031135509,0.5596053038013674,0.6558741143549176,0.4325696455033514,0.4557366123657964,0.33840317019278077
4,53,427,192|0|training,0,2,0.3460014059244498,0.2174395669680245,0.231554306143956,0.4134454091007855,0.3655837869317915,0.2692707014406022
4,53,428,193|0|training,0,1,0.5549554475485438,0.6265191739398781,0.5619112731691995,0.5206484913573073,0.5344985486098498,0.6370690967731368
4,53,429,194|0|training,0,1,0.4214723934308312,0.4726174323461429,0.4255030565934183,0.43210497698691835,0.3925865304299015,0.44568587894626827
4,53,430,195|0|training,0,0,0.4118209245606669,0.16646118282422903,0.49672956868726725,0.4665066043317494,0.42681729729931217,0.5262876501522215
4,53,431,196|0|training,0,4,0.4940967282467656,0.6525695521648901,0.3480395745377174,0.43804088465991736,0.46947311867521674,0.5541771290449139
4,53,432,197|0|training,0,4,0.5073346696220673,0.569506689459475,0.6461888323951603,0.46942964845880025,0.5592130941213729,0.5670431202819339
4,53,433,198|0|training,0,3,0.33106650590130193,0.33045886987466305,0.23774589215947006,0.4618586680444248,0.39388975938405457,0.26724087793409423
4,53,434,199|0|training,0,1,0.4599218233722836,0.20989884415039253,0.22689440628762556,0.43839774902419065,0.4393426261057263,0.38223331525785725
4,53,435,200|0|training,0,1,0.335065691498503,0.573165882670575,0.2927708242887604,0.29138195527330457,0.2406910377503545,0.376872074318913
4,53,436,201|0|training,0,1,0.3210689533420617,0.22216712825147794,0.17222762048258453,0.30569789335100156,0.29036193593011855,0.3205475349389006
4,53,437,202|0|training,0,2,0.5366636203219142,0.4874328796644187,0.5836836478254536,0.5641235979281585,0.6561512661643563,0.6208736077893139
4,53,438,203|0|training,0,2,0.42582011373481954,0.30068548146298957,0.3974294314339375,0.4344331915545295,0.4510615714814787,0.33134703563063056
4,53,439,204|0|training,0,3,0.3150750844443799,0.19936928086939926,0.18681023220854906,0.2825411814574046,0.2074039920425847,0.2605232257929288
4,53,440,205|0|training,0,3,0.4165071596671667,0.4463855995803538,0.4061374675449549,0.380934203847538,0.315947748974166,0.34386996798498726
4,53,441,206|0|training,0,2,0.5782806465349667,0.5326472438616419,0.5512976839790744,0.44495347015835374,0.4358093824982213,0.6214751841303218
4,53,442,207|0|training,0,0,0.4646442522113429,0.30277827858247586,0.5290863176544054,0.4587073643477448,0.4273821478180763,0.4313671807645325
4,53,443,208|0|training,0,0,0.4560505990847362,0.7141282941961181,0.4752795887755837,0.5043531240134059,0.41927898585234386,0.46513431353533136
4,53,444,209|0|training,0,4,0.5004924954220746,0.8105156702589803,0.7702025095402535,0.5590948372552612,0.5617793760537454,0.6145824283851815
4,53,445,210|0|training,0,2,0.45726485047762083,0.4574659918122465,0.2996403000988921,0.4958404175036938,0.47484447643205246,0.43881763093319215
4,53,446,211|0|training,0,2,0.4964652541896151,0.20617565482429942,0.3569781624269106,0.3730650939501201,0.3287123739778781,0.662153157772845
4,53,447,212|0|training,0,2,0.5163956696386376,0.20918966983964762,0.23228128073745277,0.39146952962654963,0.37241992484592096,0.4325189791005569
4,53,448,213|0|training,0,1,0.3721600233514424,0.15803857894181142,0.1854866329745403,0.37735829002953186,0.3659329102906778,0.2637383129269439
4,53,449,214|0|training,0,4,0.4057201426742988,0.09099479534331374,0.1969707587282169,0.3942383363793607,0.3541195428101048,0.33565675581258275
4,53,450,215|0|training,0,1,0.549644008734116,0.6068331966729933,0.5931246004489311,0.5109105261479422,0.5299638573576249,0.5645856940330523
4,53,451,216|0|training,0,4,0.3567997431840797,0.2570370403686398,0.44310352052051966,0.4606935279141752,0.4129552711480019,0.44338551970185097
4,53,452,217|0|training,0,3,0.5776279378328909,0.6442787786118093,0.5053333114381612,0.5131829679947166,0.5587836429012706,0.6080450925567578
4,53,453,218|0|training,0,4,0.5191135462299514,0.5003795925604204,0.3593420667526565,0.4211684812049009,0.4944910946349309,0.568426063018069
4,53,454,219|0|training,0,0,0.5189812964058033,0.702771887269797,0.42230572144375766,0.42433269969074644,0.4207822968500638,0.5350634413261599
4,53,455,220|0|training,0,1,0.2882751783041948,0.15530191255460224,0.21275295385138915,0.31531268756356007,0.21329153410130006,0.23411549782106217
4,53,456,221|0|training,0,1,0.3026987589368583,0.14682233743702616,0.16807840644400357,0.3148902592622699,0.21921779486831386,0.19107073905131738
4,53,457,222|0|training,0,0,0.5534895738688697,0.683249518484731,0.5919544426224255,0.5270539497777964,0.5321740696380305,0.4274385283128386
4,53,458,223|0|training,0,2,0.3133979279777639,0.12676455082027788,0.12401397158640727,0.30797549209149166,0.2686780161864166,0.17022439169497722
4,53,459,224|0|training,0,4,0.5644680901191581,0.6559565566586161,0.6925328516591488,0.34008913039028665,0.38543364383427847,0.4473557799689015
4,53,460,225|0|training,0,1,0.5157467033052548,0.3895869475404778,0.377761495117291,0.5093053490884905,0.4519318262063595,0.43980866454562445
4,53,461,226|0|training,0,0,0.39374027652039334,0.12238057480461537,0.2082363686838441,0.504865004020929,0.44133393500649054,0.4464111521151224
4,53,462,227|0|training,0,0,0.4316795768681404,0.16056697272512915,0.46188383023010293,0.4825514223436268,0.474869499479785,0.4357977202714806
4,53,463,228|0|training,0,4,0.5749521667964765,0.7432210196964987,0.6326321080497381,0.5478776133647129,0.5906399949004357,0.5545879835559478
4,53,464,229|0|training,0,3,0.5346200413484914,0.6595092147433484,0.7789119647993746,0.6525898361319578,0.6425456875648732,0.7125997431457101
4,53,465,230|0|training,0,3,0.49787792186115676,0.5319619625278997,0.4540995519547119,0.47103576768680994,0.4483379902739303,0.42680647666788957
4,53,466,231|0|training,0,0,0.563985554932651,0.5682879674358808,0.5757779432691916,0.4392518047269702,0.46829612723698044,0.6289899118611605
4,53,467,232|0|training,0,0,0.4696153730230517,0.5050511835017799,0.39258536958950824,0.508394251038772,0.5160296881826262,0.5475200158453983
4,53,468,233|0|training,0,4,0.40891052473164724,0.16183443404531997,0.24792311978182954,0.3554855443261018,0.27570517679223727,0.30935430780326373
4,53,469,234|0|training,0,0,0.453793144045877,0.1768165015409446,0.27102523882879526,0.5429024640892613,0.5514389930475649,0.6191037698914964
4,53,470,235|0|training,0,4,0.5103963004806884,0.29507890813806265,0.6801009448708096,0.4521965889714411,0.5313073959286302,0.5342227978146402
4,53,471,236|0|training,0,3,0.4444488493754809,0.44375836055176027,0.41048408503823647,0.4296596598670879,0.4369001574964288,0.349759736195764
